股票代码,名字,筛选日期,模拟买入日期,模拟卖出日期,区间涨跌幅(%),估算净收益(%),题材
000767.SZ,晋控电力,20260506,20260507,20260521,8.128078817733986,7.728078817733985,电力、年报增长
300834.SZ,星辉环材,20260507,20260508,20260522,8.049079754601228,7.649079754601229,股权转让、化工
000720.SZ,新能泰山,20260508,20260511,20260525,-13.34488734835354,-13.74488734835354,光纤概念、房地产
600488.SH,津药药业,20260511,20260512,20260526,-22.10526315789475,-22.50526315789475,创新药、股权转让
600664.SH,哈药股份,20260511,20260512,20260526,-13.959390862944163,-14.359390862944164,医药、流感
688295.SH,中复神鹰,20260511,20260512,20260526,-15.23111016173856,-15.63111016173856,碳纤维、化工
600032.SH,浙江新能,20260512,20260513,20260527,-18.14159292035399,-18.541592920353988,绿色电力、电力
002454.SZ,松芝股份,20260513,20260514,20260528,-18.664369201593622,-19.06436920159362,年报增长、汽车热管理
002051.SZ,中工国际,20260520,20260521,20260604,-0.0895255147717044,-0.4895255147717045,基础建设、一带一路
002685.SZ,华东重机,20260520,20260521,20260604,-22.065217391304337,-22.465217391304336,芯片、算力
301419.SZ,阿莱德,20260522,20260525,20260608,17.507432947955735,17.107432947955736,光模块、通信
600433.SH,冠豪高新,20260526,20260527,20260610,-22.41758241758243,-22.81758241758243,包装印刷、一季报增长
000402.SZ,金融街,20260529,20260601,20260615,-10.932475884244374,-11.332475884244374,房地产、地产链
002081.SZ,金螳螂,20260529,20260601,20260615,-17.17661866425141,-17.57661866425141,商业航天、地产链
002824.SZ,和胜股份,20260529,20260601,20260615,8.274517614556286,7.874517614556287,固态电池、比亚迪产业链
002647.SZ,仁东控股,20260601,20260602,20260616,-10.230769230769232,-10.630769230769232,算力、超跌
603399.SH,永杉锂业,20260601,20260602,20260616,12.024269167126311,11.624269167126313,锂矿、文化传媒
001223.SZ,欧克科技,20260603,20260604,20260618,11.780277961614829,11.380277961614826,隔膜、锂电池
601609.SH,金田股份,20260603,20260604,20260618,-7.394250721924744,-7.794250721924745,机器人概念、金属铜
002132.SZ,恒星科技,20260604,20260605,20260622,-4.945054945054938,-5.3450549450549385,机器人概念、化工
002971.SZ,和远气体,20260604,20260605,20260622,86.45428645428643,86.05428645428643,电子气体、化工
300657.SZ,弘信电子,20260604,20260605,20260622,7.621247113163987,7.221247113163987,算力、印制电路板
688126.SH,沪硅产业,20260604,20260605,20260622,17.52468265162201,17.124682651622013,芯片、存储
688549.SH,中巨芯,20260604,20260605,20260622,124.32258064516132,123.92258064516132,氢氟酸、化工
002254.SZ,泰和新材,20260605,20260608,20260623,17.67041694242224,17.27041694242224,光纤概念、通信
300083.SZ,创世纪,20260605,20260608,20260623,12.787212787212775,12.387212787212777,液冷、算力
003026.SZ,中晶科技,20260609,20260610,20260625,10.685249709639976,10.285249709639976,芯片、浙江
688006.SH,杭可科技,20260609,20260610,20260625,14.608695652173909,14.208695652173908,半导体设备、锂电设备
688478.SH,晶升股份,20260609,20260610,20260625,36.516149263091854,36.116149263091856,碳化硅、芯片
688584.SH,上海合晶,20260609,20260610,20260625,6.607142857142856,6.2071428571428555,芯片、科创板
002409.SZ,雅克科技,20260610,20260611,20260626,42.60814450958645,42.208144509586454,存储、大基金二期
002407.SZ,多氟多,20260611,20260612,20260629,20.157894736842103,19.757894736842108,氢氟酸、电解液
300263.SZ,隆华科技,20260611,20260612,20260629,2.754644458680322,2.354644458680322,靶材、OLED
603120.SH,肯特催化,20260611,20260612,20260629,-4.359925788497221,-4.759925788497221,光刻胶、化工
688362.SH,甬矽电子,20260611,20260612,20260629,22.090909090909093,21.690909090909095,先进封装、扇出型封装
600601.SH,方正科技,20260612,20260615,20260630,-2.558139534883719,-2.9581395348837187,印制电路板、通信
600962.SH,国投中鲁,20260612,20260615,20260630,9.131736526946122,8.731736526946122,并购重组、国有企业
002301.SZ,齐心集团,20260615,20260616,20260701,-10.384447373051652,-10.784447373051654,文创产品、算力
003022.SZ,联泓新科,20260615,20260616,20260701,-5.321100917431187,-5.721100917431188,电子气体、光伏胶膜
603125.SH,常青科技,20260615,20260616,20260701,30.2183071620069,29.818307162006903,化工、光刻胶
603290.SH,斯达半导,20260615,20260616,20260701,32.56927813889838,32.169278138898385,IGBT、碳化硅
603726.SH,朗迪集团,20260615,20260616,20260701,23.07681300123343,22.67681300123343,芯片、消费电子
688069.SH,德林海,20260615,20260616,20260701,-12.321051396385815,-12.721051396385818,股权转让、人工智能
688603.SH,天承科技,20260615,20260616,20260701,5.9065617024605555,5.506561702460555,玻璃基板、印制电路板
001266.SZ,宏英智能,20260616,20260617,20260702,-7.95631825273011,-8.35631825273011,液冷、算力
002158.SZ,汉钟精机,20260616,20260617,20260702,16.047745358090168,15.64774535809017,半导体设备、压缩机
002635.SZ,安洁科技,20260616,20260617,20260702,29.868708971553584,29.468708971553585,机器人概念、消费电子
688182.SH,灿勤科技,20260616,20260617,20260702,7.290364272368399,6.890364272368399,元器件、通信
000672.SZ,上峰水泥,20260617,20260618,20260703,12.559117183394642,12.159117183394642,芯片、基础建设
001223.SZ,欧克科技,20260617,20260618,20260703,-16.123939214525365,-16.523939214525363,隔膜、锂电池
002156.SZ,通富微电,20260617,20260618,20260703,1.0150768771458596,0.6150768771458596,先进封装、扇出型封装
002185.SZ,华天科技,20260617,20260618,20260703,5.077720207253877,4.677720207253877,先进封装、玻璃基板
002745.SZ,木林森,20260617,20260618,20260703,3.568320278503045,3.168320278503045,Mini/Micro、面板
002979.SZ,雷赛智能,20260617,20260618,20260703,24.70862470862469,24.30862470862469,机器人概念、工业机器人
300939.SZ,秋田微,20260617,20260618,20260703,-11.363309869271644,-11.763309869271644,面板、智能驾驶
301028.SZ,鼎熔岩,20260617,20260618,20260703,-4.809843400447422,-5.209843400447422,专用设备、新型工业化
688055.SH,龙腾光电,20260617,20260618,20260703,2.8037383177570208,2.403738317757021,Mini/Micro、面板
300632.SZ,光莆股份,20260618,20260622,20260706,-21.99380839660756,-22.39380839660756,光模块、通信
601609.SH,金田股份,20260618,20260622,20260706,-12.913143735588008,-13.313143735588008,机器人概念、金属铜
603119.SH,浙江荣泰,20260618,20260622,20260706,-1.869778543959688,-2.269778543959688,机器人概念、汽车零部件
688512.SH,慧智微,20260618,20260622,20260706,-3.2679738562091503,-3.66797385620915,芯片、通信
688699.SH,明微电子,20260618,20260622,20260706,5.35144877304865,4.95144877304865,芯片、一季报增长
300878.SZ,维康药业,20260622,20260623,20260707,-3.1597425394967797,-3.5597425394967797,创新药、中药
300907.SZ,康平科技,20260622,20260623,20260707,10.323886639676116,9.923886639676116,机器人概念、智能电网
000518.SZ,四环生物,20260623,20260624,20260708,7.575757575757569,7.175757575757569,医药、病毒防治
301020.SZ,密封科技,20260623,20260624,20260708,-19.588414634146336,-19.988414634146334,汽车零部件、股权转让
301379.SZ,天山电子,20260623,20260624,20260708,28.065395095367847,27.66539509536785,存储、芯片
600360.SH,华微电子,20260623,20260624,20260708,15.413533834586458,15.013533834586458,IGBT、先进封装
600719.SH,大连热电,20260623,20260624,20260708,-24.49596774193549,-24.89596774193549,电力、热力
300083.SZ,创世纪,20260624,20260625,20260709,0.1544401544401719,-0.2455598455598281,液冷、算力
688449.SH,联芸科技,20260624,20260625,20260709,-9.541176470588244,-9.941176470588244,存储、芯片
603120.SH,肯特催化,20260701,20260702,20260716,-13.696484510964146,-14.096484510964146,化工、芯片
000700.SZ,模塑科技,20260702,20260703,20260717,-16.977611940298512,-17.37761194029851,机器人概念、汽车类
601101.SH,昊华能源,20260706,20260707,20260721,-13.646877409406333,-14.046877409406331,煤炭、动力煤
603990.SH,麦迪科技,20260706,20260707,20260721,-21.826965305226175,-22.226965305226177,机器人概念、医美
002137.SZ,实益达,20260707,20260708,20260722,-39.2274678111588,-39.6274678111588,腾讯概念、先进封装
000100.SZ,TCL科技,20260721,20260722,20260805,-9.35114503816794,-9.75114503816794,面板、Mini/Micro
600267.SH,海正药业,20260804,20260805,20260819,16.086235489220567,15.686235489220568,创新药、中报增长
603519.SH,立霸股份,20260804,20260805,20260819,-3.535353535353536,-3.935353535353536,股权转让、芯片
000938.SZ,紫光股份,20260805,20260806,20260820,-2.1938350458206135,-2.5938350458206134,交换机、液冷
002841.SZ,视源股份,20260805,20260806,20260820,3.1262939958592195,2.7262939958592196,机器人概念、AI办公
002674.SZ,兴业科技,20260806,20260807,20260821,-3.545611015490535,-3.945611015490535,磷化铟、并购重组
002422.SZ,科伦药业,20260807,20260810,20260824,-3.025718608169448,-3.425718608169448,创新药、仿制药
002653.SZ,海思科,20260807,20260810,20260824,-7.804068078040682,-8.204068078040683,医药、人工智能
603669.SH,灵康药业,20260807,20260810,20260824,-11.520000000000008,-11.920000000000009,创新药、CRO
688710.SH,益诺思,20260807,20260810,20260824,3.881987577639756,3.4819875776397557,创新药、CRO
002396.SZ,星网锐捷,20260813,20260814,20260828,1.9607843137254832,1.560784313725483,交换机、CPO/MPO
688237.SH,超卓航科,20260814,20260817,20260831,-8.852459016393444,-9.252459016393445,军工、成飞概念
603519.SH,立霸股份,20260820,20260821,20260904,-5.081669691470059,-5.481669691470059,股权转让、芯片
300214.SZ,日科化学,20260828,20260831,20260914,-21.31147540983607,-21.71147540983607,电解液、算力
