trade_date,mkt_weather_label,mkt_hit,mkt_cont,mkt_act,mkt_borderline_hint,mkt_borderline_details_json
2025-01-10,暴雨,100.0,37.5,0.0,临界：延续 37.5，再高 2.5 至40即雷阵雨,"[{""reading"":""cont"",""value"":37.5,""threshold"":40.0,""distance"":2.5,""direction"":""up"",""other_weather"":""thunder"",""other_weather_reason"":""""}]"
2025-01-13,暴雨,99.3340129447318,37.99654810780426,22.640480722891326,临界：延续 38.0，再高 2.0 至40即雷阵雨,"[{""reading"":""cont"",""value"":37.99654810780426,""threshold"":40.0,""distance"":2.0034518921957414,""direction"":""up"",""other_weather"":""thunder"",""other_weather_reason"":""""}]"
2025-01-17,雷阵雨,88.2202095717053,42.99476803952733,33.69089743981351,临界：延续 43.0，低于40即暴雨（距 2.9948 分）,"[{""reading"":""cont"",""value"":42.99476803952733,""threshold"":40.0,""distance"":2.9947680395273295,""direction"":""down"",""other_weather"":""storm"",""other_weather_reason"":""""}]"
2025-01-23,雷阵雨,93.08231096964046,40.97739751772764,41.068232514711596,临界：延续 41.0，低于40即暴雨（距 1.0 分）,"[{""reading"":""cont"",""value"":40.97739751772764,""threshold"":40.0,""distance"":0.9773975177276384,""direction"":""down"",""other_weather"":""storm"",""other_weather_reason"":""""}]"
2025-01-24,晴,58.31229556823174,80.70186525155032,62.89527974183372,临界：挨打 58.3，再高 1.7 至60即雷阵雨,"[{""reading"":""hit"",""value"":58.31229556823174,""threshold"":60.0,""distance"":1.6877044317682603,""direction"":""up"",""other_weather"":""thunder"",""other_weather_reason"":""""}]"
2025-02-14,晴,58.724653066163036,87.23606389788418,75.91747673944478,临界：挨打 58.7，再高 1.3 至60即雷阵雨,"[{""reading"":""hit"",""value"":58.724653066163036,""threshold"":60.0,""distance"":1.275346933836964,""direction"":""up"",""other_weather"":""thunder"",""other_weather_reason"":""""}]"
2025-03-25,暴雨,61.606390687892294,7.944858935238561,16.500061140265622,临界：挨打 61.6，低于60即阴（距 1.6 分）,"[{""reading"":""hit"",""value"":61.606390687892294,""threshold"":60.0,""distance"":1.6063906878922936,""direction"":""down"",""other_weather"":""overcast"",""other_weather_reason"":""""}]"
2025-04-01,多云,45.90497826224495,29.334883757475115,35.21756699429144,临界：活跃 35.2，低于35即阴（距 0.2 分）,"[{""reading"":""act"",""value"":35.21756699429144,""threshold"":35.0,""distance"":0.21756699429143822,""direction"":""down"",""other_weather"":""overcast"",""other_weather_reason"":""""}]"
2025-04-02,暴雨,62.53814088858196,10.28237767519846,15.803236524953377,临界：挨打 62.5，低于60即阴（距 2.5 分）,"[{""reading"":""hit"",""value"":62.53814088858196,""threshold"":60.0,""distance"":2.5381408885819567,""direction"":""down"",""other_weather"":""overcast"",""other_weather_reason"":""""}]"
2025-04-18,暴雨,76.28104797598891,37.66573989659205,23.042385594780818,临界：延续 37.7，再高 2.3 至40即雷阵雨,"[{""reading"":""cont"",""value"":37.66573989659205,""threshold"":40.0,""distance"":2.3342601034079493,""direction"":""up"",""other_weather"":""thunder"",""other_weather_reason"":""""}]"
2025-05-16,雷阵雨,60.179636689504036,61.12981819208207,41.86688070312851,临界：挨打 60.2，低于60即晴（距 0.2 分）,"[{""reading"":""hit"",""value"":60.179636689504036,""threshold"":60.0,""distance"":0.17963668950403644,""direction"":""down"",""other_weather"":""sunny"",""other_weather_reason"":""""}]"
2025-05-21,阴,36.765370293408736,43.854874623941555,32.287968364180564,临界：活跃 32.3，再高 2.7 至35即多云,"[{""reading"":""act"",""value"":32.287968364180564,""threshold"":35.0,""distance"":2.712031635819436,""direction"":""up"",""other_weather"":""cloudy"",""other_weather_reason"":""""}]"
2025-05-22,暴雨,60.9920672809735,12.651206394425195,12.08712580293431,临界：挨打 61.0，低于60即阴（距 1.0 分）,"[{""reading"":""hit"",""value"":60.9920672809735,""threshold"":60.0,""distance"":0.9920672809735009,""direction"":""down"",""other_weather"":""overcast"",""other_weather_reason"":""""}]"
2025-06-06,晴,32.71742794435333,52.16918100830074,37.99538714998874,临界：延续 52.2，低于50即多云（距 2.2 分）,"[{""reading"":""cont"",""value"":52.16918100830074,""threshold"":50.0,""distance"":2.1691810083007397,""direction"":""down"",""other_weather"":""cloudy"",""other_weather_reason"":""""}]"
2025-06-09,晴,3.5722034364562707,51.876468885476655,74.86707791278604,临界：延续 51.9，低于50即多云（距 1.9 分）,"[{""reading"":""cont"",""value"":51.876468885476655,""threshold"":50.0,""distance"":1.8764688854766547,""direction"":""down"",""other_weather"":""cloudy"",""other_weather_reason"":""""}]"
2025-06-17,阴,38.88593659761446,0.0,34.395709176405454,临界：活跃 34.4，再高 0.6 至35即多云,"[{""reading"":""act"",""value"":34.395709176405454,""threshold"":35.0,""distance"":0.6042908235945461,""direction"":""up"",""other_weather"":""cloudy"",""other_weather_reason"":""""}]"
2025-07-11,多云,37.528776053390104,49.930990694523175,70.45662921260976,临界：延续 49.9，再高 0.1 至50即晴,"[{""reading"":""cont"",""value"":49.930990694523175,""threshold"":50.0,""distance"":0.06900930547682549,""direction"":""up"",""other_weather"":""sunny"",""other_weather_reason"":""""}]"
2025-07-14,多云,58.436918946569364,19.997593798903345,59.002825608624555,临界：挨打 58.4，再高 1.6 至60即暴雨,"[{""reading"":""hit"",""value"":58.436918946569364,""threshold"":60.0,""distance"":1.5630810534306363,""direction"":""up"",""other_weather"":""storm"",""other_weather_reason"":""""}]"
2025-07-31,雷阵雨,62.11910216364842,68.51439994425377,38.34973785354599,临界：挨打 62.1，低于60即晴（距 2.1 分）,"[{""reading"":""hit"",""value"":62.11910216364842,""threshold"":60.0,""distance"":2.119102163648421,""direction"":""down"",""other_weather"":""sunny"",""other_weather_reason"":""""}]"
2025-08-01,多云,56.546945690749006,3.945375144676942,37.2274400795411,临界：活跃 37.2，低于35即阴（距 2.2 分）,"[{""reading"":""act"",""value"":37.2274400795411,""threshold"":35.0,""distance"":2.227440079541097,""direction"":""down"",""other_weather"":""overcast"",""other_weather_reason"":""""}]"
2025-10-13,多云,29.66823764234656,16.442318576820742,35.41473146100892,临界：活跃 35.4，低于35即阴（距 0.4 分）,"[{""reading"":""act"",""value"":35.41473146100892,""threshold"":35.0,""distance"":0.41473146100891967,""direction"":""down"",""other_weather"":""overcast"",""other_weather_reason"":""""}]"
2025-10-14,阴,18.354192169384163,14.211319392946535,32.7284003189081,临界：活跃 32.7，再高 2.3 至35即多云,"[{""reading"":""act"",""value"":32.7284003189081,""threshold"":35.0,""distance"":2.2715996810918995,""direction"":""up"",""other_weather"":""cloudy"",""other_weather_reason"":""""}]"
2025-10-30,阴,47.40547397398281,38.50681749499523,34.66827683303154,临界：活跃 34.7，再高 0.3 至35即多云,"[{""reading"":""act"",""value"":34.66827683303154,""threshold"":35.0,""distance"":0.3317231669684588,""direction"":""up"",""other_weather"":""cloudy"",""other_weather_reason"":""""}]"
2025-11-10,多云,20.389078107500566,49.71158204995527,65.47485794198943,临界：延续 49.7，再高 0.3 至50即晴,"[{""reading"":""cont"",""value"":49.71158204995527,""threshold"":50.0,""distance"":0.2884179500447317,""direction"":""up"",""other_weather"":""sunny"",""other_weather_reason"":""""}]"
2025-11-17,晴,58.927639890901055,100.0,56.70024713484949,临界：挨打 58.9，再高 1.1 至60即雷阵雨,"[{""reading"":""hit"",""value"":58.927639890901055,""threshold"":60.0,""distance"":1.0723601090989447,""direction"":""up"",""other_weather"":""thunder"",""other_weather_reason"":""""}]"
2025-11-19,雷阵雨,60.16582237831855,61.7106929592291,12.711906346185424,临界：挨打 60.2，低于60即晴（距 0.2 分）,"[{""reading"":""hit"",""value"":60.16582237831855,""threshold"":60.0,""distance"":0.16582237831855196,""direction"":""down"",""other_weather"":""sunny"",""other_weather_reason"":""""}]"
2025-11-25,晴,23.625471723488108,51.54118072968437,62.42890289373929,临界：延续 51.5，低于50即多云（距 1.5 分）,"[{""reading"":""cont"",""value"":51.54118072968437,""threshold"":50.0,""distance"":1.5411807296843705,""direction"":""down"",""other_weather"":""cloudy"",""other_weather_reason"":""""}]"
2025-12-03,雷阵雨,60.21914834072874,53.81661615358886,15.727863137245302,临界：挨打 60.2，低于60即晴（距 0.2 分）,"[{""reading"":""hit"",""value"":60.21914834072874,""threshold"":60.0,""distance"":0.21914834072873646,""direction"":""down"",""other_weather"":""sunny"",""other_weather_reason"":""""}]"
2025-12-16,阴,59.91359855616791,14.722124078451337,15.399757624555455,临界：挨打 59.9，再高 0.1 至60即暴雨,"[{""reading"":""hit"",""value"":59.91359855616791,""threshold"":60.0,""distance"":0.08640144383208792,""direction"":""up"",""other_weather"":""storm"",""other_weather_reason"":""""}]"
2025-12-19,晴,4.8271232769477,50.283505589602804,66.08638535364895,临界：延续 50.3，低于50即多云（距 0.3 分）,"[{""reading"":""cont"",""value"":50.283505589602804,""threshold"":50.0,""distance"":0.2835055896028038,""direction"":""down"",""other_weather"":""cloudy"",""other_weather_reason"":""""}]"
2025-12-22,晴,37.207915191399124,52.18430596307455,65.97566534950697,临界：延续 52.2，低于50即多云（距 2.2 分）,"[{""reading"":""cont"",""value"":52.18430596307455,""threshold"":50.0,""distance"":2.18430596307455,""direction"":""down"",""other_weather"":""cloudy"",""other_weather_reason"":""""}]"
2025-12-23,晴,57.9882106863155,95.2856110519891,37.8814506544694,临界：挨打 58.0，再高 2.0 至60即雷阵雨,"[{""reading"":""hit"",""value"":57.9882106863155,""threshold"":60.0,""distance"":2.0117893136845026,""direction"":""up"",""other_weather"":""thunder"",""other_weather_reason"":""""}]"
2026-01-05,多云,58.24267106785303,41.20481176684055,98.78408641364233,临界：挨打 58.2，再高 1.8 至60即雷阵雨,"[{""reading"":""hit"",""value"":58.24267106785303,""threshold"":60.0,""distance"":1.7573289321469687,""direction"":""up"",""other_weather"":""thunder"",""other_weather_reason"":""""}]"
2026-01-14,晴,17.262521364717763,50.62212473432163,84.99538980834174,临界：延续 50.6，低于50即多云（距 0.6 分）,"[{""reading"":""cont"",""value"":50.62212473432163,""threshold"":50.0,""distance"":0.6221247343216305,""direction"":""down"",""other_weather"":""cloudy"",""other_weather_reason"":""""}]"
2026-01-27,多云,13.292877614836382,27.008268303522108,36.23544805741459,临界：活跃 36.2，低于35即阴（距 1.2 分）,"[{""reading"":""act"",""value"":36.23544805741459,""threshold"":35.0,""distance"":1.2354480574145867,""direction"":""down"",""other_weather"":""overcast"",""other_weather_reason"":""""}]"
2026-02-05,阴,58.35611712360132,0.1041574910923004,6.7310381857221095,临界：挨打 58.4，再高 1.6 至60即暴雨,"[{""reading"":""hit"",""value"":58.35611712360132,""threshold"":60.0,""distance"":1.6438828763986777,""direction"":""up"",""other_weather"":""storm"",""other_weather_reason"":""""}]"
2026-02-11,暴雨,61.72915196149652,12.70830559038833,15.382508470348768,临界：挨打 61.7，低于60即阴（距 1.7 分）,"[{""reading"":""hit"",""value"":61.72915196149652,""threshold"":60.0,""distance"":1.7291519614965196,""direction"":""down"",""other_weather"":""overcast"",""other_weather_reason"":""""}]"
2026-02-24,多云,57.76618343914619,28.201014151072997,60.98420204314172,临界：挨打 57.8，再高 2.2 至60即暴雨,"[{""reading"":""hit"",""value"":57.76618343914619,""threshold"":60.0,""distance"":2.2338165608538105,""direction"":""up"",""other_weather"":""storm"",""other_weather_reason"":""""}]"
2026-03-12,阴,15.871977730419419,13.211396705963892,32.23440228325577,临界：活跃 32.2，再高 2.8 至35即多云,"[{""reading"":""act"",""value"":32.23440228325577,""threshold"":35.0,""distance"":2.7655977167442316,""direction"":""up"",""other_weather"":""cloudy"",""other_weather_reason"":""""}]"
2026-03-13,阴,20.848474188602,38.07128939331258,34.82229987831479,临界：活跃 34.8，再高 0.2 至35即多云,"[{""reading"":""act"",""value"":34.82229987831479,""threshold"":35.0,""distance"":0.17770012168521276,""direction"":""up"",""other_weather"":""cloudy"",""other_weather_reason"":""""}]"
2026-03-18,多云,47.38505406228771,14.299197384263994,37.652448523012104,临界：活跃 37.7，低于35即阴（距 2.7 分）,"[{""reading"":""act"",""value"":37.652448523012104,""threshold"":35.0,""distance"":2.6524485230121044,""direction"":""down"",""other_weather"":""overcast"",""other_weather_reason"":""""}]"
2026-03-31,暴雨,61.86306366102396,0.0,13.246845551244984,临界：挨打 61.9，低于60即阴（距 1.9 分）,"[{""reading"":""hit"",""value"":61.86306366102396,""threshold"":60.0,""distance"":1.8630636610239577,""direction"":""down"",""other_weather"":""overcast"",""other_weather_reason"":""""}]"
2026-04-07,多云,23.71887163223178,47.656216107273664,57.361518745224345,临界：延续 47.7，再高 2.3 至50即晴,"[{""reading"":""cont"",""value"":47.656216107273664,""threshold"":50.0,""distance"":2.3437838927263357,""direction"":""up"",""other_weather"":""sunny"",""other_weather_reason"":""""}]"
2026-04-14,晴,4.799230752892946,52.5017679173763,64.59130933001646,临界：延续 52.5，低于50即多云（距 2.5 分）,"[{""reading"":""cont"",""value"":52.5017679173763,""threshold"":50.0,""distance"":2.5017679173762986,""direction"":""down"",""other_weather"":""cloudy"",""other_weather_reason"":""""}]"
2026-05-13,晴,5.0988833396249635,51.107608858631,86.38503002058405,临界：延续 51.1，低于50即多云（距 1.1 分）,"[{""reading"":""cont"",""value"":51.107608858631,""threshold"":50.0,""distance"":1.1076088586309965,""direction"":""down"",""other_weather"":""cloudy"",""other_weather_reason"":""""}]"
2026-05-26,阴,43.1355024405076,0.0,33.59858362202264,临界：活跃 33.6，再高 1.4 至35即多云,"[{""reading"":""act"",""value"":33.59858362202264,""threshold"":35.0,""distance"":1.4014163779773625,""direction"":""up"",""other_weather"":""cloudy"",""other_weather_reason"":""""}]"
2026-06-02,暴雨,60.42227175837124,0.0,26.05110712708625,临界：挨打 60.4，低于60即阴（距 0.4 分）,"[{""reading"":""hit"",""value"":60.42227175837124,""threshold"":60.0,""distance"":0.4222717583712381,""direction"":""down"",""other_weather"":""overcast"",""other_weather_reason"":""""}]"
2026-06-04,阴,24.8340459203938,2.8811473213963463,34.067158261109896,临界：活跃 34.1，再高 0.9 至35即多云,"[{""reading"":""act"",""value"":34.067158261109896,""threshold"":35.0,""distance"":0.9328417388901045,""direction"":""up"",""other_weather"":""cloudy"",""other_weather_reason"":""""}]"
2026-06-10,阴,57.115248309052824,0.0,28.2176445784459,临界：挨打 57.1，再高 2.9 至60即暴雨,"[{""reading"":""hit"",""value"":57.115248309052824,""threshold"":60.0,""distance"":2.8847516909471764,""direction"":""up"",""other_weather"":""storm"",""other_weather_reason"":""""}]"
2026-06-26,多云,57.07800107406493,37.43427493942799,45.26183300797176,临界：挨打 57.1，再高 2.9 至60即暴雨,"[{""reading"":""hit"",""value"":57.07800107406493,""threshold"":60.0,""distance"":2.921998925935071,""direction"":""up"",""other_weather"":""storm"",""other_weather_reason"":""""}]"
2026-07-15,多云,59.74322755444785,25.790338711680846,40.59818530680195,临界：挨打 59.7，再高 0.3 至60即暴雨,"[{""reading"":""hit"",""value"":59.74322755444785,""threshold"":60.0,""distance"":0.2567724455521514,""direction"":""up"",""other_weather"":""storm"",""other_weather_reason"":""""}]"
2026-07-21,暴雨,61.04911326714052,0.0,63.78603853727432,临界：挨打 61.0，低于60即多云（距 1.0 分）,"[{""reading"":""hit"",""value"":61.04911326714052,""threshold"":60.0,""distance"":1.0491132671405197,""direction"":""down"",""other_weather"":""cloudy"",""other_weather_reason"":""""}]"
2026-07-29,暴雨,61.64366080648343,32.7754979408709,57.32261456271324,临界：挨打 61.6，低于60即多云（距 1.6 分）,"[{""reading"":""hit"",""value"":61.64366080648343,""threshold"":60.0,""distance"":1.6436608064834317,""direction"":""down"",""other_weather"":""cloudy"",""other_weather_reason"":""""}]"
2026-08-05,晴,0.0,50.97222665903372,78.33439104706278,临界：延续 51.0，低于50即多云（距 1.0 分）,"[{""reading"":""cont"",""value"":50.97222665903372,""threshold"":50.0,""distance"":0.9722266590337227,""direction"":""down"",""other_weather"":""cloudy"",""other_weather_reason"":""""}]"
2026-08-13,晴,27.559009537765824,50.58419789160267,36.741906328700395,临界：延续 50.6，低于50即多云（距 0.6 分）,"[{""reading"":""cont"",""value"":50.58419789160267,""threshold"":50.0,""distance"":0.5841978916026704,""direction"":""down"",""other_weather"":""cloudy"",""other_weather_reason"":""""}]"
2026-08-21,暴雨,61.278166964312994,1.2863499800207805,21.68482742629662,临界：挨打 61.3，低于60即阴（距 1.3 分）,"[{""reading"":""hit"",""value"":61.278166964312994,""threshold"":60.0,""distance"":1.2781669643129945,""direction"":""down"",""other_weather"":""overcast"",""other_weather_reason"":""""}]"
2026-09-02,暴雨,61.980355769428336,35.587624920150766,7.106607862053664,临界：挨打 62.0，低于60即阴（距 2.0 分）,"[{""reading"":""hit"",""value"":61.980355769428336,""threshold"":60.0,""distance"":1.9803557694283356,""direction"":""down"",""other_weather"":""overcast"",""other_weather_reason"":""""}]"
2026-09-07,多云,3.2524577765843983,48.056615759668674,59.719727730695936,临界：延续 48.1，再高 1.9 至50即晴,"[{""reading"":""cont"",""value"":48.056615759668674,""threshold"":50.0,""distance"":1.9433842403313264,""direction"":""up"",""other_weather"":""sunny"",""other_weather_reason"":""""}]"
2026-09-09,阴,58.332171148891035,10.7700884034868,19.1589358584153,临界：挨打 58.3，再高 1.7 至60即暴雨,"[{""reading"":""hit"",""value"":58.332171148891035,""threshold"":60.0,""distance"":1.6678288511089647,""direction"":""up"",""other_weather"":""storm"",""other_weather_reason"":""""}]"
2026-09-17,阴,22.291994601854082,14.83802678578937,32.774546941966285,临界：活跃 32.8，再高 2.2 至35即多云,"[{""reading"":""act"",""value"":32.774546941966285,""threshold"":35.0,""distance"":2.2254530580337146,""direction"":""up"",""other_weather"":""cloudy"",""other_weather_reason"":""""}]"
2026-09-23,阴,59.906341388030924,9.023887986297948,24.48466500010721,临界：挨打 59.9，再高 0.1 至60即暴雨,"[{""reading"":""hit"",""value"":59.906341388030924,""threshold"":60.0,""distance"":0.09365861196907588,""direction"":""up"",""other_weather"":""storm"",""other_weather_reason"":""""}]"
2026-09-24,雷阵雨,78.89770096842878,42.49280311125703,10.813950267891961,临界：延续 42.5，低于40即暴雨（距 2.5 分）,"[{""reading"":""cont"",""value"":42.49280311125703,""threshold"":40.0,""distance"":2.4928031112570324,""direction"":""down"",""other_weather"":""storm"",""other_weather_reason"":""""}]"
