trade_date,mkt_index_sh_pct,mkt_index_sz_pct,mkt_index_cyb_pct
2025-01-02,-2.6614,-3.1355,-3.7894
2025-01-03,-1.5672,-1.8927,-2.1585
2025-01-06,-0.1403,-0.1158,-0.0882
2025-01-07,0.7085,1.1441,0.7034
2025-01-08,0.0162,-0.5412,-0.9818
2025-01-09,-0.5812,0.3154,0.1103
2025-01-10,-1.3349,-1.8049,-1.7584
2025-01-13,-0.2452,0.0024,0.3622
2025-01-14,2.5369,3.7667,4.7061
2025-01-15,-0.4265,-1.0333,-1.8221
2025-01-16,0.2763,0.4072,0.6584
2025-01-17,0.1789,0.5962,0.7763
2025-01-20,0.0789,0.9356,1.8117
2025-01-21,-0.0541,0.4807,0.3641
2025-01-22,-0.8943,-0.7745,-0.5376
2025-01-23,0.5147,-0.486,-0.3675
2025-01-24,0.6954,1.1454,1.3627
2025-01-27,-0.0623,-1.3278,-2.7344
2025-02-05,-0.6495,0.0803,-0.0435
2025-02-06,1.2749,2.257,2.8029
2025-02-07,1.0092,1.7546,2.5277
2025-02-10,0.5601,0.5223,0.4381
2025-02-11,-0.1238,-0.6925,-1.4261
2025-02-12,0.8538,1.4327,1.8129
2025-02-13,-0.4155,-0.7681,-0.7119
2025-02-14,0.4274,1.1559,1.7987
2025-02-17,0.2721,0.387,0.5108
2025-02-18,-0.9339,-1.6106,-1.9779
2025-02-19,0.8136,1.4636,2.0347
2025-02-20,-0.0226,0.2032,-0.0628
2025-02-21,0.8455,1.8234,2.513
2025-02-24,-0.1801,-0.0757,-0.6692
2025-02-25,-0.8001,-1.1704,-1.1321
2025-02-26,1.0213,0.9319,1.233
2025-02-27,0.2322,-0.2569,-0.5161
2025-02-28,-1.9824,-2.8942,-3.8164
2025-03-03,-0.1196,0.3614,1.2041
2025-03-04,0.2196,0.2802,-0.2935
2025-03-05,0.5341,0.2811,0.013
2025-03-06,1.171,1.7675,2.0237
2025-03-07,-0.253,-0.5048,-1.3148
2025-03-10,-0.1893,-0.1663,-0.2462
2025-03-11,0.406,0.3276,0.1888
2025-03-12,-0.2339,-0.1652,-0.579
2025-03-13,-0.3913,-0.9871,-1.1529
2025-03-14,1.8112,2.255,2.803
2025-03-17,0.192,-0.1866,-0.5205
2025-03-18,0.106,0.5195,0.6102
2025-03-19,-0.0971,-0.3241,-0.2826
2025-03-20,-0.5102,-0.9068,-1.0041
2025-03-21,-1.2942,-1.7642,-2.1706
2025-03-24,0.1545,0.0742,0.0128
2025-03-25,-0.0015,-0.4339,-0.3287
2025-03-26,-0.038,-0.0494,-0.2599
2025-03-27,0.15,0.2281,0.2427
2025-03-28,-0.6652,-0.5696,-0.7872
2025-03-31,-0.4643,-0.971,-1.1517
2025-04-01,0.3804,-0.0064,-0.0866
2025-04-02,0.0505,0.0901,0.1307
2025-04-03,-0.2423,-1.4019,-1.8636
2025-04-07,-7.3438,-9.6591,-12.501
2025-04-08,1.5815,0.6427,1.8319
2025-04-09,1.3117,1.2225,0.9805
2025-04-10,1.1556,2.2511,2.2693
2025-04-11,0.4526,0.8181,1.3598
2025-04-14,0.7591,0.507,0.3396
2025-04-15,0.1488,-0.2651,-0.13
2025-04-16,0.2553,-0.8457,-1.2065
2025-04-17,0.1324,-0.1604,0.0874
2025-04-18,-0.1101,0.2316,0.2721
2025-04-21,0.4487,1.2665,1.5856
2025-04-22,0.2529,-0.3581,-0.8171
2025-04-23,-0.1031,0.6661,1.075
2025-04-24,0.0283,-0.5785,-0.6826
2025-04-25,-0.0676,0.3922,0.5852
2025-04-28,-0.2017,-0.6238,-0.6537
2025-04-29,-0.0535,-0.0547,-0.13
2025-04-30,-0.232,0.5078,0.8327
2025-05-06,1.1309,1.8436,1.9702
2025-05-07,0.8007,0.2162,0.5085
2025-05-08,0.2791,0.9257,1.65
2025-05-09,-0.2982,-0.6946,-0.8714
2025-05-12,0.8152,1.7215,2.6318
2025-05-13,0.167,-0.1269,-0.1188
2025-05-14,0.8616,0.6429,1.0125
2025-05-15,-0.6794,-1.6203,-1.9152
2025-05-16,-0.3952,-0.0673,-0.1861
2025-05-19,0.0036,-0.0836,-0.328
2025-05-20,0.3829,0.7677,0.7725
2025-05-21,0.2099,0.4395,0.8265
2025-05-22,-0.218,-0.7247,-0.9598
2025-05-23,-0.9413,-0.8533,-1.1765
2025-05-26,-0.0458,-0.4071,-0.8034
2025-05-27,-0.1838,-0.6149,-0.679
2025-05-28,-0.0226,-0.2577,-0.3143
2025-05-29,0.704,1.239,1.3683
2025-05-30,-0.4745,-0.8549,-0.962
2025-06-03,0.4328,0.1648,0.4773
2025-06-04,0.4232,0.8691,1.1102
2025-06-05,0.2339,0.5808,1.1695
2025-06-06,0.0372,-0.1941,-0.4481
2025-06-09,0.4258,0.6524,1.0716
2025-06-10,-0.4399,-0.8581,-1.1653
2025-06-11,0.517,0.825,1.2073
2025-06-12,0.0101,-0.1141,0.2564
2025-06-13,-0.7542,-1.0965,-1.1286
2025-06-16,0.3474,0.4093,0.6605
2025-06-17,-0.0391,-0.1193,-0.3587
2025-06-18,0.0414,0.238,0.2334
2025-06-19,-0.7879,-1.2149,-1.3584
2025-06-20,-0.0658,-0.4669,-0.835
2025-06-23,0.6454,0.4334,0.3851
2025-06-24,1.1528,1.6842,2.3047
2025-06-25,1.0351,1.7234,3.1131
2025-06-26,-0.2176,-0.4834,-0.6562
2025-06-27,-0.7025,0.3391,0.4691
2025-06-30,0.5899,0.8341,1.3496
2025-07-01,0.3868,0.1068,-0.2366
2025-07-02,-0.0855,-0.6077,-1.1267
2025-07-03,0.184,1.1712,1.9009
2025-07-04,0.3227,-0.2451,-0.3629
2025-07-07,0.0233,-0.6971,-1.208
2025-07-08,0.701,1.4651,2.389
2025-07-09,-0.1265,-0.0623,0.1649
2025-07-10,0.4762,0.4662,0.2244
2025-07-11,0.0141,0.6111,0.8001
2025-07-14,0.2699,-0.1083,-0.4544
2025-07-15,-0.4163,0.562,1.7287
2025-07-16,-0.0349,-0.2211,-0.2172
2025-07-17,0.3724,1.4254,1.7547
2025-07-18,0.5021,0.3699,0.3448
2025-07-21,0.716,0.8581,0.8665
2025-07-22,0.62,0.8389,0.6083
2025-07-23,0.0122,-0.3675,-0.008
2025-07-24,0.654,1.2119,1.5016
2025-07-25,-0.3348,-0.2226,-0.2265
2025-07-28,0.1191,0.4427,0.9634
2025-07-29,0.3273,0.6403,1.8621
2025-07-30,0.1664,-0.7651,-1.6168
2025-07-31,-1.1757,-1.7251,-1.6628
2025-08-01,-0.371,-0.1676,-0.2442
2025-08-04,0.6561,0.4571,0.5036
2025-08-05,0.9569,0.5923,0.3878
2025-08-06,0.4533,0.6377,0.6648
2025-08-07,0.1561,-0.1775,-0.6822
2025-08-08,-0.1247,-0.2623,-0.38
2025-08-11,0.3416,1.4625,1.9648
2025-08-12,0.5037,0.5332,1.243
2025-08-13,0.4787,1.7595,3.6153
2025-08-14,-0.4621,-0.8651,-1.0755
2025-08-15,0.8272,1.6001,2.6143
2025-08-18,0.8455,1.7268,2.8404
2025-08-19,-0.0198,-0.1178,-0.1711
2025-08-20,1.0443,0.8892,0.2272
2025-08-21,0.1298,-0.0585,-0.4674
2025-08-22,1.4495,2.0663,3.3554
2025-08-25,1.5109,2.2604,2.9986
2025-08-26,-0.3909,0.2581,-0.7551
2025-08-27,-1.7587,-1.4279,-0.6903
2025-08-28,1.138,2.2473,3.8181
2025-08-29,0.3728,0.9926,2.2267
2025-09-01,0.4563,1.046,2.2923
2025-09-02,-0.4489,-2.1445,-2.8465
2025-09-03,-1.1554,-0.6519,0.9453
2025-09-04,-1.2503,-2.8327,-4.2466
2025-09-05,1.2384,3.8936,6.5532
2025-09-08,0.3758,0.6058,-0.8429
2025-09-09,-0.5108,-1.2335,-2.2255
2025-09-10,0.1295,0.3763,1.2657
2025-09-11,1.6549,3.3622,5.1469
2025-09-12,-0.1216,-0.4296,-1.0913
2025-09-15,-0.2608,0.6317,1.5149
2025-09-16,0.0353,0.4475,0.6803
2025-09-17,0.3748,1.1596,1.9535
2025-09-18,-1.1528,-1.0578,-1.6361
2025-09-19,-0.3019,-0.0367,-0.1566
2025-09-22,0.2222,0.6665,0.5462
2025-09-23,-0.1761,-0.29,0.2145
2025-09-24,0.8323,1.8013,2.2802
2025-09-25,-0.0088,0.672,1.5757
2025-09-26,-0.6539,-1.7619,-2.6032
2025-09-29,0.8993,2.0473,2.7441
2025-09-30,0.5242,0.3493,0.0046
2025-10-09,1.3185,1.4715,0.7307
2025-10-10,-0.9391,-2.6967,-4.5545
2025-10-13,-0.1931,-0.9281,-1.1082
2025-10-14,-0.6241,-2.5421,-3.9879
2025-10-15,1.2155,1.7344,2.3642
2025-10-16,0.1027,-0.2466,0.3825
2025-10-17,-1.9527,-3.0373,-3.3605
2025-10-20,0.6286,0.9794,1.9788
2025-10-21,1.3572,2.0612,3.0153
2025-10-22,-0.0657,-0.6172,-0.7911
2025-10-23,0.2211,0.2219,0.0929
2025-10-24,0.7113,2.0248,3.5728
2025-10-27,1.1805,1.5066,1.9828
2025-10-28,-0.2182,-0.4396,-0.1509
2025-10-29,0.7048,1.9455,2.9321
2025-10-30,-0.7328,-1.1632,-1.8425
2025-10-31,-0.8054,-1.1374,-2.3135
2025-11-03,0.5495,0.1932,0.293
2025-11-04,-0.4108,-1.7073,-1.9638
2025-11-05,0.2288,0.3669,1.0256
2025-11-06,0.9702,1.7307,1.8442
2025-11-07,-0.2546,-0.3595,-0.5091
2025-11-10,0.5264,0.1757,-0.9157
2025-11-11,-0.3942,-1.0323,-1.4002
2025-11-12,-0.0654,-0.3641,-0.3921
2025-11-13,0.734,1.7817,2.5537
2025-11-14,-0.9681,-1.9329,-2.8187
2025-11-17,-0.4625,-0.1061,-0.2026
2025-11-18,-0.8112,-0.9204,-1.1588
2025-11-19,0.1759,-0.0031,0.2485
2025-11-20,-0.3976,-0.7589,-1.1214
2025-11-21,-2.4462,-3.4108,-4.0187
2025-11-24,0.0489,0.375,0.307
2025-11-25,0.8668,1.5274,1.7716
2025-11-26,-0.1509,1.0215,2.139
2025-11-27,0.2866,-0.2529,-0.4401
2025-11-28,0.3442,0.8457,0.7024
2025-12-01,0.6534,1.2526,1.3075
2025-12-02,-0.4163,-0.6847,-0.6904
2025-12-03,-0.5057,-0.777,-1.1189
2025-12-04,-0.0569,0.3972,1.0109
2025-12-05,0.697,1.0837,1.3631
2025-12-08,0.545,1.3867,2.6042
2025-12-09,-0.3709,-0.3948,0.606
2025-12-10,-0.2309,0.2942,-0.0187
2025-12-11,-0.6968,-1.2694,-1.4126
2025-12-12,0.4138,0.8438,0.9699
2025-12-15,-0.5509,-1.103,-1.7705
2025-12-16,-1.1145,-1.5056,-2.1046
2025-12-17,1.1887,2.3992,3.3904
2025-12-18,0.1574,-1.2896,-2.1677
2025-12-19,0.3631,0.6606,0.4884
2025-12-22,0.6919,1.4651,2.2339
2025-12-23,0.0667,0.2719,0.4081
2025-12-24,0.5349,0.8784,0.7665
2025-12-25,0.4738,0.3336,0.3024
2025-12-26,0.1025,0.5357,0.1399
2025-12-29,0.0404,-0.491,-0.6555
2025-12-30,-0.0041,0.4947,0.6297
2025-12-31,0.0939,-0.581,-1.2252
2026-01-05,1.3751,2.2448,2.8528
2026-01-06,1.4975,1.4023,0.7509
2026-01-07,0.0515,0.0571,0.3134
2026-01-08,-0.0684,-0.5066,-0.8225
2026-01-09,0.9172,1.151,0.7724
2026-01-12,1.0887,1.7475,1.8189
2026-01-13,-0.6369,-1.3748,-1.9612
2026-01-14,-0.306,0.559,0.8203
2026-01-15,-0.327,0.4079,0.5607
2026-01-16,-0.2599,-0.1793,-0.2049
2026-01-19,0.2947,0.0908,-0.6965
2026-01-20,-0.0085,-0.9684,-1.7866
2026-01-21,0.08,0.7029,0.5352
2026-01-22,0.1369,0.5045,1.0051
2026-01-23,0.3296,0.786,0.6266
2026-01-26,-0.086,-0.852,-0.9062
2026-01-27,0.1766,0.0927,0.7065
2026-01-28,0.2738,0.0906,-0.5695
2026-01-29,0.1625,-0.2985,-0.5732
2026-01-30,-0.9629,-0.6586,1.2663
2026-02-02,-2.4818,-2.6858,-2.4577
2026-02-03,1.2947,2.19,1.8621
2026-02-04,0.8473,0.2065,-0.4023
2026-02-05,-0.6408,-1.438,-1.5472
2026-02-06,-0.2535,-0.3295,-0.7304
2026-02-09,1.4145,2.1695,2.9756
2026-02-10,0.1281,0.0154,-0.367
2026-02-11,0.0875,-0.3497,-1.0782
2026-02-12,0.0492,0.862,1.319
2026-02-13,-1.2565,-1.2799,-1.5656
2026-02-24,0.8656,1.3573,0.9862
2026-02-25,0.7243,1.2896,1.4072
2026-02-26,-0.0145,0.1929,-0.2932
2026-02-27,0.3919,-0.0599,-1.0367
2026-03-02,0.4735,-0.2022,-0.4877
2026-03-03,-1.4325,-3.0651,-2.5706
2026-03-04,-0.9751,-0.7462,-1.4055
2026-03-05,0.6391,1.2293,1.6612
2026-03-06,0.3804,0.5947,0.3843
2026-03-09,-0.669,-0.7417,-0.6416
2026-03-10,0.6477,2.0371,3.0406
2026-03-11,0.2497,0.7756,1.3123
2026-03-12,-0.1048,-0.6259,-0.9555
2026-03-13,-0.815,-0.6546,-0.2184
2026-03-16,-0.2604,0.1876,1.4121
2026-03-17,-0.8539,-1.8721,-2.2926
2026-03-18,0.3229,1.0546,2.0215
2026-03-19,-1.3889,-2.0174,-1.1135
2026-03-20,-1.2355,-0.2544,1.2994
2026-03-23,-3.6333,-3.7551,-3.4868
2026-03-24,1.7832,1.4315,0.5046
2026-03-25,1.3026,1.9536,2.0122
2026-03-26,-1.0874,-1.4097,-1.3411
2026-03-27,0.6336,1.1313,0.7148
2026-03-30,0.2443,-0.2484,-0.6834
2026-03-31,-0.801,-1.8077,-2.7007
2026-04-01,1.4567,1.6951,1.9646
2026-04-02,-0.7412,-1.602,-2.3056
2026-04-03,-0.9999,-0.9938,-0.7266
2026-04-07,0.2595,0.3558,0.3562
2026-04-08,2.6948,4.7915,5.9097
2026-04-09,-0.7216,-0.3292,-0.7262
2026-04-10,0.5056,2.2378,3.776
2026-04-13,0.0585,0.6876,0.8018
2026-04-14,0.9544,1.6108,2.3613
2026-04-15,0.0145,-0.9665,-1.2243
2026-04-16,0.7036,2.0546,3.1668
2026-04-17,-0.1016,0.6021,1.4346
2026-04-20,0.7578,0.5464,-0.0195
2026-04-21,0.0723,0.1028,0.3089
2026-04-22,0.5185,1.3025,1.7301
2026-04-23,-0.3168,-0.8818,-0.8663
2026-04-24,-0.3261,-0.6857,-1.4102
2026-04-27,0.1579,0.3711,-0.5179
2026-04-28,-0.1886,-1.1023,-1.4272
2026-04-29,0.708,1.9586,2.515
2026-04-30,0.1131,-0.0884,-0.2717
2026-05-06,1.1676,2.3304,2.747
2026-05-07,0.4788,1.179,1.453
2026-05-08,-0.0033,-0.4992,-0.9634
2026-05-11,1.0782,2.1557,3.4995
2026-05-12,-0.2493,-0.4678,0.1504
2026-05-13,0.6663,1.6735,2.6291
2026-05-14,-1.5239,-2.1381,-2.1591
2026-05-15,-1.0179,-1.1709,-0.5587
2026-05-18,-0.0934,-0.2001,-0.3611
2026-05-19,0.92,0.2555,-0.1644
2026-05-20,-0.1764,0.0005,0.3416
2026-05-21,-2.04,-2.0726,-2.3461
2026-05-22,0.8737,2.2957,2.8389
2026-05-25,0.9645,1.6626,2.0987
2026-05-26,-0.1733,0.1233,0.5448
2026-05-27,-1.2459,-0.8799,0.067
2026-05-28,0.1199,0.797,1.9601
2026-05-29,-0.7336,-1.8078,-2.1121
2026-06-01,-0.2662,-1.5074,-2.1548
2026-06-02,0.4279,1.6347,2.6558
2026-06-03,0.2177,0.7285,1.6548
2026-06-04,-0.6414,-0.2747,-0.8271
2026-06-05,-0.7404,-2.2148,-3.2026
2026-06-08,-1.6982,-3.2225,-3.6926
2026-06-09,1.2803,3.0195,3.9342
2026-06-10,-0.4191,-2.0605,-2.6997
2026-06-11,-0.1555,-0.6829,-1.1297
2026-06-12,1.1161,0.7503,0.5013
2026-06-15,1.6113,3.7939,5.3045
2026-06-16,-0.1118,0.928,1.7208
2026-06-17,0.3955,1.3123,1.5624
2026-06-18,-0.4283,0.943,2.048
2026-06-22,1.7752,2.1321,2.5163
2026-06-23,-1.3654,-3.1657,-3.8353
2026-06-24,0.1111,1.2433,1.4129
2026-06-25,0.2303,1.8239,2.8359
2026-06-26,-2.2575,-3.4377,-4.0663
2026-06-29,1.158,0.1942,0.5362
2026-06-30,0.5031,2.4833,2.9884
2026-07-01,0.4408,-0.5331,-1.888
2026-07-02,-2.0314,-3.8486,-5.7138
2026-07-03,0.3658,0.6368,0.0662
2026-07-06,-0.0595,-1.1586,-1.768
2026-07-07,-1.2621,-1.2434,-0.9358
2026-07-08,-0.4851,-1.8744,-1.7014
2026-07-09,1.6548,3.0724,4.4943
2026-07-10,-1.0015,-2.2863,-4.3662
2026-07-13,-2.0612,-3.4813,-3.1023
2026-07-14,1.3627,2.7681,3.4274
2026-07-15,-0.2911,-0.9747,-1.2057
2026-07-16,-1.8497,-1.9672,-2.9502
2026-07-17,-3.046,-5.3957,-7.145
2026-07-20,0.8535,-0.7051,0.4221
2026-07-21,1.7935,4.8056,7.0537
2026-07-22,0.069,-1.4221,-3.2349
2026-07-23,0.252,0.44,0.2464
2026-07-24,-1.6142,-2.4685,-2.6472
2026-07-27,1.1548,2.7155,3.1577
2026-07-28,-1.1645,-4.5167,-7.3454
2026-07-29,0.3974,1.1012,1.5529
2026-07-30,-0.621,-2.7283,-3.9684
2026-07-31,0.7246,2.2063,3.0619
2026-08-03,-0.5897,-0.9621,-1.2384
2026-08-04,0.3313,3.2526,5.6445
2026-08-05,1.4689,1.8616,1.3235
2026-08-06,0.5652,-0.241,-0.5539
2026-08-07,1.0175,1.4237,1.3527
2026-08-10,0.674,0.0416,-0.727
2026-08-11,-0.8194,-0.4018,0.3379
2026-08-12,0.3198,1.0869,1.491
2026-08-13,-0.4994,-0.8671,-0.4453
2026-08-14,0.0054,0.4539,1.1225
2026-08-17,1.4126,2.4381,3.1399
2026-08-18,0.1921,-0.5562,-0.9249
2026-08-19,-2.4029,-5.0083,-6.2628
2026-08-20,0.2388,0.5949,0.6361
2026-08-21,0.038,0.8687,1.4301
2026-08-24,-0.5939,-2.1277,-3.2066
2026-08-25,0.1916,-0.351,-1.0015
2026-08-26,0.5934,0.6944,0.5112
2026-08-27,1.1258,1.4995,1.7123
2026-08-28,-0.111,-0.682,-1.4094
2026-08-31,0.8633,0.4439,0.417
2026-09-01,-0.1608,-1.0176,-1.316
2026-09-02,-0.9674,-1.8802,-2.3925
2026-09-03,0.0178,0.0997,0.009
2026-09-04,-0.3037,-0.7938,-0.7848
2026-09-07,0.0657,1.9083,3.412
2026-09-08,0.1997,-0.5206,-1.1465
2026-09-09,0.278,0.1468,-0.1413
2026-09-10,-0.4328,-0.7699,-0.4932
2026-09-11,-1.1766,-1.0752,-0.4908
2026-09-14,-0.0714,-0.6435,-1.0974
2026-09-15,-0.5419,-0.7217,-1.1464
2026-09-16,0.707,1.255,1.9568
2026-09-17,-0.411,-0.3332,-0.3975
2026-09-18,0.9358,1.7223,2.2547
2026-09-21,0.9723,0.6535,0.798
2026-09-22,0.0562,-0.0458,0.01
2026-09-23,-0.3949,-0.6388,-0.5977
2026-09-24,-1.2231,-2.3402,-2.6826
2026-09-28,-1.6653,-3.4408,-4.5341
2026-09-29,0.1786,0.3359,0.0872
2026-09-30,0.3066,-0.111,-0.2319
