month,sunny,cloudy,overcast,thunder,storm,total,mean_hit,mean_cont,mean_act
2026-01,8,7,0,1,4,20,39.13237960244122,40.28135330093191,70.07759711804593
2026-02,2,5,4,0,3,14,38.38501059653898,23.667121839212573,34.18602595127062
2026-03,1,8,7,1,5,22,39.431661690661436,17.93577984305033,37.32487441077968
2026-04,2,13,2,0,4,21,30.81348264108169,23.283198572331145,55.68202227970228
2026-05,4,8,2,0,4,18,37.51242954081044,28.691483627126292,61.701398755295976
2026-06,0,13,2,1,5,21,43.909135295715,9.60277497293799,56.23833898608415
2026-07,2,6,2,1,12,23,57.316024841954814,22.03969488828156,39.764593468942735
2026-08,7,6,2,1,5,21,35.093823903173266,39.33522328662642,49.998153199407916
2026-09,6,3,6,1,5,21,44.142397004120234,33.26945198437407,32.942549286302224
