trade_date,external_up,external_broken,external_chain,external_promo_chain,external_promo_1to2,external_turnover_trillion,source_note
2026-08-31,86,30,18,0.47,0.156,2.13,原设计附录B转述财联社；连板晋级另记0.444
2026-09-01,83,6,18,0.50,0.132,2.03,附录B财联社；成交另记2.05（沪深京可能不同）
2026-09-02,52,15,13,0.333,0.113,1.79,附录B财联社
2026-09-03,44,33,9,0.231,0.167,1.76,附录B财联社
2026-09-04,39,49,7,0.111,0.171,2.03,附录B财联社
2026-09-07,93,19,13,0.5714,0.30,1.95,附录B财联社；1进2仅记近三成并非精确值
2026-09-08,73,37,18,0.4615,0.15,1.96,附录B财联社；1进2约15%
2026-09-09,49,28,,,0.20,1.86,附录BChoice；1进2另记11/54；跌停约7
2026-09-14,55,30,,,,1.63,附录B财联社
2026-09-15,32,24,,0.364,0.068,1.61,附录B财联社；东方财富炸板另记25
