trade_date,displayed_theme_count,count_ge10,rank1_theme,rank1_limit_up_count,rank1_max_board_count,rank1_ladder_completeness,rank1_combined_score,rank2_theme,rank2_limit_up_count,rank2_max_board_count,rank2_ladder_completeness,rank2_combined_score,rank3_theme,rank3_limit_up_count,rank3_max_board_count,rank3_ladder_completeness,rank3_combined_score,rank4_theme,rank4_limit_up_count,rank4_max_board_count,rank4_ladder_completeness,rank4_combined_score,rank5_theme,rank5_limit_up_count,rank5_max_board_count,rank5_ladder_completeness,rank5_combined_score,prior_top1_fate,prior_top1_current_rank,current_top1_origin,top5_overlap_count,new_entry_count
2025-10-30,5,1,三季报增长,14,2,1.0,0.92,锂电池,7,2,1.0,0.81,储能,4,2,1.0,0.51,福建,4,3,0.666667,0.47,量子科技,2,4,0.5,0.29,,,,,
2025-10-31,5,1,三季报增长,16,2,1.0,0.9083333333,锂电池,7,3,1.0,0.7,福建,5,8,0.6,0.6083333333,医药,8,4,0.5,0.6,文化传媒,4,2,1.0,0.4416666667,rank1_hold,1,prev_rank1,3,2
2025-11-03,5,0,化工,7,2,1.0,0.875,海南,5,2,1.0,0.795,三季报增长,4,3,1.0,0.745,钍基熔盐,6,2,1.0,0.745,医药,3,5,0.6,0.515,remain_top5_lower,3,outside_prev_top5,2,3
2025-11-04,5,1,福建,17,10,0.6,0.9142857143,智能电网,5,2,1.0,0.7928571429,化工,3,3,0.666667,0.6642857143,钍基熔盐,3,3,0.666667,0.6214285714,体育产业,2,4,0.5,0.3714285714,remain_top5_lower,3,outside_prev_top5,2,3
2025-11-05,5,2,智能电网,19,3,1.0,0.9590909091,海南,5,4,1.0,0.8181818182,储能,10,2,1.0,0.7863636364,福建,5,11,0.2,0.6863636364,固态电池,4,1,1.0,0.4681818182,remain_top5_lower,4,prev_rank2_to_5,2,3
2025-11-06,5,0,智能电网,8,3,1.0,0.865,化工,9,4,0.75,0.775,燃气轮机,6,2,1.0,0.74,锂电池,6,2,1.0,0.71,金属铝,5,2,1.0,0.56,rank1_hold,1,prev_rank1,1,4
2025-11-07,5,1,锂电池,12,2,1.0,0.955,化工,9,2,1.0,0.84,智能电网,4,4,0.75,0.735,商业航天,4,1,1.0,0.55,环保,3,3,0.666667,0.54,remain_top5_lower,3,prev_rank2_to_5,3,2
2025-11-10,5,0,锂电池,9,3,1.0,0.9666666667,化工,6,3,1.0,0.8375,芯片,6,1,1.0,0.6583333333,食品饮料,5,1,1.0,0.6041666667,光伏,4,2,1.0,0.5666666667,rank1_hold,1,prev_rank1,2,3
2025-11-11,5,1,光伏,11,2,1.0,0.9208333333,锂电池,6,4,0.75,0.7625,机器人概念,6,3,0.666667,0.7458333333,医药,5,10,0.4,0.7,地产链,4,3,1.0,0.6833333333,remain_top5_lower,2,prev_rank2_to_5,2,3
2025-11-12,5,1,医药,10,11,0.4,0.82,天然气,6,2,1.0,0.82,锂电池,5,5,0.6,0.79,零售,3,4,0.75,0.68,光伏,3,3,0.666667,0.57,remain_top5_lower,5,prev_rank2_to_5,3,2
2025-11-13,5,1,锂电池,24,6,0.6,0.9142857143,福建,6,5,0.6,0.8178571429,有色金属,6,3,0.666667,0.8178571429,储能,5,1,1.0,0.5821428571,医药,3,12,0.4,0.5785714286,remain_top5_lower,5,prev_rank2_to_5,2,3
2025-11-14,5,2,海峡两岸,15,6,0.6,0.8611111111,医药,8,5,0.8,0.8055555556,锂电池,10,7,0.6,0.7833333333,煤炭,4,4,0.75,0.6388888889,天然气,4,4,0.5,0.5388888889,remain_top5_lower,3,outside_prev_top5,2,3
2025-11-17,5,2,锂电池,14,8,0.8,0.925,海峡两岸,17,7,0.8,0.909375,并购重组,4,5,0.6,0.728125,华为概念,6,1,1.0,0.678125,人工智能,5,1,1.0,0.578125,remain_top5_lower,2,prev_rank2_to_5,2,3
2025-11-18,5,0,人工智能,9,2,1.0,0.9,芯片,5,2,1.0,0.7357142857,海峡两岸,3,5,0.6,0.6428571429,并购重组,3,6,0.4,0.6,新型工业化,2,2,1.0,0.4,exit_top5,,prev_rank2_to_5,3,2
2025-11-19,5,0,农业,9,4,0.75,0.845,海峡两岸,5,6,0.4,0.685,军工,5,4,0.75,0.675,化工,5,2,1.0,0.65,锂电池,4,6,0.2,0.565,exit_top5,,outside_prev_top5,1,4
2025-11-20,5,0,锂电池,6,3,0.666667,0.875,海峡两岸,5,13,0.4,0.7916666667,军工,3,5,0.4,0.5,通信,3,1,1.0,0.5,地产链,2,2,1.0,0.4333333333,exit_top5,,prev_rank2_to_5,3,2
2025-11-21,5,0,人工智能,7,5,0.6,0.875,地产链,4,5,0.8,0.8583333333,算力,3,2,1.0,0.6083333333,海峡两岸,3,2,1.0,0.475,水产品,2,6,0.2,0.3666666667,exit_top5,,outside_prev_top5,2,3
2025-11-24,5,1,人工智能,15,3,1.0,0.9681818182,商业航天,9,2,1.0,0.85,军工,6,6,0.6,0.7772727273,地产链,3,4,0.75,0.5954545455,海峡两岸,4,4,0.5,0.5545454545,rank1_hold,1,prev_rank1,3,2
2025-11-25,5,2,通信,12,2,1.0,0.895,人工智能,10,6,0.6,0.8,芯片,8,3,0.666667,0.64,海峡两岸,8,1,1.0,0.625,锂电池,6,2,1.0,0.61,remain_top5_lower,2,outside_prev_top5,2,3
2025-11-26,5,1,医药,13,3,1.0,0.93,人工智能,9,5,0.8,0.87,通信,4,4,1.0,0.685,零售,6,2,1.0,0.65,芯片,6,2,1.0,0.64,remain_top5_lower,3,outside_prev_top5,3,2
2025-11-27,5,0,锂电池,8,3,0.666667,0.8590909091,芯片,5,2,1.0,0.7181818182,端侧AI,6,1,1.0,0.6954545455,商业航天,4,2,1.0,0.6181818182,流感,4,4,0.5,0.6136363636,exit_top5,,outside_prev_top5,1,4
2025-11-28,5,1,商业航天,12,4,0.75,0.8428571429,海峡两岸,7,2,1.0,0.8285714286,锂电池,5,4,0.5,0.7178571429,人工智能,4,2,1.0,0.675,医药,3,3,1.0,0.6571428571,remain_top5_lower,3,prev_rank2_to_5,2,3
2025-12-01,5,1,端侧AI,17,3,1.0,0.975,商业航天,6,5,0.8,0.825,有色金属,6,3,0.666667,0.725,锂电池,3,5,0.4,0.585,食品饮料,2,4,0.5,0.42,remain_top5_lower,2,outside_prev_top5,2,3
2025-12-02,5,0,商业航天,5,6,0.6,0.8318181818,地产链,5,7,0.4,0.7909090909,人工智能,5,3,0.666667,0.6954545455,食品饮料,4,5,0.4,0.6454545455,海峡两岸,4,2,1.0,0.6181818182,exit_top5,,prev_rank2_to_5,2,3
2025-12-03,5,0,海峡两岸,5,2,1.0,0.7571428571,商业航天,4,4,1.0,0.75,食品饮料,4,6,0.4,0.6642857143,医药,4,6,0.2,0.5714285714,通信,4,1,1.0,0.5,remain_top5_lower,2,prev_rank2_to_5,3,2
2025-12-04,5,1,机器人概念,10,5,0.6,0.88,商业航天,6,3,1.0,0.8,摩尔线程概念,5,1,1.0,0.55,医药,2,2,1.0,0.43,海峡两岸,2,3,0.666667,0.34,remain_top5_lower,5,outside_prev_top5,3,2
2025-12-05,5,2,商业航天,13,5,0.8,0.9363636364,海峡两岸,11,4,0.75,0.8090909091,化工,5,2,1.0,0.7136363636,通信,6,1,1.0,0.65,食品饮料,4,7,0.4,0.6,exit_top5,,prev_rank2_to_5,2,3
2025-12-08,5,3,海峡两岸,18,5,1.0,0.9333333333,通信,10,2,1.0,0.7083333333,商业航天,15,6,0.4,0.7,机器人概念,4,4,0.5,0.4916666667,化工,2,3,0.666667,0.3833333333,remain_top5_lower,3,prev_rank2_to_5,4,1
2025-12-09,5,2,海峡两岸,11,5,1.0,0.9222222222,商业航天,10,5,0.8,0.8277777778,零售,5,3,1.0,0.7722222222,文化传媒,4,2,1.0,0.5777777778,通信,3,5,0.4,0.4611111111,rank1_hold,1,prev_rank1,3,2
2025-12-10,5,0,零售,8,4,1.0,0.89375,海南,9,2,1.0,0.7625,商业航天,7,3,1.0,0.675,地产链,8,3,0.666667,0.6375,海峡两岸,5,6,0.4,0.5,remain_top5_lower,5,prev_rank2_to_5,3,2
2025-12-11,5,1,商业航天,10,4,1.0,0.92,芯片,3,3,0.666667,0.63,通信,3,1,1.0,0.53,地产链,2,4,0.5,0.48,零售,2,5,0.4,0.44,remain_top5_lower,5,prev_rank2_to_5,3,2
2025-12-12,5,2,商业航天,18,6,0.8,0.9222222222,燃气轮机,10,2,1.0,0.8111111111,智能电网,9,2,1.0,0.7333333333,核电,7,2,1.0,0.5833333333,芯片,7,2,1.0,0.5833333333,rank1_hold,1,prev_rank1,2,3
2025-12-15,5,0,食品饮料,8,1,1.0,0.7722222222,商业航天,9,7,0.4,0.7666666667,零售,6,3,0.666667,0.7611111111,光伏,4,1,1.0,0.5666666667,核电,2,3,0.666667,0.5444444444,remain_top5_lower,2,outside_prev_top5,2,3
2025-12-16,5,0,零售,9,4,0.75,0.85,智能驾驶,9,2,1.0,0.8416666667,商业航天,8,4,0.75,0.6833333333,食品饮料,3,2,1.0,0.4916666667,实控人变更,2,3,0.666667,0.4083333333,remain_top5_lower,4,prev_rank2_to_5,3,2
2025-12-17,5,0,通信,8,1,1.0,0.7714285714,实控人变更,3,4,0.75,0.75,锂电池,5,2,1.0,0.7,液冷,6,1,1.0,0.6428571429,金融概念,2,2,1.0,0.4214285714,exit_top5,,outside_prev_top5,1,4
2025-12-18,5,0,文创产品,8,2,1.0,0.85,商业航天,7,2,1.0,0.7384615385,零售,5,6,0.6,0.7384615385,医药,5,2,1.0,0.7153846154,智能驾驶,3,3,1.0,0.6461538462,exit_top5,,outside_prev_top5,0,5
2025-12-19,5,0,智能驾驶,6,4,1.0,0.9076923077,核电,9,2,1.0,0.8923076923,地产链,6,3,1.0,0.8846153846,商业航天,5,2,1.0,0.6846153846,农业,3,3,0.666667,0.4769230769,exit_top5,,prev_rank2_to_5,2,3
2025-12-22,5,1,海南,25,2,1.0,0.94375,商业航天,5,3,1.0,0.6625,芯片,7,1,1.0,0.59375,核电,4,2,1.0,0.525,通信,5,3,0.666667,0.48125,exit_top5,,outside_prev_top5,2,3
2025-12-23,5,1,芯片,10,2,1.0,0.9142857143,海南,5,3,0.666667,0.7142857143,液冷,7,1,1.0,0.6428571429,化工,4,2,1.0,0.5857142857,锂电池,4,1,1.0,0.4,remain_top5_lower,2,prev_rank2_to_5,2,3
2025-12-24,5,2,商业航天,23,5,0.8,0.9,海峡两岸,10,3,1.0,0.895,化工,5,3,1.0,0.695,海南,3,4,0.75,0.565,通信,5,2,1.0,0.56,exit_top5,,outside_prev_top5,2,3
2025-12-25,5,2,机器人概念,13,2,1.0,0.8444444444,商业航天,22,6,0.4,0.8222222222,芯片,5,4,0.75,0.7,实控人变更,5,10,0.2,0.6222222222,造纸,4,2,1.0,0.5777777778,remain_top5_lower,2,outside_prev_top5,1,4
2025-12-26,5,3,锂电池,11,4,1.0,0.865,商业航天,20,7,0.6,0.84,机器人概念,10,11,0.6,0.74,海峡两岸,3,3,1.0,0.63,海南,6,5,0.4,0.615,remain_top5_lower,3,outside_prev_top5,2,3
2025-12-29,5,2,商业航天,22,8,0.8,0.9125,机器人概念,11,12,0.8,0.8375,化工,3,1,1.0,0.525,液冷,3,1,1.0,0.525,实控人变更,2,10,0.2,0.45,exit_top5,,prev_rank2_to_5,2,3
2025-12-30,5,1,机器人概念,19,5,1.0,0.95,商业航天,8,5,0.6,0.7,AI智能体,6,3,0.666667,0.5666666667,化工,3,2,1.0,0.5,实控人变更,3,11,0.4,0.4333333333,remain_top5_lower,2,prev_rank2_to_5,4,1
2025-12-31,5,1,商业航天,17,9,0.8,0.9666666667,机器人概念,8,6,0.6,0.7166666667,人工智能,7,2,1.0,0.7083333333,服装家纺,3,2,1.0,0.5083333333,芯片,3,1,1.0,0.3,remain_top5_lower,2,prev_rank2_to_5,2,3
2026-01-05,5,4,商业航天,12,4,1.0,0.87,脑机接口,33,1,1.0,0.855,人工智能,10,3,1.0,0.775,芯片,11,1,1.0,0.685,医药,6,1,1.0,0.545,rank1_hold,1,prev_rank1,3,2
2026-01-06,5,4,商业航天,15,6,1.0,0.8882352941,智能驾驶,11,3,1.0,0.8323529412,化工,15,2,1.0,0.8058823529,脑机接口,17,2,0.5,0.7852941176,锂电池,6,3,0.666667,0.6441176471,rank1_hold,1,prev_rank1,2,3
2026-01-07,5,2,商业航天,11,7,0.8,0.8923076923,芯片,14,2,1.0,0.8692307692,算力,6,2,1.0,0.7038461538,医药,5,3,1.0,0.7,机器人概念,6,14,0.2,0.6153846154,rank1_hold,1,prev_rank1,1,4
2026-01-08,5,1,商业航天,28,8,0.8,0.93,核电,9,2,1.0,0.82,脑机接口,8,4,0.75,0.73,芯片,6,2,1.0,0.62,人工智能,5,5,0.6,0.62,rank1_hold,1,prev_rank1,2,3
2026-01-09,5,2,人工智能,30,5,1.0,0.945,商业航天,20,9,0.8,0.87,机器人概念,6,11,0.4,0.615,算力,5,4,0.5,0.585,医药,4,1,1.0,0.51,remain_top5_lower,2,prev_rank2_to_5,2,3
2026-01-12,5,2,人工智能,73,6,1.0,0.9772727273,商业航天,43,10,0.8,0.8636363636,核电,6,4,0.75,0.7590909091,算力,5,2,1.0,0.6409090909,零售,5,2,1.0,0.6,rank1_hold,1,prev_rank1,3,2
2026-01-13,5,1,人工智能,31,6,0.8,0.9625,商业航天,7,11,0.6,0.7875,实控人变更,3,7,0.2,0.55625,智能电网,3,1,1.0,0.5,光伏,2,3,0.666667,0.4625,rank1_hold,1,prev_rank1,2,3
2026-01-14,5,2,人工智能,35,5,1.0,0.9363636364,商业航天,11,7,0.6,0.8,阿里巴巴概念,7,3,1.0,0.8,实控人变更,6,14,0.4,0.6454545455,黄金,4,3,0.666667,0.6181818182,rank1_hold,1,prev_rank1,3,2
2026-01-15,5,0,人工智能,8,4,0.75,0.8125,芯片,9,1,1.0,0.775,并购重组,4,2,1.0,0.6375,通信,5,1,1.0,0.54375,商业航天,3,3,0.666667,0.5,rank1_hold,1,prev_rank1,2,3
2026-01-16,5,3,芯片,21,2,1.0,0.9571428571,机器人概念,10,3,0.666667,0.7214285714,智能电网,10,5,0.4,0.6785714286,地产链,3,1,1.0,0.4785714286,光模块,2,2,1.0,0.45,exit_top5,,prev_rank2_to_5,1,4
2026-01-19,5,2,智能电网,22,4,0.75,0.9181818182,化工,5,1,1.0,0.7227272727,机器人概念,12,14,0.4,0.7090909091,年报增长,4,1,1.0,0.5681818182,实控人变更,3,2,1.0,0.5681818182,exit_top5,,prev_rank2_to_5,2,3
2026-01-20,5,1,化工,13,2,1.0,0.96875,智能电网,5,3,0.666667,0.78125,人工智能,5,1,1.0,0.65625,机器人概念,3,15,0.4,0.5,地产链,3,1,1.0,0.45625,remain_top5_lower,2,prev_rank2_to_5,3,2
2026-01-21,5,1,芯片,13,2,1.0,0.8818181818,黄金,7,3,1.0,0.7909090909,机器人概念,8,16,0.4,0.7090909091,通信,6,1,1.0,0.6272727273,实控人变更,4,3,0.666667,0.5363636364,exit_top5,,outside_prev_top5,1,4
2026-01-22,5,1,商业航天,15,3,1.0,0.9454545455,通信,6,2,1.0,0.7590909091,机器人概念,7,17,0.4,0.7409090909,芯片,5,2,1.0,0.5818181818,年报增长,3,3,1.0,0.5590909091,remain_top5_lower,4,outside_prev_top5,3,2
2026-01-23,5,2,光伏,34,2,1.0,0.905,商业航天,17,3,1.0,0.85,黄金,6,4,0.5,0.675,人工智能,5,2,1.0,0.63,锂电池,5,2,1.0,0.63,remain_top5_lower,2,outside_prev_top5,1,4
2026-01-26,5,1,黄金,15,5,1.0,0.9666666667,有色金属,7,2,1.0,0.8208333333,病毒防治,8,1,1.0,0.75,机器人概念,6,2,1.0,0.6958333333,光伏,4,2,1.0,0.6166666667,remain_top5_lower,5,prev_rank2_to_5,2,3
2026-01-27,5,1,光伏,8,3,1.0,0.88,黄金,6,6,0.8,0.85,芯片,11,1,1.0,0.78,机器人概念,4,2,1.0,0.665,人工智能,4,2,1.0,0.615,remain_top5_lower,2,prev_rank2_to_5,3,2
2026-01-28,5,2,黄金,29,7,1.0,0.9555555556,有色金属,18,3,1.0,0.8833333333,石油石化,5,4,0.75,0.6944444444,化工,6,1,1.0,0.5944444444,芯片,3,2,1.0,0.5111111111,exit_top5,,prev_rank2_to_5,2,3
2026-01-29,5,1,酿酒,20,1,1.0,0.8,石油石化,7,5,0.8,0.77,化工,8,2,1.0,0.72,黄金,7,8,0.4,0.61,人工智能,6,5,0.6,0.57,remain_top5_lower,4,outside_prev_top5,3,2
2026-01-30,5,1,通信,10,1,1.0,0.8785714286,化工,5,3,1.0,0.7357142857,农业,5,2,1.0,0.6642857143,算力,5,1,1.0,0.5642857143,人工智能,5,6,0.2,0.5571428571,exit_top5,,outside_prev_top5,2,3
2026-02-02,5,1,智能电网,12,2,1.0,0.925,人工智能,4,2,1.0,0.8083333333,体育产业,3,2,1.0,0.5916666667,酿酒,2,3,0.666667,0.4916666667,通信,2,2,0.5,0.3416666667,remain_top5_lower,5,outside_prev_top5,2,3
2026-02-03,5,2,商业航天,14,2,1.0,0.8777777778,通信,5,3,1.0,0.7222222222,光伏,11,1,1.0,0.7166666667,化工,4,4,0.75,0.6611111111,智能电网,4,2,1.0,0.5777777778,remain_top5_lower,5,outside_prev_top5,2,3
2026-02-04,5,2,光伏,13,2,1.0,0.8944444444,煤炭,13,1,1.0,0.7388888889,地产链,7,4,0.75,0.7055555556,并购重组,3,3,1.0,0.5444444444,智能电网,4,3,0.666667,0.5,exit_top5,,prev_rank2_to_5,2,3
2026-02-05,5,0,人工智能,5,2,1.0,0.7928571429,零售,3,3,1.0,0.7071428571,并购重组,3,4,0.75,0.7,文化传媒,3,5,0.4,0.6,酿酒,3,1,1.0,0.4571428571,exit_top5,,outside_prev_top5,1,4
2026-02-06,5,0,锂电池,8,2,1.0,0.9,并购重组,4,4,1.0,0.825,通信,4,5,0.6,0.725,化工,5,5,0.4,0.6625,光伏,4,3,0.666667,0.6166666667,exit_top5,,outside_prev_top5,1,4
2026-02-09,5,2,光伏,14,4,0.75,0.8409090909,AI应用,20,6,0.4,0.8181818182,化工,9,6,0.4,0.7181818182,并购重组,5,5,0.8,0.7,商业航天,7,1,1.0,0.6409090909,exit_top5,,prev_rank2_to_5,3,2
2026-02-10,5,2,AI应用,17,2,1.0,0.8666666667,文化传媒,15,7,0.4,0.7444444444,算力,5,2,1.0,0.6944444444,实控人变更,3,3,1.0,0.6555555556,化工,3,7,0.2,0.5277777778,exit_top5,,prev_rank2_to_5,2,3
2026-02-11,5,1,化工,16,8,0.8,0.8833333333,算力,6,4,1.0,0.7833333333,有色金属,9,2,1.0,0.7166666667,AI应用,3,3,0.333333,0.45,文化传媒,2,3,0.666667,0.3333333333,remain_top5_lower,4,prev_rank2_to_5,4,1
2026-02-12,5,1,算力,13,4,0.75,0.84375,有色金属,6,3,1.0,0.8,智能电网,6,2,1.0,0.63125,通信,5,3,1.0,0.63125,化工,5,2,1.0,0.625,remain_top5_lower,5,prev_rank2_to_5,3,2
2026-02-13,5,0,AI应用,5,5,0.6,0.8857142857,算力,3,3,0.666667,0.6928571429,芯片,3,2,1.0,0.6928571429,农业,2,3,0.666667,0.4357142857,通信,2,3,0.666667,0.4357142857,remain_top5_lower,2,outside_prev_top5,2,3
2026-02-24,5,2,化工,23,3,1.0,0.9181818182,石油石化,14,1,1.0,0.75,智能电网,6,3,0.666667,0.6909090909,通信,8,1,1.0,0.6318181818,航运,3,2,1.0,0.5590909091,exit_top5,,outside_prev_top5,1,4
2026-02-25,5,1,化工,19,3,1.0,0.9125,有色金属,9,4,0.75,0.80625,AI应用,7,3,1.0,0.78125,芯片,5,2,1.0,0.55,通信,4,3,0.666667,0.4,rank1_hold,1,prev_rank1,2,3
2026-02-26,5,1,通信,13,4,0.75,0.8818181818,算力,6,6,0.4,0.6909090909,燃气轮机,5,1,1.0,0.6545454545,发电机,3,2,1.0,0.6045454545,环保,3,2,1.0,0.6045454545,exit_top5,,prev_rank2_to_5,1,4
2026-02-27,5,1,有色金属,15,5,0.6,0.9,电力,6,3,1.0,0.8125,化工,6,5,0.6,0.7875,智能电网,5,2,1.0,0.63125,光伏,5,1,1.0,0.4625,exit_top5,,outside_prev_top5,0,5
2026-03-02,5,2,石油石化,25,3,1.0,0.9615384615,化工,11,2,1.0,0.8,有色金属,6,3,1.0,0.7923076923,通信,6,5,0.6,0.6384615385,黄金,6,2,1.0,0.6076923077,remain_top5_lower,3,outside_prev_top5,2,3
2026-03-03,5,2,石油石化,26,4,1.0,0.9785714286,天然气,24,3,1.0,0.8142857143,航运,7,5,0.6,0.6714285714,化工,4,2,0.5,0.5071428571,储能,3,3,0.666667,0.4,rank1_hold,1,prev_rank1,2,3
2026-03-04,5,1,智能电网,11,3,0.666667,0.8857142857,人工智能,5,1,1.0,0.6785714286,石油石化,4,5,0.4,0.6714285714,芯片,4,1,1.0,0.5071428571,电力,3,2,1.0,0.4928571429,remain_top5_lower,3,outside_prev_top5,1,4
2026-03-05,5,1,面板,23,2,1.0,0.9,智能电网,9,2,1.0,0.8166666667,通信,4,2,1.0,0.6166666667,人工智能,4,2,1.0,0.6166666667,算力,3,1,1.0,0.3083333333,remain_top5_lower,2,outside_prev_top5,2,3
2026-03-06,5,1,算力,7,2,1.0,0.8269230769,化工,15,3,0.666667,0.8230769231,智能电网,9,3,0.666667,0.7769230769,电力,6,2,1.0,0.7730769231,人工智能,3,3,0.666667,0.5807692308,exit_top5,,prev_rank2_to_5,3,2
2026-03-09,5,0,算力,9,3,1.0,0.92,智能电网,8,4,0.75,0.7,电力,5,3,1.0,0.63,AI应用,5,2,1.0,0.49,化工,2,2,1.0,0.26,rank1_hold,1,prev_rank1,4,1
2026-03-10,5,1,通信,13,3,0.666667,0.9,算力,8,3,1.0,0.8444444444,并购重组,3,2,1.0,0.6555555556,AI应用,3,1,1.0,0.4666666667,机器人概念,3,1,1.0,0.4666666667,remain_top5_lower,2,outside_prev_top5,2,3
2026-03-11,5,1,化工,10,2,1.0,0.90625,储能,7,3,0.666667,0.71875,智能电网,5,2,1.0,0.69375,算力,4,4,0.75,0.58125,通信,4,2,1.0,0.525,remain_top5_lower,5,outside_prev_top5,2,3
2026-03-12,5,1,化工,10,2,1.0,0.8833333333,电力,8,4,0.75,0.85,储能,5,2,1.0,0.575,风电,7,1,1.0,0.575,智能电网,3,3,0.666667,0.3833333333,rank1_hold,1,prev_rank1,3,2
2026-03-13,5,0,化工,9,3,1.0,0.955,风电,8,2,1.0,0.825,电力,3,5,0.6,0.645,核电,5,1,1.0,0.63,热泵,4,1,1.0,0.545,rank1_hold,1,prev_rank1,3,2
2026-03-16,5,0,芯片,8,2,1.0,0.9333333333,通信,5,3,0.666667,0.725,化工,4,3,1.0,0.6833333333,海洋经济,4,1,1.0,0.4416666667,智能电网,2,3,0.666667,0.3916666667,remain_top5_lower,3,outside_prev_top5,1,4
2026-03-17,5,0,地产链,5,3,1.0,0.89375,次新股,4,3,1.0,0.78125,化工,5,4,0.75,0.775,光伏,3,2,1.0,0.5625,风电,3,2,1.0,0.50625,exit_top5,,outside_prev_top5,1,4
2026-03-18,5,1,算力,14,2,1.0,0.9,通信,7,2,1.0,0.85625,存储,5,2,1.0,0.725,电力,5,1,1.0,0.5125,智能电网,4,1,1.0,0.4375,exit_top5,,outside_prev_top5,0,5
2026-03-19,4,0,算力,6,2,1.0,0.9375,电力,5,2,1.0,0.725,风电,3,4,0.75,0.45,天然气,4,1,1.0,0.3875,,,,,,rank1_hold,1,prev_rank1,2,2
2026-03-20,5,0,电力,6,3,1.0,0.94,储能,6,1,1.0,0.63,地产链,3,5,0.4,0.56,风电,2,5,0.4,0.5,并购重组,2,3,0.666667,0.37,exit_top5,,prev_rank2_to_5,2,3
2026-03-23,4,0,电力,4,6,0.4,0.8625,光伏,3,2,1.0,0.6125,并购重组,3,4,0.5,0.5375,机器人概念,3,1,1.0,0.4875,,,,,,rank1_hold,1,prev_rank1,2,2
2026-03-24,5,1,电力,13,7,0.6,0.8884615385,光伏,6,3,1.0,0.85,锂电池,7,1,1.0,0.7230769231,智能电网,7,1,1.0,0.6807692308,芯片,4,2,1.0,0.6653846154,rank1_hold,1,prev_rank1,2,3
2026-03-25,5,3,电力,15,8,0.8,0.92,通信,14,2,1.0,0.855,算力,11,2,1.0,0.73,智能电网,3,2,1.0,0.54,基础建设,4,1,1.0,0.52,rank1_hold,1,prev_rank1,2,3
2026-03-26,5,0,电力,7,4,1.0,0.95,锂电池,5,3,1.0,0.8083333333,医药,4,4,0.75,0.6083333333,智能电网,4,3,0.666667,0.5,化工,3,2,1.0,0.3416666667,rank1_hold,1,prev_rank1,2,3
2026-03-27,5,3,锂电池,16,4,0.75,0.9,化工,11,3,0.666667,0.72,医药,10,5,0.6,0.72,电力,5,3,1.0,0.71,通信,4,2,1.0,0.58,remain_top5_lower,4,prev_rank2_to_5,4,1
2026-03-30,5,0,通信,7,3,1.0,0.8727272727,医药,7,6,0.6,0.8,商业航天,6,3,1.0,0.7909090909,金属铝,8,1,1.0,0.7363636364,农业,4,2,1.0,0.5545454545,exit_top5,,prev_rank2_to_5,2,3
2026-03-31,5,0,医药,5,4,0.75,0.85,轨道交通,5,2,1.0,0.7916666667,商业航天,5,4,0.5,0.6875,海峡两岸,3,3,1.0,0.6333333333,两轮车,4,2,1.0,0.6291666667,exit_top5,,prev_rank2_to_5,2,3
2026-04-01,5,1,医药,12,4,0.75,0.95625,算力,7,1,1.0,0.7,通信,4,1,1.0,0.64375,年报增长,3,2,1.0,0.6,医疗器械,2,3,0.666667,0.46875,rank1_hold,1,prev_rank1,1,4
2026-04-02,4,0,医药,7,5,0.8,0.9625,石油石化,5,1,1.0,0.6125,智能电网,3,6,0.4,0.5375,电力,2,3,0.666667,0.3875,,,,,,rank1_hold,1,prev_rank1,1,3
2026-04-03,4,1,通信,12,7,0.4,0.8375,算力,4,1,1.0,0.6375,医药,4,6,0.4,0.6125,机器人概念,3,1,1.0,0.4125,,,,,,remain_top5_lower,3,outside_prev_top5,1,3
2026-04-07,5,2,化工,31,2,1.0,0.9222222222,通信,12,8,0.6,0.8333333333,芯片,5,2,1.0,0.6777777778,医药,6,7,0.2,0.6444444444,体育产业,5,1,1.0,0.5166666667,remain_top5_lower,2,outside_prev_top5,2,3
2026-04-08,5,3,通信,21,4,0.75,0.8666666667,算力,21,3,0.666667,0.8633333333,AI应用,13,2,1.0,0.8566666667,芯片,5,2,1.0,0.7466666667,燃气轮机,7,1,1.0,0.6366666667,exit_top5,,prev_rank2_to_5,2,3
2026-04-09,5,0,通信,9,5,0.6,0.9333333333,芯片,7,3,0.666667,0.7833333333,消费电子,5,2,1.0,0.6833333333,算力,4,2,0.5,0.45,储能,3,1,1.0,0.325,rank1_hold,1,prev_rank1,3,2
2026-04-10,5,0,锂电池,9,2,1.0,0.875,算力,7,3,1.0,0.845,芯片,8,2,1.0,0.835,通信,4,2,1.0,0.695,燃气轮机,3,2,1.0,0.54,remain_top5_lower,4,outside_prev_top5,3,2
2026-04-13,5,1,通信,11,3,1.0,0.925,算力,9,3,1.0,0.875,并购重组,4,5,0.8,0.7,锂电池,6,1,1.0,0.5625,芯片,3,2,1.0,0.4875,remain_top5_lower,4,prev_rank2_to_5,4,1
2026-04-14,5,1,算力,11,4,0.75,0.82,通信,4,2,1.0,0.765,芯片,6,1,1.0,0.725,锂电池,4,2,1.0,0.705,一季报增长,3,2,1.0,0.575,remain_top5_lower,2,prev_rank2_to_5,4,1
2026-04-15,5,1,医药,12,2,1.0,0.885,算力,6,5,0.6,0.825,芯片,4,3,1.0,0.74,商业航天,4,3,0.666667,0.62,国有企业,3,2,1.0,0.51,remain_top5_lower,2,outside_prev_top5,2,3
2026-04-16,5,1,锂电池,9,2,1.0,0.8727272727,算力,20,6,0.6,0.8272727273,机器人概念,5,2,1.0,0.7454545455,一季报增长,5,4,0.75,0.7272727273,化工,5,1,1.0,0.6,exit_top5,,outside_prev_top5,1,4
2026-04-17,5,3,通信,15,3,1.0,0.8444444444,算力,10,7,0.8,0.8333333333,芯片,15,4,0.5,0.6888888889,一季报增长,3,5,0.6,0.5888888889,化工,3,2,1.0,0.5055555556,exit_top5,,outside_prev_top5,3,2
2026-04-20,5,1,通信,8,3,1.0,0.835,算力,8,3,1.0,0.82,商业航天,15,6,0.4,0.785,芯片,5,5,0.6,0.675,一季报增长,5,3,0.666667,0.615,rank1_hold,1,prev_rank1,4,1
2026-04-21,5,0,商业航天,9,3,1.0,0.96875,电力,5,2,1.0,0.76875,通信,4,2,1.0,0.7625,芯片,3,2,1.0,0.55625,AI应用,3,1,1.0,0.38125,remain_top5_lower,3,prev_rank2_to_5,3,2
2026-04-22,5,1,通信,10,3,1.0,0.9333333333,芯片,9,6,0.6,0.7888888889,算力,5,4,0.75,0.6666666667,一季报增长,5,1,1.0,0.5666666667,商业航天,3,4,0.5,0.5,remain_top5_lower,5,prev_rank2_to_5,3,2
2026-04-23,5,0,绿色电力,7,3,0.666667,0.775,一季报增长,8,1,1.0,0.75,商业航天,5,5,0.6,0.725,算力,5,2,1.0,0.675,芯片,5,1,1.0,0.4875,exit_top5,,outside_prev_top5,4,1
2026-04-24,5,1,锂电池,14,1,1.0,0.8166666667,一季报增长,9,2,1.0,0.8,芯片,5,2,1.0,0.65,华为昇腾,5,2,1.0,0.6,商业航天,3,2,1.0,0.3333333333,exit_top5,,outside_prev_top5,3,2
2026-04-27,5,1,一季报增长,16,1,1.0,0.84375,芯片,9,5,0.4,0.69375,算力,6,3,0.666667,0.69375,通信,5,2,1.0,0.575,机器人概念,6,1,1.0,0.55,exit_top5,,prev_rank2_to_5,2,3
2026-04-28,5,3,一季报增长,13,2,1.0,0.9083333333,芯片,12,6,0.6,0.8,算力,11,2,1.0,0.6666666667,医药,5,1,1.0,0.5,电力,2,4,0.5,0.3666666667,rank1_hold,1,prev_rank1,3,2
2026-04-29,5,2,一季报增长,37,3,1.0,0.9611111111,锂电池,17,3,1.0,0.8833333333,算力,7,2,1.0,0.6722222222,通信,7,2,1.0,0.6055555556,芯片,5,2,1.0,0.5555555556,rank1_hold,1,prev_rank1,3,2
2026-04-30,5,2,芯片,12,3,1.0,0.88,一季报增长,25,2,1.0,0.87,锂电池,6,3,1.0,0.75,机器人概念,7,2,1.0,0.67,体育产业,5,2,1.0,0.55,remain_top5_lower,2,prev_rank2_to_5,3,2
2026-05-06,5,2,芯片,20,4,1.0,0.95625,算力,19,3,1.0,0.7875,一季报增长,9,4,1.0,0.75625,通信,9,2,1.0,0.60625,锂电池,5,4,0.75,0.46875,rank1_hold,1,prev_rank1,3,2
2026-05-07,5,3,通信,21,3,1.0,0.9125,算力,21,3,1.0,0.9,机器人概念,10,2,1.0,0.7208333333,芯片,6,3,1.0,0.7083333333,新型工业化,5,5,0.6,0.675,remain_top5_lower,4,prev_rank2_to_5,3,2
2026-05-08,5,2,机器人概念,23,3,1.0,0.89,通信,16,3,1.0,0.86,算力,9,4,1.0,0.77,锂电池,6,5,0.4,0.56,商业航天,6,1,1.0,0.495,remain_top5_lower,2,prev_rank2_to_5,3,2
2026-05-11,5,2,通信,16,4,1.0,0.9363636364,芯片,18,2,1.0,0.8454545455,算力,8,5,0.6,0.6454545455,地产链,4,2,1.0,0.6272727273,病毒防治,4,2,1.0,0.5863636364,exit_top5,,prev_rank2_to_5,2,3
2026-05-12,5,1,芯片,11,6,0.6,0.79,电力,5,5,0.8,0.77,通信,7,4,0.75,0.76,算力,4,3,1.0,0.69,智能电网,7,1,1.0,0.61,remain_top5_lower,3,prev_rank2_to_5,3,2
2026-05-13,5,4,芯片,19,4,0.75,0.8863636364,电力,17,6,0.6,0.7954545455,智能电网,11,3,1.0,0.7272727273,通信,7,3,1.0,0.7090909091,算力,15,4,0.5,0.6090909091,rank1_hold,1,prev_rank1,5,0
2026-05-14,5,1,芯片,12,5,0.8,0.9333333333,通信,5,3,1.0,0.8611111111,算力,5,2,1.0,0.6777777778,光伏,5,1,1.0,0.6111111111,猪肉,4,2,1.0,0.5777777778,rank1_hold,1,prev_rank1,3,2
2026-05-15,5,2,机器人概念,14,2,1.0,0.9166666667,化工,11,1,1.0,0.7416666667,芯片,5,6,0.4,0.6416666667,体育产业,3,1,1.0,0.4583333333,文化传媒,3,1,1.0,0.4583333333,remain_top5_lower,3,outside_prev_top5,1,4
2026-05-18,5,1,芯片,18,4,0.75,0.9,通信,8,2,1.0,0.8454545455,机器人概念,7,3,1.0,0.8136363636,算力,7,2,1.0,0.7090909091,电力,5,4,0.5,0.5863636364,remain_top5_lower,3,prev_rank2_to_5,2,3
2026-05-19,5,3,芯片,11,5,0.6,0.79,算力,10,2,1.0,0.74,机器人概念,14,4,0.5,0.7,电力,9,2,1.0,0.69,元器件,8,2,1.0,0.63,rank1_hold,1,prev_rank1,4,1
2026-05-20,5,1,芯片,26,4,0.75,0.925,机器人概念,5,2,1.0,0.81875,股权转让,4,8,0.2,0.6375,算力,3,3,0.666667,0.525,通信,3,1,1.0,0.45625,rank1_hold,1,prev_rank1,3,2
2026-05-21,5,0,芯片,5,4,0.75,0.875,无人驾驶,4,1,1.0,0.65625,机器人概念,3,2,1.0,0.6375,ST摘帽,2,3,0.666667,0.49375,医药,3,1,1.0,0.48125,rank1_hold,1,prev_rank1,2,3
2026-05-22,5,3,通信,28,2,1.0,0.8958333333,芯片,14,4,1.0,0.875,元器件,14,3,1.0,0.85,机器人概念,6,2,1.0,0.575,算力,6,4,0.5,0.5583333333,remain_top5_lower,2,outside_prev_top5,2,3
2026-05-25,5,2,通信,13,2,1.0,0.8538461538,芯片,15,6,0.6,0.8076923077,元器件,7,3,1.0,0.7461538462,机器人概念,9,2,1.0,0.7307692308,电力,7,2,1.0,0.6807692308,rank1_hold,1,prev_rank1,4,1
2026-05-26,5,0,有色金属,7,3,0.666667,0.8357142857,芯片,5,2,1.0,0.7714285714,新材料概念,5,2,1.0,0.7071428571,通信,4,3,0.666667,0.5714285714,电力,4,2,1.0,0.55,remain_top5_lower,4,outside_prev_top5,3,2
2026-05-27,5,0,电力,7,3,1.0,0.9611111111,元器件,4,4,0.75,0.7722222222,智能电网,4,2,1.0,0.75,芯片,3,4,0.5,0.5388888889,通信,3,2,1.0,0.5333333333,exit_top5,,prev_rank2_to_5,3,2
2026-05-28,5,4,通信,17,4,1.0,0.9636363636,芯片,16,2,1.0,0.8090909091,元器件,14,5,0.8,0.8,算力,10,1,1.0,0.6045454545,电力,6,4,0.75,0.6045454545,remain_top5_lower,5,prev_rank2_to_5,4,1
2026-05-29,5,0,地产链,8,5,0.6,0.7416666667,电力,8,5,0.6,0.7333333333,零售,8,3,0.666667,0.6416666667,通信,5,3,1.0,0.5833333333,元器件,3,2,1.0,0.4583333333,remain_top5_lower,4,outside_prev_top5,3,2
2026-06-01,6,2,AI应用,21,3,1.0,0.9384615385,煤炭,9,2,1.0,0.7846153846,算力,9,2,1.0,0.75,AI PC,8,4,0.75,0.7269230769,电力,6,4,0.75,0.6769230769,exit_top5,,outside_prev_top5,1,4
2026-06-02,5,1,元器件,9,4,1.0,0.91,通信,12,2,1.0,0.88,芯片,9,1,1.0,0.69,机器人概念,6,2,1.0,0.62,AI应用,3,2,1.0,0.515,remain_top5_lower,5,outside_prev_top5,1,4
2026-06-03,5,1,机器人概念,13,2,1.0,0.925,通信,8,3,1.0,0.8625,芯片,9,1,1.0,0.7125,电力,5,1,1.0,0.53125,并购重组,3,3,0.666667,0.4875,exit_top5,,prev_rank2_to_5,3,2
2026-06-04,5,2,芯片,17,2,1.0,0.90625,元器件,11,6,0.6,0.81875,机器人概念,7,2,1.0,0.6875,通信,5,4,0.75,0.66875,电力,3,2,1.0,0.43125,remain_top5_lower,3,prev_rank2_to_5,4,1
2026-06-05,5,1,机器人概念,14,3,1.0,0.9454545455,通信,7,2,1.0,0.8727272727,玻璃,5,2,1.0,0.7954545455,物理AI,4,3,0.666667,0.6863636364,元器件,3,2,1.0,0.5409090909,exit_top5,,prev_rank2_to_5,3,2
2026-06-08,5,1,物理AI,10,4,0.75,0.88125,机器人概念,7,4,0.75,0.75,通信,3,2,1.0,0.65625,芯片,4,1,1.0,0.61875,并购重组,3,1,1.0,0.43125,remain_top5_lower,2,prev_rank2_to_5,3,2
2026-06-09,5,2,通信,30,3,1.0,0.9607142857,芯片,27,2,1.0,0.8535714286,元器件,7,2,1.0,0.7178571429,算力,9,1,1.0,0.7178571429,机器人概念,7,2,1.0,0.6714285714,exit_top5,,prev_rank2_to_5,3,2
2026-06-10,5,1,芯片,16,3,1.0,0.95,通信,8,3,1.0,0.8625,算力,7,2,1.0,0.7125,化工,6,2,1.0,0.55625,AI应用,4,4,0.5,0.48125,remain_top5_lower,2,prev_rank2_to_5,3,2
2026-06-11,5,1,芯片,23,4,1.0,0.97,化工,8,2,1.0,0.775,通信,7,4,0.75,0.76,有色金属,7,1,1.0,0.58,机器人概念,4,2,1.0,0.56,rank1_hold,1,prev_rank1,3,2
2026-06-12,5,1,有色金属,10,2,1.0,0.875,芯片,5,5,0.8,0.8464285714,通信,5,2,1.0,0.7107142857,化工,6,1,1.0,0.6892857143,商业航天,6,1,1.0,0.6464285714,remain_top5_lower,2,prev_rank2_to_5,4,1
2026-06-15,5,3,通信,39,3,1.0,0.9772727273,芯片,18,3,1.0,0.8909090909,元器件,14,2,1.0,0.7590909091,有色金属,7,3,0.666667,0.65,算力,8,1,1.0,0.5909090909,remain_top5_lower,4,prev_rank2_to_5,3,2
2026-06-16,5,2,通信,25,4,1.0,0.9653846154,芯片,16,4,1.0,0.9115384615,电阻电容,9,2,1.0,0.7538461538,智能电网,8,2,1.0,0.6961538462,算力,7,2,1.0,0.6846153846,rank1_hold,1,prev_rank1,3,2
2026-06-17,5,2,通信,20,5,1.0,0.9142857143,芯片,20,3,1.0,0.8642857143,算力,5,2,1.0,0.5857142857,电阻电容,4,3,1.0,0.5857142857,机器人概念,4,2,1.0,0.4857142857,rank1_hold,1,prev_rank1,4,1
2026-06-18,5,4,通信,11,3,1.0,0.89,非金属材料,11,5,0.8,0.8,芯片,10,3,1.0,0.71,有色金属,7,3,1.0,0.665,机器人概念,11,1,1.0,0.615,rank1_hold,1,prev_rank1,3,2
2026-06-22,5,3,有色金属,20,4,1.0,0.9617647059,非金属材料,8,6,0.8,0.8382352941,芯片,12,2,1.0,0.7794117647,化工,16,1,1.0,0.7352941176,智能电网,6,3,1.0,0.7088235294,exit_top5,,prev_rank2_to_5,3,2
2026-06-23,5,2,芯片,11,3,1.0,0.8933333333,医药,14,3,0.666667,0.8333333333,通信,6,4,0.75,0.7766666667,机器人概念,7,2,1.0,0.74,非金属材料,3,5,0.6,0.6233333333,exit_top5,,prev_rank2_to_5,2,3
2026-06-24,5,3,芯片,31,4,1.0,0.94,通信,16,4,1.0,0.9,算力,11,3,1.0,0.76,化工,6,2,1.0,0.6,医药,4,2,1.0,0.525,rank1_hold,1,prev_rank1,3,2
2026-06-25,5,3,芯片,18,5,0.8,0.89375,通信,17,5,0.8,0.8875,元器件,13,6,0.6,0.64375,并购重组,4,2,1.0,0.5125,算力,8,5,0.6,0.475,rank1_hold,1,prev_rank1,3,2
2026-06-26,5,1,芯片,19,6,0.4,0.7714285714,通信,6,6,0.4,0.6857142857,商业航天,6,1,1.0,0.6571428571,化工,4,2,1.0,0.5857142857,机器人概念,4,4,0.75,0.5714285714,rank1_hold,1,prev_rank1,2,3
2026-06-29,5,2,芯片,26,3,1.0,0.9555555556,医药,24,2,1.0,0.8111111111,零售,3,2,1.0,0.6333333333,可控核聚变,7,1,1.0,0.6222222222,化工,3,1,1.0,0.4333333333,rank1_hold,1,prev_rank1,2,3
2026-06-30,5,2,芯片,33,3,1.0,0.9636363636,机器人概念,27,2,1.0,0.7909090909,通信,9,3,1.0,0.7909090909,面板,8,2,1.0,0.6363636364,算力,9,6,0.4,0.6,rank1_hold,1,prev_rank1,1,4
2026-07-01,5,3,芯片,22,3,1.0,0.9526315789,机器人概念,21,2,1.0,0.8526315789,化工,10,2,1.0,0.7842105263,算力,6,2,1.0,0.7289473684,医药,9,3,0.666667,0.7105263158,rank1_hold,1,prev_rank1,3,2
2026-07-02,5,1,机器人概念,16,2,1.0,0.8928571429,ST摘帽,6,2,1.0,0.8214285714,医药,7,4,0.75,0.8142857143,化工,6,2,1.0,0.7321428571,芯片,4,3,1.0,0.7035714286,remain_top5_lower,5,prev_rank2_to_5,4,1
2026-07-03,5,1,机器人概念,43,3,1.0,0.9181818182,ST摘帽,6,3,1.0,0.8727272727,黄金,6,2,1.0,0.7818181818,中报增长,4,3,1.0,0.7090909091,基础建设,4,2,1.0,0.5772727273,rank1_hold,1,prev_rank1,2,3
2026-07-06,5,0,芯片,8,1,1.0,0.85,机器人概念,5,2,1.0,0.7772727273,通信,5,2,1.0,0.7454545455,液冷,6,1,1.0,0.6818181818,中报增长,4,4,0.5,0.6181818182,remain_top5_lower,2,outside_prev_top5,2,3
2026-07-07,4,0,芯片,5,2,1.0,0.8125,机器人概念,5,2,1.0,0.7875,物理AI,4,2,1.0,0.5375,中报增长,4,1,1.0,0.3625,,,,,,rank1_hold,1,prev_rank1,3,1
2026-07-08,5,1,算力,15,2,1.0,0.9166666667,中报增长,4,5,0.6,0.7916666667,并购重组,3,7,0.2,0.5083333333,机器人概念,3,2,1.0,0.5,AI应用,3,1,1.0,0.3916666667,exit_top5,,outside_prev_top5,2,3
2026-07-09,4,1,芯片,35,2,1.0,0.9,中报增长,9,3,1.0,0.8,通信,6,2,1.0,0.55,液冷,3,1,1.0,0.25,,,,,,exit_top5,,outside_prev_top5,1,3
2026-07-10,5,2,商业航天,24,2,1.0,0.8888888889,中报增长,12,2,1.0,0.8555555556,医药,9,2,1.0,0.7777777778,机器人概念,8,2,1.0,0.6277777778,AI应用,5,4,0.75,0.4944444444,exit_top5,,outside_prev_top5,1,4
2026-07-13,5,0,医药,7,3,1.0,0.95,中报增长,4,3,1.0,0.68,芯片,4,2,1.0,0.53,并购重组,3,9,0.4,0.42,商业航天,3,3,0.666667,0.42,remain_top5_lower,5,prev_rank2_to_5,3,2
2026-07-14,5,1,中报增长,25,2,1.0,0.9363636364,机器人概念,8,2,1.0,0.8727272727,医药,5,3,0.666667,0.7454545455,石油石化,5,1,1.0,0.6227272727,芯片,4,2,1.0,0.6,remain_top5_lower,3,prev_rank2_to_5,3,2
2026-07-15,4,2,中报增长,20,2,1.0,0.9625,医药,17,4,0.75,0.675,煤炭,2,2,1.0,0.4375,机器人概念,6,3,0.666667,0.425,,,,,,rank1_hold,1,prev_rank1,3,1
2026-07-16,5,0,端侧AI,7,2,1.0,0.82,医药,5,5,0.6,0.77,脑机接口,3,2,1.0,0.61,绿色电力,3,1,1.0,0.4,文化传媒,2,2,1.0,0.4,exit_top5,,outside_prev_top5,1,4
2026-07-17,5,0,电力,9,2,1.0,0.9642857143,人工智能,4,3,0.666667,0.7357142857,端侧AI,2,3,0.666667,0.5214285714,并购重组,2,3,0.666667,0.4571428571,医药,2,2,1.0,0.4285714286,remain_top5_lower,3,outside_prev_top5,2,3
2026-07-20,5,1,电力,17,3,1.0,0.9785714286,煤炭,6,1,1.0,0.7071428571,中报增长,3,3,0.666667,0.5785714286,石油石化,4,1,1.0,0.5571428571,算力,4,1,1.0,0.4928571429,rank1_hold,1,prev_rank1,1,4
2026-07-21,5,3,通信,17,2,1.0,0.8863636364,芯片,42,1,1.0,0.85,算力,10,2,1.0,0.8227272727,非金属材料,8,1,1.0,0.6590909091,人工智能,3,4,0.75,0.4909090909,exit_top5,,outside_prev_top5,1,4
2026-07-22,5,0,电力,8,5,1.0,0.9777777778,算力,4,3,1.0,0.7222222222,芯片,4,2,1.0,0.6611111111,医药,5,1,1.0,0.6055555556,黄金,4,2,1.0,0.5777777778,exit_top5,,outside_prev_top5,2,3
2026-07-23,5,1,智能电网,27,3,0.666667,0.8766666667,绿色电力,8,6,0.6,0.7366666667,锂电池,9,1,1.0,0.72,医药,5,2,1.0,0.67,化工,9,4,0.5,0.6666666667,exit_top5,,outside_prev_top5,1,4
2026-07-24,5,0,并购重组,7,4,1.0,0.9142857143,芯片,8,3,0.666667,0.7857142857,军工,5,2,1.0,0.6571428571,智能电网,5,4,0.5,0.6428571429,绿色电力,2,3,0.666667,0.35,remain_top5_lower,4,outside_prev_top5,2,3
2026-07-27,5,1,医药,8,3,1.0,0.8307692308,通信,13,1,1.0,0.7730769231,并购重组,6,5,0.8,0.7461538462,机器人概念,9,2,1.0,0.7,脑机接口,7,2,1.0,0.5961538462,remain_top5_lower,3,outside_prev_top5,1,4
2026-07-28,5,2,芯片,11,2,1.0,0.9055555556,AI应用,10,2,1.0,0.8111111111,脑机接口,6,3,1.0,0.7611111111,电力,3,3,1.0,0.6388888889,机器人概念,3,2,0.5,0.4722222222,exit_top5,,outside_prev_top5,2,3
2026-07-29,5,1,食品饮料,15,2,1.0,0.9107142857,AI应用,6,3,1.0,0.8071428571,机器人概念,6,3,0.666667,0.7821428571,锂电池,6,2,1.0,0.7571428571,地产链,5,3,0.666667,0.6357142857,exit_top5,,outside_prev_top5,2,3
2026-07-30,5,0,汽车零部件,8,4,0.5,0.8,AI应用,6,4,0.75,0.75625,智能电网,5,2,1.0,0.70625,食品饮料,3,3,1.0,0.6,实控人变更,4,2,1.0,0.58125,remain_top5_lower,4,outside_prev_top5,2,3
2026-07-31,5,3,AI应用,26,5,0.6,0.9181818182,算力,16,2,1.0,0.8636363636,机器人概念,14,1,1.0,0.6863636364,通信,7,1,1.0,0.6318181818,芯片,7,1,1.0,0.5636363636,exit_top5,,prev_rank2_to_5,1,4
2026-08-03,5,2,核电,11,3,0.666667,0.8541666667,机器人概念,11,2,1.0,0.8375,ST摘帽,3,3,1.0,0.6791666667,电力,4,2,1.0,0.675,AI应用,5,6,0.4,0.65,remain_top5_lower,5,outside_prev_top5,2,3
2026-08-04,5,5,算力,27,3,1.0,0.9321428571,通信,28,2,1.0,0.8821428571,芯片,17,2,1.0,0.7357142857,AI应用,13,7,0.6,0.7178571429,医药,10,2,1.0,0.7035714286,exit_top5,,outside_prev_top5,1,4
2026-08-05,5,3,通信,20,3,1.0,0.9625,芯片,18,2,1.0,0.8208333333,有色金属,14,2,1.0,0.8041666667,算力,7,3,1.0,0.7708333333,AI应用,7,8,0.4,0.5166666667,remain_top5_lower,4,prev_rank2_to_5,4,1
2026-08-06,5,1,通信,13,4,1.0,0.9625,芯片,9,3,1.0,0.8791666667,AI应用,7,3,1.0,0.8041666667,医药,6,3,0.666667,0.6875,煤炭,7,1,1.0,0.6208333333,rank1_hold,1,prev_rank1,3,2
2026-08-07,5,2,通信,22,5,1.0,0.9785714286,医药,20,4,0.75,0.7142857143,芯片,8,4,0.75,0.65,并购重组,5,2,1.0,0.6214285714,算力,4,2,1.0,0.4714285714,rank1_hold,1,prev_rank1,3,2
2026-08-10,5,1,医药,12,5,0.8,0.9235294118,基础建设,5,2,1.0,0.8088235294,智能电网,6,5,0.4,0.7588235294,电力,5,1,1.0,0.6882352941,芯片,4,2,1.0,0.6470588235,exit_top5,,prev_rank2_to_5,2,3
2026-08-11,5,0,医药,8,6,0.8,0.8875,机器人概念,8,3,0.666667,0.75,绿色电力,4,2,1.0,0.6625,芯片,4,4,0.75,0.6375,并购重组,3,2,1.0,0.525,rank1_hold,1,prev_rank1,2,3
2026-08-12,5,1,算力,9,2,1.0,0.8666666667,地产链,10,2,1.0,0.8625,医药,8,7,0.6,0.8416666667,机器人概念,7,4,0.75,0.7208333333,通信,7,7,0.4,0.65,remain_top5_lower,3,outside_prev_top5,2,3
2026-08-13,5,1,医药,13,4,1.0,0.9681818182,通信,4,2,1.0,0.7,地产链,3,3,1.0,0.6954545455,绿色电力,4,4,0.5,0.6363636364,机器人概念,3,5,0.6,0.6227272727,exit_top5,,prev_rank2_to_5,4,1
2026-08-14,5,0,医药,9,5,0.6,0.89375,通信,8,3,1.0,0.79375,芯片,9,3,0.666667,0.7875,算力,5,1,1.0,0.5125,中报增长,2,2,1.0,0.3875,rank1_hold,1,prev_rank1,2,3
2026-08-17,5,2,通信,20,4,1.0,0.9636363636,医药,6,5,0.8,0.7090909091,芯片,15,4,0.5,0.6727272727,农业,8,1,1.0,0.6409090909,机器人概念,7,2,1.0,0.6136363636,remain_top5_lower,2,prev_rank2_to_5,3,2
2026-08-18,5,1,农业,23,2,1.0,0.9090909091,芯片,8,2,1.0,0.8090909091,机器人概念,7,3,0.666667,0.6727272727,医药,5,6,0.4,0.6545454545,中报增长,7,1,1.0,0.6363636364,exit_top5,,prev_rank2_to_5,4,1
2026-08-19,5,0,地产链,6,2,1.0,0.86,农业,5,3,1.0,0.82,煤炭,5,1,1.0,0.57,医药,4,2,1.0,0.47,商业航天,3,1,1.0,0.28,remain_top5_lower,2,outside_prev_top5,2,3
2026-08-20,5,2,医药,18,5,0.6,0.8611111111,中报增长,4,2,1.0,0.7888888889,疫苗概念,18,1,1.0,0.7388888889,消费电子,3,3,0.666667,0.6111111111,并购重组,3,2,1.0,0.5944444444,exit_top5,,prev_rank2_to_5,1,4
2026-08-21,5,0,通信,7,4,0.75,0.9111111111,芯片,7,1,1.0,0.7055555556,医药,4,3,1.0,0.6333333333,算力,6,1,1.0,0.6222222222,黄金,4,2,1.0,0.5777777778,remain_top5_lower,3,outside_prev_top5,1,4
2026-08-24,5,0,储能,5,1,1.0,0.7571428571,医药,4,6,0.4,0.6714285714,并购重组,4,5,0.4,0.6428571429,锂电池,4,1,1.0,0.5785714286,黄金,3,3,0.666667,0.5142857143,exit_top5,,outside_prev_top5,2,3
2026-08-25,5,0,医药,8,5,0.6,0.8958333333,算力,6,2,1.0,0.8875,农业,5,2,1.0,0.7833333333,芯片,4,2,1.0,0.7125,实控人变更,3,2,1.0,0.6416666667,exit_top5,,prev_rank2_to_5,1,4
2026-08-26,5,0,黄金,5,5,0.6,0.8409090909,金融概念,4,4,0.75,0.7590909091,通信,4,2,1.0,0.7590909091,中报增长,5,1,1.0,0.7227272727,医药,3,2,1.0,0.6090909091,remain_top5_lower,5,outside_prev_top5,1,4
2026-08-27,5,2,通信,17,3,1.0,0.9625,农业,8,3,1.0,0.8708333333,芯片,10,1,1.0,0.7625,算力,6,3,0.666667,0.7,医药,4,7,0.6,0.6791666667,exit_top5,,prev_rank2_to_5,2,3
2026-08-28,5,1,农业,15,4,1.0,0.9636363636,中报增长,9,2,1.0,0.8,化工,8,2,1.0,0.7454545455,AI应用,9,3,0.666667,0.7272727273,算力,6,2,1.0,0.6136363636,exit_top5,,prev_rank2_to_5,2,3
2026-08-31,5,2,算力,14,4,1.0,0.8923076923,AI应用,16,2,1.0,0.8884615385,地产链,9,3,1.0,0.8115384615,通信,6,3,0.666667,0.6884615385,农业,5,5,0.6,0.6384615385,remain_top5_lower,5,prev_rank2_to_5,3,2
