ts_code,name,is_initial_leader1,is_realized_episode_leader,themes,episode_ids,list_date,first_return_date,last_return_date,observed_return_days,compounded_ytd_return,partial_year,list_date_missing,compounded_ytd_return_pct
000008.SZ,神州高铁,1,1,轨道交通,EP000397,1992-05-07,2026-01-05,2026-08-31,155,-0.1122833737,0,0,-11.22833737
000017.SZ,深中华A,1,1,黄金,EP000767;EP000784,1992-03-31,2026-01-05,2026-08-31,160,0.4243907050,0,0,42.4390705
000020.SZ,深华发Ａ,1,1,地产链,EP000363;EP000762,1992-04-28,2026-01-05,2026-08-31,160,-0.0857904847,0,0,-8.57904847
000026.SZ,飞亚达,0,1,国有企业,EP000438,1993-06-03,2026-01-05,2026-08-31,160,0.2467541522,0,0,24.67541522
000031.SZ,大悦城,0,1,地产链,EP000256,1993-10-08,2026-01-05,2026-08-31,160,-0.2198574394,0,0,-21.98574394
000036.SZ,华联控股,1,1,锂电池,EP000179;EP000237,1994-06-17,2026-01-05,2026-08-31,160,-0.3863615661,0,0,-38.63615661
000037.SZ,深南电A,0,1,电力,EP000557,1994-07-01,2026-01-05,2026-08-31,160,0.1688416749,0,0,16.88416749
000048.SZ,京基智农,0,1,猪肉;股权转让,EP000561;EP000592;EP000650,1994-11-01,2026-01-05,2026-08-31,160,0.3034190211,0,0,30.34190211
000056.SZ,皇庭国际,1,1,锂电池,EP000283;EP000307,1996-07-08,2026-01-05,2026-08-31,159,0.0796002004,0,0,7.96002004
000062.SZ,深圳华强,1,1,华为昇腾,EP000461,1997-01-30,2026-01-05,2026-08-31,160,-0.0000776710,0,0,-0.0077671
000070.SZ,特发信息,0,1,算力,EP000082,2000-05-11,2026-01-05,2026-08-31,160,0.3415639795,0,0,34.15639795
000078.SZ,海王生物,1,1,医药,EP000102;EP000112,1998-12-18,2026-01-05,2026-08-31,159,-0.5809237794,0,0,-58.09237794
000100.SZ,TCL科技,1,1,面板,EP000620,2004-01-30,2026-01-05,2026-08-31,160,0.1431783016,0,0,14.31783016
000151.SZ,中成股份,0,1,基础建设,EP000566,2000-09-06,2026-01-05,2026-08-31,160,-0.1439389262,0,0,-14.39389262
000402.SZ,金融街,0,1,地产链,EP000475,1996-06-26,2026-01-05,2026-08-31,160,-0.0509151099,0,0,-5.09151099
000407.SZ,胜利股份,1,1,天然气;并购重组,EP000047;EP000051;EP000061,1996-07-03,2026-01-05,2026-08-31,160,-0.1405560024,0,0,-14.05560024
000428.SZ,华天酒店,0,1,旅游,EP000709,1996-08-08,2026-01-05,2026-08-31,160,0.3606094247,0,0,36.06094247
000506.SZ,招金黄金,1,1,黄金,EP000634,1993-03-12,2026-01-05,2026-08-31,160,0.5543628495,0,0,55.43628495
000510.SZ,新金路,1,1,有色金属,EP000518;EP000718,1993-05-07,2026-01-05,2026-08-31,160,0.5431794194,0,0,54.31794194
000518.SZ,四环生物,1,1,ST摘帽;医药,EP000509;EP000511,1993-09-08,2026-01-05,2026-08-31,159,0.6265490933,0,0,62.65490933
000520.SZ,凤凰航运,0,1,航运,EP000576,1993-10-25,2026-01-05,2026-08-31,160,-0.1342973618,0,0,-13.42973618
000523.SZ,红棉股份,0,1,食品饮料,EP000234,1993-11-08,2026-01-05,2026-08-31,160,-0.1060974076,0,0,-10.60974076
000533.SZ,顺钠股份,0,1,智能电网,EP000262;EP000326,1994-01-03,2026-01-05,2026-08-31,160,0.4081640495,0,0,40.81640495
000534.SZ,万泽股份,1,1,燃气轮机,EP000232;EP000429,1994-01-10,2026-01-05,2026-08-31,160,0.0786348662,0,0,7.86348662
000537.SZ,绿发电力,0,1,电力,EP000736,1993-12-10,2026-01-05,2026-08-31,160,-0.0768542620,0,0,-7.6854262
000546.SZ,金圆股份,1,1,锂电池,EP000149,1993-12-15,2026-01-05,2026-08-31,160,-0.2445165855,0,0,-24.45165855
000547.SZ,航天发展,1,1,军工,EP000075;EP000084,1993-11-30,2026-01-05,2026-08-31,160,-0.5692208470,0,0,-56.9220847
000551.SZ,创元科技,1,1,洁净室;芯片,EP000169;EP000173,1994-01-06,2026-01-05,2026-08-31,160,-0.1361487922,0,0,-13.61487922
000554.SZ,泰山石油,1,0,石油石化,EP000656,1993-12-15,2026-01-05,2026-08-31,160,0.0452717238,0,0,4.52717238
000560.SZ,我爱我家,1,1,地产链,EP000790,1994-02-02,2026-01-05,2026-08-31,160,-0.0068479986,0,0,-0.68479986
000566.SZ,海南海药,1,1,医药;脑机接口,EP000613;EP000664;EP000707,1994-05-25,2026-01-05,2026-08-31,160,-0.3076901547,0,0,-30.76901547
000571.SZ,新大洲A,0,1,煤炭,EP000599,1994-05-25,2026-01-05,2026-08-31,160,0.0511921709,0,0,5.11921709
000572.SZ,海马汽车,1,1,海南,EP000011,1994-08-08,2026-01-05,2026-08-31,160,-0.5281881548,0,0,-52.81881548
000592.SZ,平潭发展,1,1,海峡两岸;福建,EP000003;EP000114;EP000378;EP000387,1996-03-27,2026-01-05,2026-08-31,160,-0.5649347793,0,0,-56.49347793
000593.SZ,德龙汇能,0,1,实控人变更,EP000017,1996-03-12,2026-01-05,2026-08-31,160,1.0187392481,0,0,101.87392481
000595.SZ,宝塔实业,1,1,电力,EP000711,1996-04-19,2026-01-05,2026-08-31,159,0.0393556339,0,0,3.93556339
000601.SZ,韶能股份,1,0,电力,EP000357,1996-08-30,2026-01-05,2026-08-31,160,0.3128362868,0,0,31.28362868
000603.SZ,盛达资源,1,1,有色金属;黄金,EP000673;EP000680;EP000724,1996-08-23,2026-01-05,2026-08-31,160,0.1960976747,0,0,19.60976747
000608.SZ,阳光股份,0,1,地产链,EP000551,1996-09-19,2026-01-05,2026-08-31,154,1.7680604771,0,0,176.80604771
000620.SZ,盈新发展,0,1,并购重组;芯片,EP000013;EP000018,1996-10-29,2026-01-05,2026-08-31,160,0.2089527396,0,0,20.89527396
000626.SZ,远大控股,0,1,农业,EP000535,1996-11-28,2026-01-05,2026-08-31,160,0.1109701692,0,0,11.09701692
000632.SZ,三木集团,1,1,地产链;海峡两岸;福建,EP000045;EP000053;EP000063,1996-11-21,2026-01-05,2026-08-31,159,-0.2477830353,0,0,-24.77830353
000636.SZ,风华高科,0,1,元器件,EP000701,1996-11-29,2026-01-05,2026-08-31,160,2.4377375656,0,0,243.77375656
000656.SZ,金科股份,0,1,ST摘帽,EP000621,1996-11-28,2026-01-05,2026-08-31,159,-0.1180521218,0,0,-11.80521218
000657.SZ,中钨高新,1,0,有色金属,EP000235,1996-12-05,2026-01-05,2026-08-31,160,1.3807054210,0,0,138.0705421
000668.SZ,荣丰控股,1,1,地产链,EP000703,1996-12-10,2026-01-05,2026-08-31,159,1.3599251970,0,0,135.9925197
000676.SZ,智度股份,1,1,端侧AI,EP000662,1996-12-24,2026-01-05,2026-08-31,160,-0.2016254730,0,0,-20.1625473
000688.SZ,国城矿业,1,1,有色金属,EP000057,1997-01-20,2026-01-05,2026-08-31,160,0.1475247748,0,0,14.75247748
000695.SZ,滨海能源,0,1,锂电池,EP000165,1997-02-18,2026-01-05,2026-08-31,160,0.1841011726,0,0,18.41011726
000712.SZ,锦龙股份,0,1,证券,EP000786,1997-04-15,2026-01-05,2026-08-31,160,0.0798704082,0,0,7.98704082
000720.SZ,新能泰山,1,1,智能电网;通信,EP000371;EP000394;EP000403;EP000407;EP000490,1997-05-09,2026-01-05,2026-08-31,160,0.1743148528,0,0,17.43148528
000723.SZ,美锦能源,0,1,煤炭,EP000773,1997-05-15,2026-01-05,2026-08-31,160,-0.1702118580,0,0,-17.0211858
000759.SZ,中百集团,0,1,零售,EP000553,1997-05-19,2026-01-05,2026-08-31,160,-0.1926023851,0,0,-19.26023851
000768.SZ,中航西飞,1,0,商业航天,EP000565,1997-06-26,2026-01-05,2026-08-31,160,-0.1285713977,0,0,-12.85713977
000777.SZ,中核科技,0,1,中字头;可控核聚变;核电,EP000176;EP000580;EP000583,1997-07-10,2026-01-05,2026-08-31,160,-0.3288854511,0,0,-32.88854511
000779.SZ,甘咨询,0,1,基础建设,EP000776,1997-05-28,2026-01-05,2026-08-31,160,0.1863710856,0,0,18.63710856
000785.SZ,居然智家,0,1,智能家居,EP000440,1997-07-11,2026-01-05,2026-08-31,160,-0.2191781849,0,0,-21.91781849
000798.SZ,中水渔业,1,1,农业;水产品,EP000067;EP000081,1998-02-12,2026-01-05,2026-08-31,160,-0.0907356025,0,0,-9.07356025
000802.SZ,北京文化,0,1,文化传媒,EP000739,1998-01-08,2026-01-05,2026-08-31,160,-0.1076898134,0,0,-10.76898134
000811.SZ,冰轮环境,1,1,液冷;算力,EP000575;EP000604;EP000618;EP000645,1998-05-28,2026-01-05,2026-08-31,160,1.2594817911,0,0,125.94817911
000815.SZ,美利云,1,1,算力,EP000246;EP000657,1998-06-09,2026-01-05,2026-08-31,160,0.4825729171,0,0,48.25729171
000820.SZ,神雾节能,1,1,ST摘帽,EP000681,1998-06-30,2026-01-05,2026-08-31,157,0.0737418311,0,0,7.37418311
000823.SZ,超声电子,0,1,通信,EP000520,1997-10-08,2026-01-05,2026-08-31,160,0.1801437108,0,0,18.01437108
000826.SZ,启迪环境,1,1,环保,EP000311,1998-02-25,2026-01-05,2026-08-31,159,-0.1351361467,0,0,-13.51361467
000839.SZ,国安股份,0,1,AI应用,EP000337,1997-10-31,2026-01-05,2026-08-31,160,0.0568169419,0,0,5.68169419
000859.SZ,国风新材,1,1,芯片,EP000072;EP000298,1998-11-19,2026-01-05,2026-08-31,160,-0.1156131218,0,0,-11.56131218
000863.SZ,三湘印象,0,1,文创产品,EP000155,1997-09-25,2026-01-05,2026-08-31,160,-0.3242416716,0,0,-32.42416716
000887.SZ,中鼎股份,0,1,人工智能,EP000746,1998-12-03,2026-01-05,2026-08-31,160,-0.0726354078,0,0,-7.26354078
000890.SZ,法尔胜,0,1,股权转让;通信,EP000282;EP000303;EP000342,1999-01-19,2026-01-05,2026-08-31,160,0.7810638399,0,0,78.10638399
000892.SZ,欢瑞世纪,0,1,AI应用;短剧,EP000012;EP000642,1999-01-15,2026-01-05,2026-08-31,160,-0.3839540504,0,0,-38.39540504
000899.SZ,赣能股份,1,1,电力,EP000312,1997-11-26,2026-01-05,2026-08-31,160,-0.0004976863,0,0,-0.04976863
000927.SZ,中国铁物,0,1,基础建设,EP000377,1999-07-27,2026-01-05,2026-08-31,160,-0.0261837724,0,0,-2.61837724
000952.SZ,广济药业,1,1,医药;流感,EP000090;EP000092;EP000099;EP000187,1999-11-12,2026-01-05,2026-08-31,160,-0.0611663673,0,0,-6.11663673
000955.SZ,欣龙控股,0,1,海南,EP000632,1999-12-09,2026-01-05,2026-08-31,160,-0.3070743268,0,0,-30.70743268
000960.SZ,锡业股份,0,1,有色金属,EP000196,2000-02-21,2026-01-05,2026-08-31,160,0.3102549804,0,0,31.02549804
000962.SZ,东方钽业,0,1,有色金属,EP000608,2000-01-20,2026-01-05,2026-08-31,160,0.7205113845,0,0,72.05113845
000981.SZ,山子高科,0,1,汽车零部件,EP000722,2000-06-22,2026-01-05,2026-08-31,160,-0.3557687083,0,0,-35.57687083
000995.SZ,皇台酒业,0,1,酿酒,EP000257,2000-08-07,2026-01-05,2026-08-31,160,-0.1143092739,0,0,-11.43092739
001203.SZ,大中矿业,1,1,锂电池,EP000005;EP000237,2021-05-10,2026-01-05,2026-08-31,160,-0.0741154425,0,0,-7.41154425
001209.SZ,洪兴股份,0,1,服装家纺,EP000315,2021-07-23,2026-01-05,2026-08-31,160,-0.1089526664,0,0,-10.89526664
001210.SZ,金房能源,0,1,算力;股权转让,EP000197;EP000539,2021-07-29,2026-01-05,2026-08-31,160,1.4303582067,0,0,143.03582067
001211.SZ,双枪科技,0,1,零售,EP000431,2021-08-05,2026-01-05,2026-08-31,160,0.2577138028,0,0,25.77138028
001223.SZ,欧克科技,0,1,锂电池,EP000494,2022-12-12,2026-01-05,2026-08-31,160,0.1886233004,0,0,18.86233004
001225.SZ,和泰机电,1,1,新型工业化,EP000074,2023-02-22,2026-01-05,2026-08-31,160,-0.1706613650,0,0,-17.0661365
001229.SZ,魅视科技,0,1,物理AI,EP000617,2022-08-08,2026-01-05,2026-08-31,160,0.2745298842,0,0,27.45298842
001237.SZ,惠康科技,0,1,家电,EP000616,2026-05-22,2026-05-22,2026-08-31,71,-0.0253481778,1,0,-2.53481778
001255.SZ,博菲电气,0,1,智能电网,EP000200,2022-09-30,2026-01-05,2026-08-31,160,-0.1480663700,0,0,-14.806637
001256.SZ,炜冈科技,0,1,新型工业化,EP000626,2022-12-05,2026-01-05,2026-08-31,160,0.0677201503,0,0,6.77201503
001258.SZ,立新能源,1,1,电力;绿色电力,EP000668;EP000686;EP000692;EP000736;EP000741,2022-07-27,2026-01-05,2026-08-31,160,0.8645282720,0,0,86.4528272
001259.SZ,利仁科技,1,1,股权转让,EP000483;EP000505;EP000510,2022-08-31,2026-01-05,2026-08-31,160,0.6020343034,0,0,60.20343034
001266.SZ,宏英智能,0,1,储能,EP000054,2022-02-28,2026-01-05,2026-08-31,160,-0.1188068981,0,0,-11.88068981
001267.SZ,汇绿生态,1,0,通信,EP000342,2021-11-17,2026-01-05,2026-08-31,160,0.7951573675,0,0,79.51573675
001279.SZ,强邦新材,0,1,包装印刷,EP000597,2024-10-11,2026-01-05,2026-08-31,160,-0.2370869573,0,0,-23.70869573
001288.SZ,运机集团,1,0,机器人概念,EP000244,2021-11-01,2026-01-05,2026-08-31,160,-0.0727013569,0,0,-7.27013569
001296.SZ,长江材料,0,1,3D打印,EP000083,2021-12-24,2026-01-05,2026-08-31,160,-0.1986750528,0,0,-19.86750528
001299.SZ,美能能源,0,1,天然气,EP000432,2022-10-31,2026-01-05,2026-08-31,160,-0.0906743670,0,0,-9.0674367
001300.SZ,三柏硕,0,1,跨境电商,EP000174,2022-10-19,2026-01-05,2026-08-31,160,-0.2226551350,0,0,-22.2655135
001313.SZ,粤海饲料,0,1,农业,EP000624,2022-02-16,2026-01-05,2026-08-31,160,0.1215901279,0,0,12.15901279
001317.SZ,三羊马,1,1,无人驾驶;智能驾驶,EP000144;EP000145,2021-11-30,2026-01-05,2026-08-31,160,-0.0070775256,0,0,-0.70775256
001330.SZ,博纳影业,1,1,文化传媒,EP000125,2022-08-18,2026-01-05,2026-08-31,160,-0.2618427092,0,0,-26.18427092
001331.SZ,胜通能源,1,1,实控人变更;机器人概念,EP000143;EP000160;EP000172;EP000201,2022-09-08,2026-01-06,2026-08-31,138,0.3726655361,0,0,37.26655361
001337.SZ,四川黄金,1,0,黄金,EP000233,2023-03-03,2026-01-05,2026-08-31,160,0.9364856856,0,0,93.64856856
001339.SZ,智微智能,1,0,算力,EP000604,2022-08-15,2026-01-05,2026-08-31,160,1.0719863294,0,0,107.19863294
001359.SZ,平安电工,1,1,化工;通信,EP000536;EP000713,2024-03-28,2026-01-05,2026-08-31,160,0.6547298164,0,0,65.47298164
001360.SZ,南矿集团,0,1,黄金,EP000284,2023-04-10,2026-01-05,2026-08-31,160,-0.1479899388,0,0,-14.79899388
001389.SZ,广合科技,1,1,通信,EP000236,2024-04-02,2026-01-05,2026-08-31,160,1.0006081823,0,0,100.06081823
001400.SZ,江顺科技,0,1,算力,EP000205,2025-04-24,2026-01-05,2026-08-31,160,0.5294128531,0,0,52.94128531
001696.SZ,宗申动力,0,1,低空经济,EP000556,1997-03-06,2026-01-05,2026-08-31,160,-0.2882751155,0,0,-28.82751155
001896.SZ,豫能控股,0,1,电力;算力,EP000288;EP000433,1998-01-22,2026-01-05,2026-08-31,160,1.2903855446,0,0,129.03855446
002009.SZ,天奇股份,0,1,机器人概念,EP000244,2004-06-29,2026-01-05,2026-08-31,160,-0.2635548207,0,0,-26.35548207
002015.SZ,协鑫能科,1,1,储能,EP000771,2004-07-08,2026-01-05,2026-08-31,160,0.6004172765,0,0,60.04172765
002030.SZ,达安基因,1,1,病毒防治,EP000245;EP000488,2004-08-09,2026-01-05,2026-08-31,160,-0.0838948945,0,0,-8.38948945
002033.SZ,丽江股份,0,1,旅游,EP000443,2004-08-25,2026-01-05,2026-08-31,160,0.0324060706,0,0,3.24060706
002036.SZ,联创电子,1,0,通信,EP000658,2004-09-03,2026-01-05,2026-08-31,155,-0.3520874181,0,0,-35.20874181
002038.SZ,双鹭药业,0,1,保健品,EP000381,2004-09-09,2026-01-05,2026-08-31,160,-0.1871487830,0,0,-18.7148783
002041.SZ,登海种业,1,0,农业,EP000775,2005-04-18,2026-01-05,2026-08-31,160,0.1320800435,0,0,13.20800435
002044.SZ,美年健康,0,1,AI医疗,EP000150,2005-05-18,2026-01-05,2026-08-31,160,-0.1155199534,0,0,-11.55199534
002047.SZ,宝鹰股份,0,1,ST摘帽,EP000577,2005-05-31,2026-01-05,2026-08-31,159,-0.0625016573,0,0,-6.25016573
002051.SZ,中工国际,0,1,基础建设,EP000419;EP000439,2006-06-19,2026-01-05,2026-08-31,160,-0.0462823003,0,0,-4.62823003
002053.SZ,云南能投,0,1,电力,EP000627,2006-06-27,2026-01-05,2026-08-31,160,-0.1816589675,0,0,-18.16589675
002081.SZ,金螳螂,0,1,商业航天;芯片,EP000470;EP000674,2006-11-20,2026-01-05,2026-08-31,160,0.8398809043,0,0,83.98809043
002083.SZ,孚日股份,0,1,电解液;锂电池,EP000034;EP000134;EP000402;EP000688,2006-11-24,2026-01-05,2026-08-31,160,-0.0941879978,0,0,-9.41879978
002084.SZ,海鸥住工,1,1,实控人变更,EP000764,2006-11-24,2026-01-05,2026-08-31,155,0.6443242928,0,0,64.43242928
002086.SZ,东方海洋,1,1,海洋经济,EP000352,2006-11-28,2026-01-05,2026-08-31,160,-0.0779247664,0,0,-7.79247664
002112.SZ,三变科技,1,1,智能电网,EP000200;EP000279,2007-02-08,2026-01-05,2026-08-31,160,0.1492246965,0,0,14.92246965
002119.SZ,康强电子,1,1,芯片,EP000222;EP000248,2007-03-02,2026-01-05,2026-08-31,160,0.4519026744,0,0,45.19026744
002124.SZ,天邦食品,1,1,农业;猪肉,EP000434;EP000496,2007-04-03,2026-01-05,2026-08-31,160,-0.1532873147,0,0,-15.32873147
002126.SZ,银轮股份,0,1,液冷,EP000272,2007-04-18,2026-01-05,2026-08-31,160,0.1099100216,0,0,10.99100216
002130.SZ,沃尔核材,0,1,通信,EP000223,2007-04-20,2026-01-05,2026-08-31,160,-0.3434745780,0,0,-34.3474578
002134.SZ,天津普林,0,1,大飞机,EP000167,2007-05-16,2026-01-05,2026-08-31,160,-0.1392289125,0,0,-13.92289125
002141.SZ,贤丰控股,1,1,通信,EP000638,2007-07-20,2026-01-05,2026-08-31,160,0.9034931459,0,0,90.34931459
002150.SZ,通润装备,1,1,储能,EP000002;EP000362,2007-08-10,2026-01-05,2026-08-31,160,0.1032747535,0,0,10.32747535
002155.SZ,湖南黄金,1,1,黄金,EP000268;EP000321;EP000424,2007-08-16,2026-01-05,2026-08-31,145,0.3082125812,0,0,30.82125812
002163.SZ,海南发展,1,1,海南,EP000132;EP000159;EP000178,2007-08-23,2026-01-05,2026-08-31,160,-0.6413589742,0,0,-64.13589742
002165.SZ,红宝丽,0,1,化工,EP000228,2007-09-13,2026-01-05,2026-08-31,160,0.1406519442,0,0,14.06519442
002167.SZ,东方锆业,1,0,非金属材料,EP000676,2007-09-13,2026-01-05,2026-08-31,160,0.3781432958,0,0,37.81432958
002169.SZ,智光电气,1,0,芯片,EP000162,2007-09-19,2026-01-05,2026-08-31,160,0.1651372072,0,0,16.51372072
002173.SZ,创新医疗,1,1,脑机接口,EP000694,2007-09-25,2026-01-05,2026-08-31,160,-0.1390040454,0,0,-13.90040454
002177.SZ,御银股份,0,1,金融概念,EP000199,2007-11-01,2026-01-05,2026-08-31,160,-0.3687517113,0,0,-36.87517113
002181.SZ,粤传媒,1,1,AI应用;体育产业;文化传媒,EP000008;EP000016;EP000408;EP000414;EP000474;EP000498,2007-11-16,2026-01-05,2026-08-31,160,0.0166216016,0,0,1.66216016
002188.SZ,中天服务,1,1,地产链,EP000154,2007-11-22,2026-01-05,2026-08-31,160,-0.0657897838,0,0,-6.57897838
002192.SZ,融捷股份,1,1,锂电池,EP000376;EP000380,2007-12-05,2026-01-05,2026-08-31,160,0.4330594096,0,0,43.30594096
002195.SZ,岩山科技,1,1,脑机接口,EP000190;EP000214,2007-12-12,2026-01-05,2026-08-31,160,-0.0888605086,0,0,-8.88605086
002196.SZ,方正电机,1,1,三季报增长;机器人概念,EP000001;EP000048,2007-12-12,2026-01-05,2026-08-31,160,-0.3263951833,0,0,-32.63951833
002197.SZ,证通电子,0,1,金融概念,EP000675,2007-12-18,2026-01-05,2026-08-31,160,-0.3102763218,0,0,-31.02763218
002201.SZ,九鼎新材,0,1,化工,EP000163,2007-12-26,2026-01-05,2026-08-31,160,-0.2658768346,0,0,-26.58768346
002208.SZ,合肥城建,1,0,芯片,EP000185,2008-01-28,2026-01-05,2026-08-31,160,-0.1219705130,0,0,-12.1970513
002218.SZ,拓日新能,0,1,光伏,EP000240,2008-02-28,2026-01-05,2026-08-31,160,-0.0944665577,0,0,-9.44665577
002227.SZ,奥特迅,1,0,储能,EP000054,2008-05-06,2026-01-05,2026-08-31,159,-0.4335568789,0,0,-43.35568789
002228.SZ,合兴包装,1,0,海峡两岸,EP000138,2008-05-08,2026-01-05,2026-08-31,160,-0.2830275214,0,0,-28.30275214
002235.SZ,安妮股份,0,1,实控人变更,EP000124,2008-05-16,2026-01-05,2026-08-31,160,-0.1363621548,0,0,-13.63621548
002242.SZ,九阳股份,0,1,家电,EP000062,2008-05-28,2026-01-05,2026-08-31,160,-0.1660553926,0,0,-16.60553926
002248.SZ,华东数控,0,1,新型工业化,EP000743,2008-06-12,2026-01-05,2026-08-31,160,-0.1248884195,0,0,-12.48884195
002251.SZ,步步高,1,1,零售,EP000530;EP000533,2008-06-19,2026-01-05,2026-08-31,160,-0.2994382013,0,0,-29.94382013
002255.SZ,海陆重工,0,1,核电,EP000027,2008-06-25,2026-01-05,2026-08-31,160,-0.3702099763,0,0,-37.02099763
002261.SZ,拓维信息,1,0,AI应用,EP000337,2008-07-23,2026-01-05,2026-08-31,160,-0.2265882969,0,0,-22.65882969
002272.SZ,川润股份,1,0,液冷,EP000181,2008-09-19,2026-01-05,2026-08-31,160,0.0397541838,0,0,3.97541838
002283.SZ,天润工业,1,1,发电机,EP000308,2009-08-21,2026-01-05,2026-08-31,160,0.3885162623,0,0,38.85162623
002291.SZ,遥望科技,1,0,人工智能,EP000274,2009-09-03,2026-01-05,2026-08-31,160,-0.1455364172,0,0,-14.55364172
002295.SZ,精艺股份,0,1,有色金属,EP000780,2009-09-29,2026-01-05,2026-08-31,160,-0.2755294876,0,0,-27.55294876
002297.SZ,博云新材,1,1,一季报增长;商业航天,EP000415;EP000437;EP000453,2009-09-29,2026-01-05,2026-08-31,160,0.5480299097,0,0,54.80299097
002309.SZ,中利集团,1,1,光伏,EP000365;EP000495,2009-11-27,2026-01-05,2026-08-31,160,-0.1061940384,0,0,-10.61940384
002310.SZ,东方园林,0,1,绿色电力,EP000219,2009-11-27,2026-01-05,2026-08-31,160,0.0399954725,0,0,3.99954725
002317.SZ,众生药业,0,1,医药,EP000484,2009-12-11,2026-01-05,2026-08-31,160,0.3272306182,0,0,32.72306182
002322.SZ,理工能科,1,0,中报增长,EP000748,2009-12-18,2026-01-05,2026-08-31,160,0.0887919460,0,0,8.8791946
002323.SZ,雅博股份,1,1,光伏,EP000354,2009-12-18,2026-01-05,2026-08-31,159,-0.2134163718,0,0,-21.34163718
002324.SZ,普利特,0,1,脑机接口,EP000190,2009-12-18,2026-01-05,2026-08-31,160,-0.4089803534,0,0,-40.89803534
002328.SZ,新朋股份,1,1,储能,EP000425,2009-12-30,2026-01-05,2026-08-31,160,0.3018841897,0,0,30.18841897
002329.SZ,皇氏集团,1,1,食品饮料,EP000142;EP000640;EP000738,2010-01-06,2026-01-05,2026-08-31,160,0.0153846165,0,0,1.53846165
002345.SZ,潮宏基,0,1,黄金,EP000571,2010-01-28,2026-01-05,2026-08-31,160,-0.1927968678,0,0,-19.27968678
002346.SZ,柘中股份,0,1,智能电网,EP000649,2010-01-28,2026-01-05,2026-08-31,160,0.0281831678,0,0,2.81831678
002348.SZ,高乐股份,0,1,实控人变更,EP000113,2010-02-03,2026-01-05,2026-08-31,160,0.9547904862,0,0,95.47904862
002350.SZ,北京科锐,1,1,储能;智能电网;绿色电力,EP000309;EP000322;EP000663,2010-02-03,2026-01-05,2026-08-31,160,0.8453244549,0,0,84.53244549
002353.SZ,杰瑞股份,0,1,燃气轮机,EP000691,2010-02-05,2026-01-05,2026-08-31,160,0.8475952357,0,0,84.75952357
002354.SZ,天娱数科,1,1,AI应用;机器人概念;虚拟人,EP000554;EP000611;EP000710;EP000719,2010-02-09,2026-01-05,2026-08-31,160,0.2605954375,0,0,26.05954375
002356.SZ,赫美集团,0,1,氢能源,EP000070,2010-02-09,2026-01-05,2026-08-31,160,-0.2929267447,0,0,-29.29267447
002361.SZ,神剑股份,1,1,商业航天,EP000166;EP000266;EP000379;EP000717,2010-03-03,2026-01-05,2026-08-31,160,-0.2636016331,0,0,-26.36016331
002363.SZ,隆基机械,0,1,汽车零部件,EP000177,2010-03-05,2026-01-05,2026-08-31,160,-0.3049164880,0,0,-30.4916488
002364.SZ,中恒电气,0,1,电源,EP000493,2010-03-05,2026-01-05,2026-08-31,160,0.4614712067,0,0,46.14712067
002366.SZ,融发核电,0,1,核电,EP000781,2010-03-12,2026-01-05,2026-08-31,160,-0.1850857785,0,0,-18.50857785
002371.SZ,北方华创,1,0,芯片,EP000674,2010-03-16,2026-01-05,2026-08-31,160,0.5257061576,0,0,52.57061576
002374.SZ,中锐股份,0,1,酿酒,EP000042;EP000141,2010-03-18,2026-01-05,2026-08-31,160,-0.1361142766,0,0,-13.61142766
002378.SZ,章源钨业,0,1,有色金属,EP000301,2010-03-31,2026-01-05,2026-08-31,160,0.8124157685,0,0,81.24157685
002384.SZ,东山精密,1,1,消费电子,EP000426,2010-04-09,2026-01-05,2026-08-31,160,1.3390427587,0,0,133.90427587
002388.SZ,新亚制程,0,1,锂电池,EP000696,2010-04-13,2026-01-05,2026-08-31,159,0.0438884680,0,0,4.3888468
002395.SZ,双象股份,0,1,体育产业,EP000498,2010-04-29,2026-01-05,2026-08-31,160,-0.2445551367,0,0,-24.45551367
002396.SZ,星网锐捷,1,1,中报增长,EP000622,2010-06-23,2026-01-05,2026-08-31,160,0.7437247424,0,0,74.37247424
002407.SZ,多氟多,0,1,化工,EP000720,2010-05-18,2026-01-05,2026-08-31,160,0.0810208082,0,0,8.10208082
002408.SZ,齐翔腾达,1,1,化工,EP000411,2010-05-18,2026-01-05,2026-08-31,160,0.1413913946,0,0,14.13913946
002412.SZ,汉森制药,0,1,医药,EP000466,2010-05-25,2026-01-05,2026-08-31,160,0.9319312449,0,0,93.19312449
002418.SZ,康盛股份,0,1,三季报增长;算力,EP000001;EP000778,2010-06-01,2026-01-05,2026-08-31,160,0.1299813102,0,0,12.99813102
002421.SZ,达实智能,1,1,AI应用;人工智能;物理AI,EP000416;EP000507;EP000519;EP000547,2010-06-03,2026-01-05,2026-08-31,160,0.1754363002,0,0,17.54363002
002428.SZ,云南锗业,0,1,有色金属;芯片,EP000209;EP000374;EP000383,2010-06-08,2026-01-05,2026-08-31,160,2.1719494226,0,0,217.19494226
002431.SZ,棕榈股份,0,1,旅游,EP000024,2010-06-10,2026-01-05,2026-08-31,159,-0.4225939944,0,0,-42.25939944
002432.SZ,九安医疗,1,1,人工智能;医疗器械,EP000399;EP000665,2010-06-10,2026-01-05,2026-08-31,160,0.7913052000,0,0,79.13052
002445.SZ,中南文化,1,1,并购重组;电力,EP000327;EP000339,2010-07-13,2026-01-05,2026-08-31,145,0.3153919049,0,0,31.53919049
002451.SZ,摩恩电气,0,1,智能电网,EP000019;EP000056,2010-07-20,2026-01-05,2026-08-31,160,-0.2330474440,0,0,-23.3047444
002455.SZ,百川股份,1,1,化工,EP000251,2010-08-03,2026-01-05,2026-08-31,160,0.1143666793,0,0,11.43666793
002462.SZ,嘉事堂,0,1,医药,EP000187,2010-08-18,2026-01-05,2026-08-31,155,-0.1434409887,0,0,-14.34409887
002470.SZ,金正大,0,1,化工,EP000300,2010-09-08,2026-01-05,2026-08-31,160,0.1853955463,0,0,18.53955463
002471.SZ,中超控股,1,1,商业航天;燃气轮机,EP000139;EP000266,2010-09-10,2026-01-05,2026-08-31,160,-0.3179554347,0,0,-31.79554347
002474.SZ,榕基软件,0,1,人工智能,EP000065,2010-09-15,2026-01-05,2026-08-31,160,-0.3539509946,0,0,-35.39509946
002476.SZ,宝莫股份,0,1,化工,EP000752,2010-09-15,2026-01-05,2026-08-31,160,-0.2955832854,0,0,-29.55832854
002478.SZ,常宝股份,1,1,燃气轮机,EP000029;EP000310;EP000422,2010-09-21,2026-01-05,2026-08-31,160,-0.1586426815,0,0,-15.86426815
002490.SZ,山东墨龙,1,1,石油石化,EP000671,2010-10-21,2026-01-05,2026-08-31,160,0.2999957349,0,0,29.99957349
002491.SZ,通鼎互联,1,1,通信,EP000375;EP000465,2010-10-21,2026-01-05,2026-08-31,160,2.7033267701,0,0,270.33267701
002498.SZ,汉缆股份,0,1,智能电网,EP000293,2010-11-09,2026-01-05,2026-08-31,160,0.6592862482,0,0,65.92862482
002501.SZ,利源股份,0,1,金属铝,EP000389,2010-11-17,2026-01-05,2026-08-31,159,-0.4819228450,0,0,-48.1922845
002506.SZ,协鑫集成,0,1,储能;光伏,EP000264;EP000331;EP000495,2010-11-18,2026-01-05,2026-08-31,160,-0.0535732928,0,0,-5.35732928
002523.SZ,天桥起重,0,1,机器人概念,EP000161,2010-12-10,2026-01-05,2026-08-31,160,-0.1717043859,0,0,-17.17043859
002532.SZ,天山铝业,1,0,金属铝,EP000389,2010-12-31,2026-01-05,2026-08-31,160,-0.1472150154,0,0,-14.72150154
002536.SZ,飞龙股份,1,0,液冷;算力,EP000146;EP000770,2011-01-11,2026-01-05,2026-08-31,160,0.8609619918,0,0,86.09619918
002543.SZ,万和电气,1,0,热泵,EP000351,2011-01-28,2026-01-05,2026-08-31,160,-0.2475726073,0,0,-24.75726073
002552.SZ,宝鼎科技,0,1,通信,EP000506;EP000713,2011-02-25,2026-01-05,2026-08-31,160,2.1998536083,0,0,219.98536083
002560.SZ,通达股份,1,1,年报增长,EP000393,2011-03-03,2026-01-05,2026-08-31,160,-0.1320138216,0,0,-13.20138216
002574.SZ,明牌珠宝,1,1,黄金,EP000215,2011-04-22,2026-01-05,2026-08-31,160,-0.0925274808,0,0,-9.25274808
002578.SZ,闽发铝业,1,1,金属铝,EP000033,2011-04-28,2026-01-05,2026-08-31,160,-0.0824020385,0,0,-8.24020385
002579.SZ,中京电子,1,1,AI PC,EP000534,2011-05-06,2026-01-05,2026-08-31,160,0.2052527706,0,0,20.52527706
002580.SZ,圣阳股份,1,1,液冷;算力;锂电池,EP000406;EP000430;EP000598;EP000696,2011-05-06,2026-01-05,2026-08-31,160,0.7324784496,0,0,73.24784496
002585.SZ,双星新材,1,1,化工;电阻电容,EP000119;EP000228;EP000582,2011-06-02,2026-01-05,2026-08-31,160,0.4765925521,0,0,47.65925521
002591.SZ,恒大高新,1,0,锂电池,EP000034,2011-06-21,2026-01-05,2026-08-31,160,-0.1859562982,0,0,-18.59562982
002606.SZ,大连电瓷,0,1,智能电网,EP000517,2011-08-05,2026-01-05,2026-08-31,160,0.5139986528,0,0,51.39986528
002632.SZ,道明光学,1,1,端侧AI,EP000100,2011-11-22,2026-01-05,2026-08-31,160,-0.3079837156,0,0,-30.79837156
002634.SZ,棒杰股份,0,1,光伏,EP000384,2011-12-05,2026-01-05,2026-08-31,159,-0.2531014864,0,0,-25.31014864
002636.SZ,金安国纪,0,1,年报增长;通信,EP000041;EP000230,2011-11-25,2026-01-05,2026-08-31,160,3.5444043716,0,0,354.44043716
002639.SZ,雪人集团,1,1,可控核聚变;核电,EP000137;EP000614,2011-12-05,2026-01-05,2026-08-31,160,-0.3586068262,0,0,-35.86068262
002645.SZ,华宏科技,0,1,稀土永磁,EP000472;EP000525,2011-12-20,2026-01-05,2026-08-31,160,0.5962294939,0,0,59.62294939
002655.SZ,共达电声,0,1,金刚石概念,EP000723,2012-02-17,2026-01-05,2026-08-31,160,2.0338516081,0,0,203.38516081
002666.SZ,德联集团,0,1,核电,EP000158,2012-03-27,2026-01-05,2026-08-31,160,-0.2232298708,0,0,-22.32298708
002667.SZ,威领股份,0,1,有色金属,EP000235,2012-03-29,2026-01-05,2026-08-31,159,0.4239930291,0,0,42.39930291
002678.SZ,珠江钢琴,1,1,体育产业,EP000261,2012-05-30,2026-01-05,2026-08-31,160,-0.0168858967,0,0,-1.68858967
002682.SZ,龙洲股份,0,1,海峡两岸,EP000114;EP000138,2012-06-12,2026-01-05,2026-08-31,160,-0.4142311403,0,0,-41.42311403
002691.SZ,冀凯股份,0,1,新型工业化,EP000052,2012-07-31,2026-01-05,2026-08-31,159,-0.4917160981,0,0,-49.17160981
002696.SZ,百洋股份,0,1,农业,EP000730,2012-09-05,2026-01-05,2026-08-31,160,-0.0551823465,0,0,-5.51823465
002702.SZ,海欣食品,1,1,食品饮料,EP000101,2012-10-11,2026-01-05,2026-08-31,160,-0.2780913946,0,0,-27.80913946
002703.SZ,浙江世宝,1,1,无人驾驶;智能驾驶,EP000156;EP000168;EP000512,2012-11-02,2026-01-05,2026-08-31,160,-0.1922313481,0,0,-19.22313481
002716.SZ,湖南白银,0,1,有色金属,EP000421,2014-01-28,2026-01-05,2026-08-31,160,0.5664529792,0,0,56.64529792
002718.SZ,友邦吊顶,1,0,实控人变更,EP000212,2014-01-28,2026-01-05,2026-08-31,155,1.4176451905,0,0,141.76451905
002725.SZ,跃岭股份,1,1,芯片,EP000133,2014-01-29,2026-01-05,2026-08-31,160,-0.3079838836,0,0,-30.79838836
002728.SZ,特一药业,0,1,医药,EP000278,2014-07-31,2026-01-05,2026-08-31,160,-0.1642851368,0,0,-16.42851368
002735.SZ,王子新材,1,0,核电,EP000158,2014-12-03,2026-01-05,2026-08-31,160,-0.3372143770,0,0,-33.7214377
002739.SZ,万达电影,1,1,文化传媒,EP000661,2015-01-22,2026-01-05,2026-08-31,160,-0.2420472143,0,0,-24.20472143
002743.SZ,富煌钢构,1,0,并购重组,EP000758,2015-02-17,2026-01-05,2026-08-31,160,-0.0533088064,0,0,-5.33088064
002748.SZ,世龙实业,0,1,锂电池,EP000737,2015-03-19,2026-01-05,2026-08-31,160,-0.0444567653,0,0,-4.44567653
002757.SZ,南兴股份,1,0,人工智能,EP000183,2015-05-27,2026-01-05,2026-08-31,160,-0.0955858266,0,0,-9.55858266
002759.SZ,天际股份,1,0,锂电池,EP000165,2015-05-28,2026-01-05,2026-08-31,159,-0.6284733950,0,0,-62.8473395
002760.SZ,凤形股份,0,1,发电机,EP000491,2015-06-11,2026-01-05,2026-08-31,160,-0.1202185517,0,0,-12.02185517
002762.SZ,金发拉比,0,1,服装家纺,EP000740,2015-06-10,2026-01-05,2026-08-31,159,0.3799166731,0,0,37.99166731
002766.SZ,索菱股份,1,1,无人驾驶;智能驾驶,EP000195;EP000512,2015-06-11,2026-01-05,2026-08-31,160,-0.2909081916,0,0,-29.09081916
002774.SZ,快意电梯,0,1,地产链;电梯概念,EP000193;EP000204;EP000208,2017-03-24,2026-01-05,2026-08-31,160,0.7781002892,0,0,77.81002892
002775.SZ,文科股份,0,1,绿色电力,EP000663,2015-06-29,2026-01-05,2026-08-31,160,-0.1495342312,0,0,-14.95342312
002782.SZ,可立克,0,1,智能电网,EP000503,2015-12-22,2026-01-05,2026-08-31,160,-0.1295069344,0,0,-12.95069344
002788.SZ,鹭燕医药,1,1,医药,EP000153,2016-02-18,2026-01-05,2026-08-31,160,-0.4712892552,0,0,-47.12892552
002790.SZ,瑞尔特,1,0,福建,EP000003,2016-03-08,2026-01-05,2026-08-31,160,-0.2406436336,0,0,-24.06436336
002795.SZ,永和智控,0,1,股权转让,EP000210,2016-04-28,2026-01-05,2026-08-31,160,0.1476176546,0,0,14.76176546
002796.SZ,世嘉科技,1,1,光模块,EP000224,2016-05-10,2026-01-05,2026-08-31,160,0.1045835400,0,0,10.458354
002800.SZ,天顺股份,0,1,一带一路,EP000171,2016-05-30,2026-01-05,2026-08-31,160,0.0019071964,0,0,0.19071964
002805.SZ,丰元股份,1,1,固态电池;锂电池,EP000022;EP000569,2016-07-07,2026-01-05,2026-08-31,160,0.0575280916,0,0,5.75280916
002815.SZ,崇达技术,1,1,通信,EP000646,2016-10-12,2026-01-05,2026-08-31,160,0.0880217764,0,0,8.80217764
002821.SZ,凯莱英,1,0,医药,EP000613,2016-11-18,2026-01-05,2026-08-31,160,0.7540009858,0,0,75.40009858
002824.SZ,和胜股份,1,1,消费电子;锂电池,EP000430;EP000574,2017-01-12,2026-01-05,2026-08-31,160,0.3758054840,0,0,37.5805484
002827.SZ,高争民爆,1,0,实控人变更,EP000699,2016-12-09,2026-01-05,2026-08-31,160,0.5479742707,0,0,54.79742707
002830.SZ,名雕股份,1,1,AI应用;人工智能;地产链,EP000225;EP000269;EP000274;EP000589,2016-12-13,2026-01-05,2026-08-31,160,0.1377368849,0,0,13.77368849
002842.SZ,翔鹭钨业,1,1,有色金属,EP000291;EP000734,2017-01-19,2026-01-05,2026-08-31,160,1.6995615087,0,0,169.95615087
002851.SZ,麦格米特,0,1,电源,EP000581,2017-03-06,2026-01-05,2026-08-31,160,0.4503236436,0,0,45.03236436
002855.SZ,捷荣技术,0,1,消费电子,EP000782;EP000792,2017-03-21,2026-01-05,2026-08-31,160,-0.0170839158,0,0,-1.70839158
002865.SZ,钧达股份,1,1,光伏,EP000151;EP000192;EP000314;EP000480,2017-04-25,2026-01-05,2026-08-31,160,-0.2721132933,0,0,-27.21132933
002871.SZ,伟隆股份,1,0,算力,EP000539;EP000544,2017-05-11,2026-01-05,2026-08-31,160,0.0484331611,0,0,4.84331611
002875.SZ,安奈儿,0,1,服装家纺,EP000791,2017-06-01,2026-01-05,2026-08-31,160,-0.1250003150,0,0,-12.5000315
002879.SZ,长缆科技,1,1,智能电网,EP000684,2017-07-07,2026-01-05,2026-08-31,160,-0.0936637614,0,0,-9.36637614
002885.SZ,京泉华,1,0,智能电网,EP000019,2017-06-27,2026-01-05,2026-08-31,160,0.1155881898,0,0,11.55881898
002886.SZ,沃特股份,1,1,化工,EP000788,2017-06-27,2026-01-05,2026-08-31,160,0.3404295912,0,0,34.04295912
002896.SZ,中大力德,1,0,机器人概念,EP000366,2017-08-29,2026-01-05,2026-08-31,160,-0.2727686398,0,0,-27.27686398
002900.SZ,哈三联,1,1,医药,EP000678;EP000690,2017-09-22,2026-01-05,2026-08-31,160,0.0216725043,0,0,2.16725043
002903.SZ,宇环数控,0,1,消费电子,EP000341,2017-10-13,2026-01-05,2026-08-31,160,0.3847882100,0,0,38.478821
002909.SZ,集泰股份,0,1,算力,EP000170,2017-10-26,2026-01-05,2026-08-31,160,-0.1160022899,0,0,-11.60022899
002910.SZ,庄园牧场,0,1,食品饮料,EP000142,2017-10-31,2026-01-05,2026-08-31,160,-0.0819040039,0,0,-8.19040039
002915.SZ,中欣氟材,1,0,化工,EP000481,2017-12-05,2026-01-05,2026-08-31,160,-0.2293831447,0,0,-22.93831447
002923.SZ,润都股份,1,0,医药,EP000466,2018-01-05,2026-01-05,2026-08-31,160,-0.0880622078,0,0,-8.80622078
002927.SZ,泰永长征,1,1,智能电网,EP000136;EP000529;EP000579,2018-02-23,2026-01-05,2026-08-31,160,-0.1733125146,0,0,-17.33125146
002931.SZ,锋龙股份,1,1,机器人概念,EP000172;EP000226,2018-04-03,2026-01-05,2026-08-31,148,0.4625339595,0,0,46.25339595
002940.SZ,昂利康,1,0,医药,EP000511,2018-10-23,2026-01-05,2026-08-31,160,-0.2532312787,0,0,-25.32312787
002943.SZ,宇晶股份,1,0,光伏,EP000240;EP000264,2018-11-29,2026-01-05,2026-08-31,160,0.1901274730,0,0,19.0127473
002949.SZ,华阳国际,1,1,AI应用,EP000787,2019-02-26,2026-01-05,2026-08-31,160,-0.1131460799,0,0,-11.31460799
002951.SZ,金时科技,0,1,元器件,EP000689;EP000749,2019-03-15,2026-01-05,2026-08-31,160,0.0570448412,0,0,5.70448412
002952.SZ,亚世光电,1,1,面板,EP000330,2019-03-28,2026-01-05,2026-08-31,160,0.0936729711,0,0,9.36729711
002963.SZ,豪尔赛,0,1,旅游,EP000777,2019-10-28,2026-01-05,2026-08-31,160,0.3360247209,0,0,33.60247209
002969.SZ,嘉美包装,0,1,实控人变更,EP000160;EP000212;EP000349,2019-12-02,2026-01-05,2026-08-31,148,-0.0134292963,0,0,-1.34292963
002976.SZ,瑞玛精密,0,1,汽车零部件,EP000105,2020-03-06,2026-01-05,2026-08-31,160,0.1817936068,0,0,18.17936068
002980.SZ,华盛昌,1,1,并购重组;通信,EP000323;EP000447;EP000506,2020-04-15,2026-01-05,2026-08-31,160,3.8077831344,0,0,380.77831344
002995.SZ,天地在线,1,1,AI应用;人工智能,EP000254;EP000528,2020-08-05,2026-01-05,2026-08-31,160,0.0847494165,0,0,8.47494165
003001.SZ,中岩大地,1,1,基础建设;并购重组;核电,EP000653;EP000667;EP000715,2020-10-13,2026-01-05,2026-08-31,160,-0.1954204311,0,0,-19.54204311
003009.SZ,中天火箭,0,1,商业航天,EP000545,2020-09-25,2026-01-05,2026-08-31,160,-0.3964881946,0,0,-39.64881946
003018.SZ,金富科技,1,1,包装印刷;算力;通信,EP000055;EP000091;EP000778,2020-11-06,2026-01-05,2026-08-31,160,2.4076919233,0,0,240.76919233
003020.SZ,立方制药,1,0,医药,EP000647,2020-12-15,2026-01-05,2026-08-31,160,-0.1549958160,0,0,-15.4995816
003021.SZ,兆威机电,0,1,机器人概念,EP000340,2020-12-04,2026-01-05,2026-08-31,160,-0.3930362043,0,0,-39.30362043
003031.SZ,中瓷电子,0,1,通信,EP000249,2021-01-04,2026-01-05,2026-08-31,160,0.7479702222,0,0,74.79702222
003032.SZ,传智教育,1,1,AI应用,EP000698,2021-01-12,2026-01-05,2026-08-31,159,0.7189879425,0,0,71.89879425
003036.SZ,泰坦股份,1,0,通信,EP000465,2021-01-28,2026-01-05,2026-08-31,160,2.8545643093,0,0,285.45643093
003040.SZ,楚天龙,1,1,金融概念,EP000783,2021-03-22,2026-01-05,2026-08-31,160,-0.1386182459,0,0,-13.86182459
003041.SZ,真爱美家,0,1,实控人变更,EP000073,2021-04-06,2026-01-05,2026-08-31,156,-0.2659650321,0,0,-26.59650321
003042.SZ,中农联合,1,1,农业,EP000250;EP000385,2021-04-06,2026-01-05,2026-08-31,160,-0.1014921600,0,0,-10.149216
300042.SZ,朗科科技,1,1,存储,EP000360,2010-01-08,2026-01-05,2026-08-31,160,0.5761161291,0,0,57.61161291
300067.SZ,安诺其,0,1,并购重组,EP000458,2010-04-21,2026-01-05,2026-08-31,151,0.1199965996,0,0,11.99965996
300069.SZ,金利华电,0,1,商业航天;并购重组,EP000516;EP000761,2010-04-21,2026-01-05,2026-08-31,150,0.5368059595,0,0,53.68059595
300071.SZ,福石控股,0,1,AIGC;AI应用,EP000006;EP000630,2010-04-21,2026-01-05,2026-08-31,160,-0.3568107276,0,0,-35.68107276
300102.SZ,乾照光电,0,1,商业航天,EP000036,2010-08-12,2026-01-05,2026-08-31,160,-0.3392918963,0,0,-33.92918963
300118.SZ,东方日升,0,1,光伏,EP000140,2010-09-02,2026-01-05,2026-08-31,160,-0.3410649585,0,0,-34.10649585
300157.SZ,新锦动力,0,1,石油石化,EP000302,2011-01-07,2026-01-05,2026-08-31,160,-0.0859063594,0,0,-8.59063594
300162.SZ,雷曼光电,0,1,玻璃基板,EP000549,2011-01-13,2026-01-05,2026-08-31,160,-0.0344338726,0,0,-3.44338726
300164.SZ,通源石油,0,1,石油石化,EP000656,2011-01-13,2026-01-05,2026-08-31,160,0.9420245704,0,0,94.20245704
300165.SZ,天瑞仪器,0,1,锂电池,EP000413,2011-01-25,2026-01-05,2026-08-31,159,0.1496881354,0,0,14.96881354
300169.SZ,天晟新材,0,1,化工,EP000702,2011-01-25,2026-01-05,2026-08-31,155,-0.0560014968,0,0,-5.60014968
300179.SZ,四方达,0,1,金刚石概念,EP000049,2011-02-15,2026-01-05,2026-08-31,160,1.4768549204,0,0,147.68549204
300197.SZ,节能铁汉,1,1,并购重组,EP000542;EP000552,2011-03-29,2026-01-05,2026-08-31,160,0.1525366833,0,0,15.25366833
300250.SZ,初灵信息,0,1,摩尔线程概念,EP000117,2011-08-03,2026-01-05,2026-08-31,160,-0.3445723572,0,0,-34.45723572
300264.SZ,佳创视讯,0,1,文化传媒,EP000560,2011-09-16,2026-01-05,2026-08-31,160,-0.0342792378,0,0,-3.42792378
300275.SZ,梅安森,0,1,智慧矿山,EP000523,2011-11-02,2026-01-05,2026-08-31,160,-0.3067122988,0,0,-30.67122988
300283.SZ,温州宏丰,1,0,锂电池,EP000462,2012-01-10,2026-01-05,2026-08-31,160,0.8163826498,0,0,81.63826498
300317.SZ,珈伟新能,0,1,光伏,EP000314,2012-05-11,2026-01-05,2026-08-31,160,0.0755215801,0,0,7.55215801
300332.SZ,天壕能源,0,1,天然气,EP000361,2012-06-28,2026-01-05,2026-08-31,151,-0.0344870732,0,0,-3.44870732
300377.SZ,赢时胜,0,1,金融概念,EP000123,2014-01-27,2026-01-05,2026-08-31,160,-0.3290475159,0,0,-32.90475159
300427.SZ,红相股份,0,1,军工,EP000066,2015-02-17,2026-01-05,2026-08-31,160,-0.4759184035,0,0,-47.59184035
300480.SZ,光力科技,0,1,芯片,EP000289,2015-07-02,2026-01-05,2026-08-31,160,0.8802945625,0,0,88.02945625
300497.SZ,富祥药业,0,1,锂电池,EP000376,2015-12-22,2026-01-05,2026-08-31,160,0.1402922381,0,0,14.02922381
300509.SZ,新美星,0,1,机器人概念,EP000098,2016-04-25,2026-01-05,2026-08-31,160,-0.2621745042,0,0,-26.21745042
300518.SZ,新迅达,0,1,锂电池,EP000619,2016-06-24,2026-01-05,2026-08-31,160,0.4571409728,0,0,45.71409728
300552.SZ,万集科技,0,1,无人驾驶,EP000721,2016-10-21,2026-01-05,2026-08-31,160,-0.2816195818,0,0,-28.16195818
300561.SZ,汇金科技,0,1,金融概念,EP000595,2016-11-17,2026-01-05,2026-08-31,159,0.1337717043,0,0,13.37717043
300588.SZ,熙菱信息,0,1,AI应用,EP000572,2017-01-05,2026-01-05,2026-08-31,160,-0.1485173629,0,0,-14.85173629
300593.SZ,新雷能,0,1,电源,EP000558,2017-01-13,2026-01-05,2026-08-31,160,0.0188162659,0,0,1.88162659
300598.SZ,诚迈科技,0,1,操作系统,EP000759,2017-01-20,2026-01-05,2026-08-31,160,-0.2564725720,0,0,-25.6472572
300599.SZ,雄塑科技,0,1,基础建设,EP000188,2017-01-23,2026-01-05,2026-08-31,160,0.4364749663,0,0,43.64749663
300608.SZ,思特奇,1,0,算力,EP000406,2017-02-13,2026-01-05,2026-08-31,160,-0.0803921300,0,0,-8.039213
300615.SZ,欣天科技,0,1,实控人变更,EP000699,2017-02-15,2026-01-05,2026-08-31,155,0.1318982832,0,0,13.18982832
300616.SZ,尚品宅配,0,1,AI应用,EP000487,2017-03-07,2026-01-05,2026-08-31,160,-0.2195897902,0,0,-21.95897902
300626.SZ,华瑞股份,1,1,机器人概念,EP000405,2017-03-20,2026-01-05,2026-08-31,160,0.7387503464,0,0,73.87503464
300639.SZ,凯普生物,0,1,病毒防治,EP000245,2017-04-12,2026-01-05,2026-08-31,160,0.1003721255,0,0,10.03721255
300649.SZ,杭州园林,0,1,股权转让,EP000540,2017-05-05,2026-01-05,2026-08-31,160,0.7902151280,0,0,79.0215128
300651.SZ,金陵体育,0,1,体育产业,EP000408,2017-05-09,2026-01-05,2026-08-31,160,-0.1536264995,0,0,-15.36264995
300659.SZ,中孚信息,0,1,华为概念,EP000068,2017-05-26,2026-01-05,2026-08-31,160,-0.3190089832,0,0,-31.90089832
300684.SZ,中石科技,0,1,股权转让,EP000755,2017-12-27,2026-01-05,2026-08-31,160,0.9424707635,0,0,94.24707635
300719.SZ,安达维尔,0,1,军工,EP000295,2017-11-09,2026-01-05,2026-08-31,160,-0.3175015226,0,0,-31.75015226
300731.SZ,科创新源,0,1,算力,EP000259,2017-12-08,2026-01-05,2026-08-31,160,0.1831980163,0,0,18.31980163
300736.SZ,百邦科技,0,1,实控人变更,EP000442,2018-01-09,2026-01-05,2026-08-31,158,0.9471346182,0,0,94.71346182
300785.SZ,值得买,0,1,阿里系AI,EP000059,2019-07-15,2026-01-05,2026-08-31,160,-0.2002564117,0,0,-20.02564117
300814.SZ,中富电路,0,1,通信,EP000080,2021-08-12,2026-01-05,2026-08-31,160,0.8507066319,0,0,85.07066319
300827.SZ,上能电气,0,1,储能,EP000362,2020-04-10,2026-01-05,2026-08-31,160,-0.2696565501,0,0,-26.96565501
300839.SZ,博汇股份,1,1,石油石化;算力,EP000404;EP000770,2020-06-30,2026-01-05,2026-08-31,160,0.0656117823,0,0,6.56117823
300871.SZ,回盛生物,0,1,医药,EP000242,2020-08-24,2026-01-05,2026-08-31,160,0.1114692341,0,0,11.14692341
300894.SZ,火星人,0,1,家电,EP000563,2020-12-31,2026-01-05,2026-08-31,160,-0.0534341867,0,0,-5.34341867
300905.SZ,宝丽迪,1,1,化工,EP000441,2020-11-05,2026-01-05,2026-08-31,160,0.1722327912,0,0,17.22327912
300931.SZ,通用电梯,0,1,地产链,EP000578,2021-01-21,2026-01-05,2026-08-31,160,0.4290889998,0,0,42.90889998
300959.SZ,线上线下,0,1,实控人变更,EP000046,2021-03-22,2026-01-05,2026-08-31,160,0.0341066515,0,0,3.41066515
300981.SZ,中红医疗,0,1,医疗器械,EP000348,2021-04-27,2026-01-05,2026-08-31,160,0.2461687323,0,0,24.61687323
300985.SZ,致远新能,0,1,氢能源,EP000271,2021-04-29,2026-01-05,2026-08-31,160,1.1144452184,0,0,111.44452184
300986.SZ,志特新材,0,1,人工智能,EP000183,2021-04-30,2026-01-05,2026-08-31,157,0.5587515512,0,0,55.87515512
300997.SZ,欢乐家,1,0,食品饮料,EP000044,2021-06-02,2026-01-05,2026-08-31,160,-0.3537247325,0,0,-35.37247325
301008.SZ,宏昌科技,1,1,两轮车,EP000390,2021-06-11,2026-01-05,2026-08-31,160,0.1942105369,0,0,19.42105369
301016.SZ,雷尔伟,0,1,轨道交通,EP000198,2021-06-30,2026-01-05,2026-08-31,160,-0.1539841946,0,0,-15.39841946
301043.SZ,绿岛风,0,1,洁净室,EP000217,2021-08-11,2026-01-05,2026-08-31,160,-0.3188998924,0,0,-31.88998924
301085.SZ,亚康股份,0,1,算力,EP000693,2021-10-18,2026-01-05,2026-08-31,160,0.1590852928,0,0,15.90852928
301123.SZ,奕东电子,0,1,液冷,EP000146;EP000164,2022-01-25,2026-01-05,2026-08-31,160,0.0909429563,0,0,9.09429563
301149.SZ,隆华新材,0,1,服装家纺,EP000241,2021-11-10,2026-01-05,2026-08-31,160,0.0544809094,0,0,5.44809094
301152.SZ,天力锂能,0,1,锂电池,EP000774,2022-08-29,2026-01-05,2026-08-31,160,-0.2454225338,0,0,-24.54225338
301196.SZ,唯科科技,0,1,机器人概念,EP000366,2022-01-11,2026-01-05,2026-08-31,160,0.5566453851,0,0,55.66453851
301213.SZ,观想科技,0,1,军工,EP000316,2021-12-06,2026-01-07,2026-08-31,158,-0.1654357369,0,0,-16.54357369
301232.SZ,飞沃科技,0,1,商业航天,EP000417,2023-06-15,2026-01-05,2026-08-31,160,-0.1206801669,0,0,-12.06801669
301255.SZ,通力科技,0,1,机器人概念,EP000395,2022-12-27,2026-01-05,2026-08-31,160,-0.2979472762,0,0,-29.79472762
301256.SZ,华融化学,0,1,光刻胶,EP000107,2022-03-22,2026-01-05,2026-08-31,160,-0.2436296389,0,0,-24.36296389
301313.SZ,凡拓数创,0,1,物理AI,EP000504,2022-09-30,2026-01-05,2026-08-31,160,0.3070570191,0,0,30.70570191
301317.SZ,鑫磊股份,0,1,液冷,EP000637,2023-01-19,2026-01-05,2026-08-31,160,0.5043331233,0,0,50.43331233
301357.SZ,北方长龙,0,1,军工,EP000729,2023-04-18,2026-01-05,2026-08-31,160,-0.3682075641,0,0,-36.82075641
301362.SZ,民爆光电,1,0,并购重组,EP000270,2023-08-04,2026-01-05,2026-08-31,150,2.8390653941,0,0,283.90653941
301392.SZ,汇成真空,0,1,芯片,EP000401,2024-06-05,2026-01-05,2026-08-31,160,0.4656796079,0,0,46.56796079
301396.SZ,宏景科技,0,1,算力,EP000218,2022-11-11,2026-01-05,2026-08-31,160,2.8909518350,0,0,289.0951835
301428.SZ,世纪恒通,0,1,AI应用;人工智能,EP000359;EP000555,2023-05-19,2026-01-05,2026-08-31,160,-0.1443031710,0,0,-14.4303171
301468.SZ,博盈特焊,0,1,燃气轮机,EP000543,2023-07-24,2026-01-05,2026-08-31,160,-0.1751640974,0,0,-17.51640974
301486.SZ,致尚科技,1,0,通信,EP000122,2023-07-07,2026-01-05,2026-08-31,160,0.4421625551,0,0,44.21625551
301526.SZ,国际复材,0,1,通信,EP000695,2023-12-26,2026-01-05,2026-08-31,160,3.4304716027,0,0,343.04716027
301529.SZ,福赛科技,0,1,汽车零部件,EP000227,2023-09-11,2026-01-05,2026-08-31,160,0.4090839642,0,0,40.90839642
301580.SZ,爱迪特,0,1,医疗器械;非金属材料,EP000562;EP000676,2024-06-26,2026-01-05,2026-08-31,160,0.7718799783,0,0,77.18799783
301587.SZ,中瑞股份,0,1,锂电池,EP000687,2024-04-08,2026-01-05,2026-08-31,160,-0.0688025558,0,0,-6.88025558
301591.SZ,肯特股份,0,1,PTFE,EP000785,2024-02-28,2026-01-05,2026-08-31,160,0.7848387549,0,0,78.48387549
600010.SH,包钢股份,0,1,稀土永磁,EP000306,2001-03-09,2026-01-05,2026-08-31,160,-0.0546213885,0,0,-5.46213885
600026.SH,中远海能,0,1,航运,EP000304,2002-05-23,2026-01-05,2026-08-31,160,0.6884977501,0,0,68.84977501
600058.SH,五矿发展,1,0,并购重组,EP000213,1997-05-28,2026-01-15,2026-08-31,152,-0.1399974340,0,0,-13.9997434
600084.SH,中信尼雅,1,0,酿酒,EP000257,1997-07-11,2026-01-05,2026-08-31,159,-0.1923808843,0,0,-19.23808843
600094.SH,大名城,1,1,算力,EP000644,1997-07-03,2026-01-05,2026-08-31,160,-0.0576923154,0,0,-5.76923154
600108.SH,亚盛集团,0,1,农业,EP000325;EP000332;EP000344,1997-08-18,2026-01-05,2026-08-31,160,0.1746056003,0,0,17.46056003
600113.SH,浙江东日,0,1,零售,EP000615,1997-10-21,2026-01-05,2026-08-31,160,-0.5228053783,0,0,-52.28053783
600121.SH,郑州煤电,0,1,煤炭,EP000345,1998-01-07,2026-01-05,2026-08-31,160,0.1774608674,0,0,17.74608674
600127.SH,金健米业,1,1,农业,EP000751,1998-05-06,2026-01-05,2026-08-31,160,0.7916648083,0,0,79.16648083
600130.SH,波导股份,0,1,ST摘帽,EP000479,2000-07-06,2026-01-05,2026-08-31,159,0.0692141345,0,0,6.92141345
600135.SH,乐凯胶片,0,1,国有企业,EP000207,1998-01-22,2026-01-05,2026-08-31,160,-0.2674419783,0,0,-26.74419783
600151.SH,航天机电,0,1,商业航天,EP000086,1998-06-05,2026-01-05,2026-08-31,160,-0.4301990388,0,0,-43.01990388
600152.SH,维科技术,0,1,钠电池,EP000451,1998-06-09,2026-01-05,2026-08-31,160,0.1465767565,0,0,14.65767565
600162.SH,香江控股,1,1,地产链;房地产;算力,EP000522;EP000541;EP000590;EP000712,1998-06-09,2026-01-05,2026-08-31,160,1.6864771744,0,0,168.64771744
600167.SH,联美控股,1,0,摩尔线程概念,EP000117,1999-01-28,2026-01-05,2026-08-31,160,-0.1855882554,0,0,-18.55882554
600172.SH,黄河旋风,0,1,金刚石概念,EP000531;EP000594,1998-11-26,2026-01-05,2026-08-31,160,1.5323979497,0,0,153.23979497
600183.SH,生益科技,1,1,新材料概念,EP000527,1998-10-28,2026-01-05,2026-08-31,160,1.1601698492,0,0,116.01698492
600188.SH,兖矿能源,1,0,煤炭,EP000273,1998-07-01,2026-01-05,2026-08-31,160,0.8225185454,0,0,82.25185454
600195.SH,中牧股份,0,1,农业,EP000410,1999-01-07,2026-01-05,2026-08-31,160,-0.1252432781,0,0,-12.52432781
600226.SH,亨通股份,0,1,农业,EP000347,1999-11-16,2026-01-05,2026-08-31,160,0.1707253473,0,0,17.07253473
600227.SH,赤天化,0,1,化工,EP000666,2000-02-21,2026-01-05,2026-08-31,160,1.1176360114,0,0,111.76360114
600229.SH,城市传媒,0,1,文化传媒,EP000568,2000-03-09,2026-01-05,2026-08-31,160,-0.1687680487,0,0,-16.87680487
600236.SH,桂冠电力,1,0,电力,EP000327,2000-03-23,2026-01-05,2026-08-31,160,0.2876075697,0,0,28.76075697
600250.SH,南京商旅,1,0,文创产品,EP000155,2001-03-06,2026-01-05,2026-08-31,160,-0.1190191247,0,0,-11.90191247
600258.SH,首旅酒店,0,1,旅游,EP000040,2000-06-01,2026-01-05,2026-08-31,160,-0.2726115395,0,0,-27.26115395
600259.SH,中稀有色,0,1,稀土永磁,EP000319,2000-05-25,2026-01-05,2026-08-31,160,0.4902825625,0,0,49.02825625
600288.SH,大恒科技,1,1,物理AI,EP000641,2000-11-29,2026-01-05,2026-08-31,160,-0.2409715429,0,0,-24.09715429
600293.SH,三峡新材,1,1,玻璃,EP000548,2000-09-19,2026-01-05,2026-08-31,160,-0.0507921770,0,0,-5.0792177
600302.SH,标准股份,1,0,实控人变更,EP000229,2000-12-13,2026-01-05,2026-08-31,159,-0.3841761211,0,0,-38.41761211
600303.SH,曙光股份,0,1,汽车零部件,EP000546,2000-12-26,2026-01-05,2026-08-31,160,-0.0705522241,0,0,-7.05522241
600307.SH,酒钢宏兴,1,1,核电;钢铁,EP000350;EP000358,2000-12-20,2026-01-05,2026-08-31,160,-0.0909118903,0,0,-9.09118903
600313.SH,农发种业,1,1,农业,EP000258,2001-01-19,2026-01-05,2026-08-31,160,0.1168536450,0,0,11.6853645
600326.SH,西藏天路,1,1,基础建设,EP000732,2001-01-16,2026-01-05,2026-08-31,160,-0.3118774271,0,0,-31.18774271
600337.SH,美克家居,0,1,并购重组,EP000194,2000-11-27,2026-01-05,2026-08-31,159,0.1232915919,0,0,12.32915919
600338.SH,西藏珠峰,1,1,锂电池,EP000462;EP000473,2000-12-27,2026-01-05,2026-08-31,160,-0.0603442422,0,0,-6.03442422
600340.SH,华夏幸福,0,1,地产链,EP000060,2003-12-30,2026-01-05,2026-08-31,159,-0.4977173585,0,0,-49.77173585
600343.SH,航天动力,1,1,商业航天,EP000086;EP000683,2003-04-08,2026-01-05,2026-08-31,160,-0.6250775873,0,0,-62.50775873
600345.SH,长江通信,1,0,通信,EP000260,2000-12-22,2026-01-05,2026-08-31,160,0.4673530541,0,0,46.73530541
600353.SH,旭光电子,1,0,非金属材料,EP000588,2002-11-20,2026-01-05,2026-08-31,160,1.2771453515,0,0,127.71453515
600367.SH,红星发展,0,1,元器件,EP000515,2001-03-20,2026-01-05,2026-08-31,160,1.3514262355,0,0,135.14262355
600370.SH,三房巷,1,1,化工,EP000186,2003-03-06,2026-01-05,2026-08-31,159,-0.3008850135,0,0,-30.08850135
600371.SH,万向德农,0,1,农业,EP000775,2002-09-16,2026-01-05,2026-08-31,160,0.4739164301,0,0,47.39164301
600376.SH,首开股份,0,1,机器人概念,EP000069,2001-03-12,2026-01-05,2026-08-31,160,-0.4705000054,0,0,-47.05000054
600382.SH,广东明珠,1,1,酿酒,EP000276,2001-01-18,2026-01-05,2026-08-31,160,-0.0445283111,0,0,-4.45283111
600386.SH,北巴传媒,0,1,文化传媒,EP000499,2001-02-16,2026-01-05,2026-08-31,160,-0.2004555603,0,0,-20.04555603
600391.SH,航发科技,0,1,燃气轮机,EP000636,2001-12-12,2026-01-05,2026-08-31,160,-0.0700744144,0,0,-7.00744144
600392.SH,盛和资源,0,1,稀土永磁,EP000587,2003-05-29,2026-01-05,2026-08-31,160,0.0946326116,0,0,9.46326116
600395.SH,盘江股份,0,1,煤炭,EP000524,2001-05-31,2026-01-05,2026-08-31,160,0.2896823286,0,0,28.96823286
600396.SH,华电辽能,1,1,电力;绿色电力;风电,EP000346;EP000357;EP000460;EP000464,2001-03-28,2026-01-05,2026-08-31,160,3.8210519261,0,0,382.10519261
600397.SH,江钨装备,1,1,有色金属,EP000301;EP000335;EP000471;EP000564;EP000718,2002-07-02,2026-01-05,2026-08-31,160,1.5223776489,0,0,152.23776489
600400.SH,红豆股份,1,0,机器人概念,EP000477,2001-01-08,2026-01-05,2026-08-31,160,0.2268948968,0,0,22.68948968
600403.SH,大有能源,1,1,煤炭,EP000203;EP000538;EP000660;EP000670,2003-10-09,2026-01-05,2026-08-31,160,0.0959897043,0,0,9.59897043
600408.SH,安泰集团,1,1,煤炭,EP000025;EP000064;EP000116,2003-02-12,2026-01-05,2026-08-31,160,-0.2307699349,0,0,-23.07699349
600410.SH,华胜天成,1,1,华为概念;算力,EP000068;EP000651,2004-04-27,2026-01-05,2026-08-31,160,-0.2253994914,0,0,-22.53994914
600429.SH,三元股份,0,1,食品饮料,EP000044,2003-09-15,2026-01-05,2026-08-31,160,-0.0984550215,0,0,-9.84550215
600468.SH,百利电气,1,0,可控核聚变,EP000614,2001-06-15,2026-01-05,2026-08-31,160,-0.0950573710,0,0,-9.5057371
600475.SH,华光环能,0,1,光伏,EP000009,2003-07-21,2026-01-05,2026-08-31,160,-0.1642949265,0,0,-16.42949265
600482.SH,中国动力,0,1,燃气轮机,EP000336,2004-07-14,2026-01-05,2026-08-31,160,0.5989916816,0,0,59.89916816
600488.SH,津药药业,0,1,医药,EP000369;EP000489,2001-06-18,2026-01-05,2026-08-31,160,0.3115401787,0,0,31.15401787
600502.SH,安徽建工,0,1,基础建设,EP000392,2003-04-15,2026-01-05,2026-08-31,160,0.0068799753,0,0,0.68799753
600506.SH,统一股份,0,1,液冷,EP000028;EP000181,2001-12-26,2026-01-05,2026-08-31,160,-0.1973023481,0,0,-19.73023481
600510.SH,黑牡丹,0,1,地产链,EP000370,2002-06-18,2026-01-05,2026-08-31,160,-0.1574211017,0,0,-15.74211017
600516.SH,方大炭素,0,1,石墨化,EP000550,2002-08-30,2026-01-05,2026-08-31,160,-0.0706807469,0,0,-7.06807469
600520.SH,三佳科技,1,0,芯片,EP000222,2002-01-08,2026-01-05,2026-08-31,160,0.0642299130,0,0,6.4229913
600539.SH,狮头股份,0,1,地产链;并购重组,EP000382;EP000386,2001-08-24,2026-01-05,2026-08-31,160,0.4587506279,0,0,45.87506279
600545.SH,卓郎智能,1,1,人工智能,EP000324,2003-12-03,2026-01-05,2026-08-31,160,0.7031240755,0,0,70.31240755
600578.SH,京能电力,1,1,电力;绿色电力,EP000497;EP000500;EP000513,2002-05-10,2026-01-05,2026-08-31,160,0.1067594040,0,0,10.6759404
600589.SH,大位科技,1,0,算力,EP000288,2001-06-12,2026-01-05,2026-08-31,160,0.1396708997,0,0,13.96708997
600590.SH,泰豪科技,0,1,发电机,EP000334,2002-07-03,2026-01-05,2026-08-31,160,-0.0854958575,0,0,-8.54958575
600593.SH,大连圣亚,0,1,旅游,EP000231,2002-07-11,2026-01-05,2026-08-31,160,0.0140005634,0,0,1.40005634
600595.SH,中孚实业,0,1,金属铝,EP000659,2002-06-26,2026-01-05,2026-08-31,160,-0.1860925516,0,0,-18.60925516
600610.SH,中毅达,0,1,化工,EP000768,1992-08-05,2026-01-05,2026-08-31,160,-0.0302139760,0,0,-3.0213976
600613.SH,神奇制药,0,1,医药,EP000716,1992-08-20,2026-01-05,2026-08-31,160,0.8651984103,0,0,86.51984103
600617.SH,国新能源,1,0,天然气,EP000361,1992-10-13,2026-01-05,2026-08-31,160,0.0955386022,0,0,9.55386022
600645.SH,中源协和,0,1,医药,EP000085,1993-05-04,2026-01-05,2026-08-31,160,-0.2345281901,0,0,-23.45281901
600654.SH,中安科,0,1,网络安全,EP000789,1990-12-19,2026-01-05,2026-08-31,160,-0.1087460199,0,0,-10.87460199
600664.SH,哈药股份,1,1,医药,EP000435;EP000647,1993-06-29,2026-01-05,2026-08-31,160,1.6434722351,0,0,164.34722351
600666.SH,奥瑞德,1,1,算力,EP000329;EP000373;EP000400,1993-07-12,2026-01-05,2026-08-31,160,0.0714311068,0,0,7.14311068
600676.SH,交运股份,0,1,并购重组,EP000213,1993-09-28,2026-01-05,2026-08-31,160,0.1581618663,0,0,15.81618663
600683.SH,京投发展,1,1,北京市;地产链;并购重组,EP000265;EP000355;EP000448;EP000457;EP000476;EP000485,1993-10-25,2026-01-05,2026-08-31,160,1.5971944970,0,0,159.7194497
600684.SH,珠江股份,0,1,体育产业,EP000255,1993-10-28,2026-01-05,2026-08-31,160,-0.1513782824,0,0,-15.13782824
600686.SH,金龙汽车,0,1,汽车整车,EP000058,1993-11-08,2026-01-05,2026-08-31,160,-0.3576440207,0,0,-35.76440207
600693.SH,东百集团,1,1,零售,EP000043;EP000128;EP000706,1993-11-22,2026-01-05,2026-08-31,160,-0.4750445348,0,0,-47.50445348
600714.SH,金瑞矿业,0,1,化工,EP000469,1996-06-06,2026-01-05,2026-08-31,160,0.5114134960,0,0,51.1413496
600715.SH,文投控股,1,0,AI应用,EP000455,1996-07-01,2026-01-05,2026-08-31,160,-0.2293567781,0,0,-22.93567781
600722.SH,金牛化工,1,1,化工,EP000677;EP000731,1996-06-26,2026-01-05,2026-08-31,160,1.8282715256,0,0,182.82715256
600724.SH,宁波富达,0,1,地产链,EP000625,1996-07-16,2026-01-05,2026-08-31,160,-0.1038514134,0,0,-10.38514134
600726.SH,华电能源,1,1,电力,EP000468;EP000513,1996-07-01,2026-01-05,2026-08-31,160,1.3012452787,0,0,130.12452787
600734.SH,实达集团,1,0,算力,EP000082,1996-08-08,2026-01-05,2026-08-31,159,-0.6239115359,0,0,-62.39115359
600743.SH,华远控股,1,1,国有企业;地产链;并购重组,EP000418;EP000420;EP000427,1996-09-09,2026-01-05,2026-08-31,160,0.1700053232,0,0,17.00053232
600756.SH,浪潮软件,1,0,AI应用;人工智能,EP000065;EP000642,1996-09-23,2026-01-05,2026-08-31,160,-0.2084721214,0,0,-20.84721214
600759.SH,洲际油气,1,1,天然气;石油石化,EP000238;EP000243;EP000253;EP000281;EP000302;EP000318,1996-10-08,2026-01-05,2026-08-31,159,-0.1666698601,0,0,-16.66698601
600783.SH,鲁信创投,1,1,商业航天,EP000166;EP000470;EP000610;EP000761,1996-12-25,2026-01-05,2026-08-31,160,-0.3477058279,0,0,-34.77058279
600785.SH,新华百货,0,1,股权转让;零售,EP000221;EP000779,1997-01-08,2026-01-05,2026-08-31,160,0.1972348547,0,0,19.72348547
600793.SH,宜宾纸业,0,1,造纸,EP000639,1997-02-20,2026-01-05,2026-08-31,160,-0.2838842873,0,0,-28.38842873
600800.SH,渤海化学,1,0,化工,EP000368,1993-12-06,2026-01-05,2026-08-31,160,0.0115541023,0,0,1.15541023
600802.SH,福建水泥,1,0,海峡两岸,EP000106,1994-01-03,2026-01-05,2026-08-31,160,-0.2728645009,0,0,-27.28645009
600815.SH,厦工股份,1,0,基础建设,EP000377,1994-01-28,2026-01-05,2026-08-31,160,0.3188402162,0,0,31.88402162
600828.SH,茂业商业,1,1,零售,EP000095;EP000211;EP000263;EP000277,1994-02-24,2026-01-05,2026-08-31,160,-0.3202061788,0,0,-32.02061788
600844.SH,金煤科技,0,1,化工,EP000368,1994-03-11,2026-01-05,2026-08-31,160,0.3611114965,0,0,36.11114965
600851.SH,海欣股份,1,1,医药,EP000585,1994-04-04,2026-01-05,2026-08-31,160,0.2525591042,0,0,25.25591042
600857.SH,宁波中百,1,0,零售,EP000615,1994-04-25,2026-01-05,2026-08-31,160,0.4713433990,0,0,47.1343399
600865.SH,百大集团,0,1,零售,EP000128,1994-08-09,2026-01-05,2026-08-31,160,-0.4438983179,0,0,-44.38983179
600868.SH,梅雁吉祥,1,1,有色金属,EP000094;EP000120,1994-09-12,2026-01-05,2026-08-31,160,-0.1407163950,0,0,-14.0716395
600869.SH,远东股份,1,1,算力,EP000205;EP000267,1995-02-06,2026-01-05,2026-08-31,160,1.3712165988,0,0,137.12165988
600893.SH,航发动力,0,1,燃气轮机,EP000247,1996-04-08,2026-01-05,2026-08-31,160,-0.0325439191,0,0,-3.25439191
600936.SH,广西广电,0,1,机器人概念,EP000131,2016-08-15,2026-01-05,2026-08-31,160,0.2274868197,0,0,22.74868197
600939.SH,重庆建工,0,1,基础建设;重庆市,EP000032;EP000103,2017-02-21,2026-01-05,2026-08-31,160,-0.1703455902,0,0,-17.03455902
600961.SH,株冶集团,0,1,有色金属,EP000444,2004-08-30,2026-01-05,2026-08-31,160,0.6987655200,0,0,69.876552
600971.SH,恒源煤电,0,1,煤炭,EP000273,2004-08-17,2026-01-05,2026-08-31,160,0.5223040604,0,0,52.23040604
600979.SH,广安爱众,1,0,电力,EP000433,2004-09-06,2026-01-05,2026-08-31,160,-0.1025083084,0,0,-10.25083084
600981.SH,苏豪汇鸿,1,1,人工智能;跨境电商,EP000109;EP000110,2004-06-30,2026-01-05,2026-08-31,160,-0.2066502031,0,0,-20.66502031
600992.SH,贵绳股份,1,1,商业航天,EP000648,2004-05-14,2026-01-05,2026-08-31,160,-0.2601357565,0,0,-26.01357565
601011.SH,宝泰隆,1,1,煤炭,EP000763,2011-03-09,2026-01-05,2026-08-31,160,-0.0941210778,0,0,-9.41210778
601066.SH,中信建投,0,1,证券,EP000593,2018-06-20,2026-01-05,2026-08-31,160,-0.0314552897,0,0,-3.14552897
601101.SH,昊华能源,1,1,煤炭,EP000538;EP000727,2010-03-31,2026-01-05,2026-08-31,160,1.1400813381,0,0,114.00813381
601106.SH,中国一重,0,1,核电,EP000202;EP000239,2010-02-09,2026-01-05,2026-08-31,160,-0.2330848801,0,0,-23.30848801
601116.SH,三江购物,1,1,阿里巴巴概念;零售,EP000220;EP000760,2011-03-02,2026-01-05,2026-08-31,160,-0.2052269447,0,0,-20.52269447
601133.SH,柏诚股份,1,0,芯片,EP000412,2023-04-10,2026-01-05,2026-08-31,160,0.6667641796,0,0,66.67641796
601162.SH,天风证券,0,1,证券,EP000629,2018-10-19,2026-01-05,2026-08-31,160,-0.0745192284,0,0,-7.45192284
601179.SH,中国西电,1,1,智能电网,EP000579;EP000591,2010-01-28,2026-01-05,2026-08-31,160,0.3955009180,0,0,39.5500918
601208.SH,东材科技,1,0,通信,EP000080;EP000223,2011-05-20,2026-01-05,2026-08-31,160,0.9357850234,0,0,93.57850234
601212.SH,白银有色,0,1,黄金,EP000233;EP000305,2017-02-15,2026-01-05,2026-08-31,160,0.1743651069,0,0,17.43651069
601231.SH,环旭电子,1,0,通信,EP000147,2012-02-20,2026-01-05,2026-08-31,160,-0.0853958599,0,0,-8.53958599
601388.SH,怡球资源,0,1,年报增长,EP000252,2012-04-23,2026-01-05,2026-08-31,160,0.1693272651,0,0,16.93272651
601399.SH,国机重装,0,1,燃气轮机,EP000121,2020-06-08,2026-01-05,2026-08-31,160,-0.3326374935,0,0,-33.26374935
601566.SH,九牧王,0,1,服装家纺,EP000157,2011-05-30,2026-01-05,2026-08-31,160,-0.3190620666,0,0,-31.90620666
601606.SH,长城军工,1,1,军工,EP000682,2018-08-06,2026-01-05,2026-08-31,160,-0.3376982386,0,0,-33.76982386
601609.SH,金田股份,0,1,稀土永磁,EP000750,2020-04-22,2026-01-05,2026-08-31,160,0.2630636731,0,0,26.30636731
601611.SH,中国核建,0,1,核电,EP000350,2016-06-06,2026-01-05,2026-08-31,160,-0.1997160099,0,0,-19.97160099
601700.SH,风范股份,1,1,智能电网,EP000136;EP000733;EP000744;EP000753,2011-01-18,2026-01-05,2026-08-31,160,0.4169582664,0,0,41.69582664
601777.SH,千里科技,0,1,智能驾驶,EP000297,2010-11-25,2026-01-05,2026-08-31,160,-0.2182502287,0,0,-21.82502287
601778.SH,晶科科技,1,1,光伏;智能电网,EP000140;EP000436,2020-05-19,2026-01-05,2026-08-31,160,-0.0092148267,0,0,-0.92148267
601789.SH,宁波建工,0,1,算力,EP000329,2011-08-16,2026-01-05,2026-08-31,160,-0.1253115854,0,0,-12.53115854
601865.SH,福莱特,0,1,光伏,EP000714,2019-02-15,2026-01-05,2026-08-31,160,-0.3510751827,0,0,-35.10751827
601869.SH,长飞光纤,0,1,通信,EP000147;EP000375,2018-07-20,2026-01-05,2026-08-31,160,2.6001371087,0,0,260.01371087
601872.SH,招商轮船,1,1,航运,EP000304;EP000320,2006-12-01,2026-01-05,2026-08-31,160,1.1209059427,0,0,112.09059427
601886.SH,江河集团,1,1,地产链,EP000742,2011-08-18,2026-01-05,2026-08-31,160,0.7432385310,0,0,74.3238531
601929.SH,吉视传媒,0,1,文化传媒,EP000023,2012-02-23,2026-01-05,2026-08-31,160,-0.2529092261,0,0,-25.29092261
601958.SH,金钼股份,1,0,有色金属,EP000564,2008-04-17,2026-01-05,2026-08-31,160,0.4775385949,0,0,47.75385949
601965.SH,中国汽研,1,0,年报增长,EP000230,2012-06-11,2026-01-05,2026-08-31,160,-0.1193418301,0,0,-11.93418301
601991.SH,大唐发电,1,1,电力,EP000478;EP000500,2006-12-20,2026-01-05,2026-08-31,160,0.7021902021,0,0,70.21902021
603001.SH,奥康国际,0,1,服装家纺,EP000602,2012-04-26,2026-01-05,2026-08-31,155,0.0089411849,0,0,0.89411849
603007.SH,花王股份,0,1,物理AI,EP000600,2016-08-26,2026-01-05,2026-08-31,159,-0.1605923426,0,0,-16.05923426
603015.SH,弘讯科技,1,0,核电,EP000202,2015-03-03,2026-01-05,2026-08-31,160,-0.0963094937,0,0,-9.63094937
603020.SH,爱普股份,0,1,食品饮料,EP000559;EP000570,2015-03-25,2026-01-05,2026-08-31,160,0.0230329948,0,0,2.30329948
603032.SH,德新科技,0,1,锂电池,EP000532,2017-01-05,2026-01-05,2026-08-31,160,0.0507222703,0,0,5.07222703
603045.SH,福达合金,1,0,算力,EP000575,2018-05-17,2026-01-05,2026-08-31,160,1.9989917834,0,0,199.89917834
603052.SH,可川科技,0,1,通信,EP000031;EP000206;EP000447,2022-10-11,2026-01-05,2026-08-31,160,0.9052283048,0,0,90.52283048
603057.SH,紫燕食品,0,1,年报增长,EP000454,2022-09-26,2026-01-05,2026-08-31,160,-0.0142082448,0,0,-1.42082448
603063.SH,禾望电气,0,1,智能电网,EP000449,2017-07-28,2026-01-05,2026-08-31,160,-0.0257670599,0,0,-2.57670599
603067.SH,振华股份,1,1,化工,EP000026,2016-09-13,2026-01-05,2026-08-31,160,0.2407389111,0,0,24.07389111
603070.SH,万控智造,1,0,智能电网,EP000490,2022-03-10,2026-01-05,2026-08-31,160,-0.0833132894,0,0,-8.33132894
603078.SH,江化微,0,1,实控人变更,EP000229,2017-04-10,2026-01-05,2026-08-31,155,1.0277897592,0,0,102.77897592
603082.SH,北自科技,1,1,机器人概念,EP000477;EP000669,2024-01-30,2026-01-05,2026-08-31,160,0.2247353656,0,0,22.47353656
603090.SH,宏盛股份,0,1,算力,EP000127,2016-08-31,2026-01-05,2026-08-31,160,-0.2366921019,0,0,-23.66921019
603092.SH,德力佳,1,0,风电,EP000346,2025-11-07,2026-01-05,2026-08-31,160,-0.3009824942,0,0,-30.09824942
603095.SH,越剑智能,1,1,新型工业化,EP000467;EP000482,2020-04-15,2026-01-05,2026-08-31,160,-0.0807162173,0,0,-8.07162173
603103.SH,横店影视,1,1,AI应用;文化传媒,EP000275;EP000285;EP000290,2017-10-12,2026-01-05,2026-08-31,160,-0.0488519504,0,0,-4.88519504
603106.SH,恒银科技,0,1,金融概念,EP000728,2017-09-20,2026-01-05,2026-08-31,160,-0.2542672019,0,0,-25.42672019
603113.SH,金能科技,0,1,化工,EP000111,2017-05-11,2026-01-05,2026-08-31,160,0.0037274902,0,0,0.37274902
603115.SH,海星股份,1,1,元器件;电阻电容,EP000508;EP000582,2019-08-09,2026-01-05,2026-08-31,160,3.0793327727,0,0,307.93327727
603118.SH,共进股份,0,1,通信,EP000658,2015-02-25,2026-01-05,2026-08-31,160,0.6215642767,0,0,62.15642767
603122.SH,合富中国,1,1,医药;海峡两岸,EP000007;EP000021;EP000039;EP000063,2022-02-16,2026-01-05,2026-08-31,160,-0.5090166869,0,0,-50.90166869
603123.SH,翠微股份,1,1,数字货币;金融概念,EP000148;EP000726,2012-05-03,2026-01-05,2026-08-31,160,-0.4354569032,0,0,-43.54569032
603131.SH,上海沪工,1,1,商业航天,EP000036;EP000050,2016-06-07,2026-01-05,2026-08-31,160,-0.5110758144,0,0,-51.10758144
603135.SH,中重科技,0,1,机器人概念,EP000537,2023-04-10,2026-01-05,2026-08-31,160,0.0108595258,0,0,1.08595258
603137.SH,恒尚节能,1,1,并购重组,EP000607;EP000643;EP000652,2023-04-19,2026-01-05,2026-08-31,150,0.6339216901,0,0,63.39216901
603138.SH,海量数据,0,1,人工智能,EP000292,2017-03-06,2026-01-05,2026-08-31,160,-0.0801674864,0,0,-8.01674864
603155.SH,新亚强,0,1,实控人变更,EP000093,2020-09-01,2026-01-05,2026-08-31,160,0.2066630713,0,0,20.66630713
603158.SH,腾龙股份,0,1,算力,EP000400,2015-03-20,2026-01-05,2026-08-31,160,0.0826860554,0,0,8.26860554
603163.SH,圣晖集成,0,1,芯片,EP000162,2022-10-13,2026-01-05,2026-08-31,160,0.1788242547,0,0,17.88242547
603165.SH,荣晟环保,1,0,芯片,EP000374,2017-01-17,2026-01-05,2026-08-31,160,0.2572087914,0,0,25.72087914
603169.SH,兰石重装,1,1,钍基熔盐,EP000015,2014-10-09,2026-01-05,2026-08-31,160,-0.3930576786,0,0,-39.30576786
603178.SH,圣龙股份,0,1,汽车零部件,EP000456,2017-03-28,2026-01-05,2026-08-31,160,-0.0540534034,0,0,-5.40534034
603179.SH,新泉股份,1,0,机器人概念,EP000226,2017-03-17,2026-01-05,2026-08-31,160,-0.2469349955,0,0,-24.69349955
603185.SH,弘元绿能,1,0,光伏,EP000035,2018-12-28,2026-01-05,2026-08-31,160,-0.5048259092,0,0,-50.48259092
603186.SH,华正新材,1,0,通信,EP000520,2017-01-03,2026-01-05,2026-08-31,160,2.6839769551,0,0,268.39769551
603191.SH,望变电气,1,0,智能电网,EP000293,2022-04-28,2026-01-05,2026-08-31,160,0.0078565614,0,0,0.78565614
603200.SH,上海洗霸,1,0,锂电池,EP000774,2017-06-01,2026-01-05,2026-08-31,160,-0.4044328298,0,0,-40.44328298
603203.SH,快克智能,1,0,液冷,EP000164,2016-11-08,2026-01-05,2026-08-31,160,0.6205435162,0,0,62.05435162
603212.SH,赛伍技术,0,1,光伏,EP000623,2020-04-30,2026-01-05,2026-08-31,160,-0.1868435966,0,0,-18.68435966
603216.SH,梦天家居,1,1,地产链,EP000079;EP000097,2021-12-15,2026-01-05,2026-08-31,160,-0.5137237496,0,0,-51.37237496
603221.SH,爱丽家居,1,1,并购重组,EP000679;EP000704;EP000725;EP000758,2020-03-23,2026-01-05,2026-08-31,152,1.1221684553,0,0,112.21684553
603222.SH,济民健康,1,0,医药,EP000716,2015-02-17,2026-01-05,2026-08-31,160,-0.1237604003,0,0,-12.37604003
603232.SH,格尔软件,1,1,量子科技,EP000004,2017-04-21,2026-01-05,2026-08-31,160,-0.3307165234,0,0,-33.07165234
603248.SH,锡华科技,1,1,次新股,EP000356,2025-12-23,2026-01-05,2026-08-31,160,-0.1728921480,0,0,-17.2892148
603258.SH,电魂网络,0,1,游戏,EP000705,2016-10-26,2026-01-05,2026-08-31,160,-0.2820078133,0,0,-28.20078133
603268.SH,松发股份,0,1,ST摘帽,EP000452,2015-03-19,2026-01-05,2026-08-31,159,1.3294593258,0,0,132.94593258
603269.SH,海鸥股份,0,1,中报增长,EP000748,2017-05-17,2026-01-05,2026-08-31,160,1.6291639905,0,0,162.91639905
603277.SH,银都股份,0,1,零售,EP000745,2017-09-11,2026-01-05,2026-08-31,160,-0.2775355204,0,0,-27.75355204
603280.SH,南方路机,0,1,基础建设,EP000087,2022-11-08,2026-01-05,2026-08-31,160,-0.2727012278,0,0,-27.27012278
603308.SH,应流股份,0,1,燃气轮机,EP000294,2014-01-22,2026-01-05,2026-08-31,160,0.0637061201,0,0,6.37061201
603316.SH,诚邦股份,0,1,芯片,EP000328,2017-06-19,2026-01-05,2026-08-31,160,-0.0289650099,0,0,-2.89650099
603318.SH,水发燃气,1,1,天然气;燃气轮机,EP000317;EP000459,2015-04-24,2026-01-05,2026-08-31,160,0.5014895150,0,0,50.1489515
603330.SH,天洋新材,1,0,通信,EP000695,2017-02-13,2026-01-05,2026-08-31,160,0.4571825997,0,0,45.71825997
603335.SH,迪生力,1,0,并购重组,EP000607,2017-06-20,2026-01-05,2026-08-31,160,0.1989280740,0,0,19.8928074
603338.SH,浙江鼎力,1,1,基础建设,EP000631,2015-03-25,2026-01-05,2026-08-31,160,0.0434227814,0,0,4.34227814
603353.SH,和顺石油,0,1,并购重组,EP000104,2020-04-07,2026-01-05,2026-08-31,160,0.2415536361,0,0,24.15536361
603366.SH,日出东方,0,1,热泵,EP000351,2012-05-21,2026-01-05,2026-08-31,160,-0.1918320030,0,0,-19.1832003
603386.SH,骏亚科技,0,1,通信,EP000122,2017-09-12,2026-01-05,2026-08-31,160,-0.0534883668,0,0,-5.34883668
603399.SH,永杉锂业,1,1,锂电池;锂矿,EP000605;EP000687,2012-08-24,2026-01-05,2026-08-31,160,0.4619849704,0,0,46.19849704
603400.SH,华之杰,0,1,机器人概念,EP000669,2025-06-20,2026-01-05,2026-08-31,160,0.1542819899,0,0,15.42819899
603407.SH,长裕集团,0,1,非金属材料,EP000588,2026-05-11,2026-05-11,2026-08-31,80,3.1407058717,1,0,314.07058717
603435.SH,嘉德利,0,1,元器件,EP000672,2026-05-22,2026-05-22,2026-08-31,71,2.3090083586,1,0,230.90083586
603458.SH,勘设股份,0,1,无人驾驶,EP000189,2017-08-09,2026-01-05,2026-08-31,160,-0.0718573928,0,0,-7.18573928
603486.SH,科沃斯,1,0,机器人概念,EP000463,2018-05-28,2026-01-05,2026-08-31,160,-0.3353892728,0,0,-33.53892728
603499.SH,翔港科技,0,1,股权转让,EP000628,2017-10-16,2026-01-05,2026-08-31,160,-0.1082362988,0,0,-10.82362988
603530.SH,神马电力,1,1,智能电网,EP000309;EP000326,2019-08-05,2026-01-05,2026-08-31,160,0.1431254024,0,0,14.31254024
603538.SH,美诺华,1,0,医药,EP000369,2017-04-07,2026-01-05,2026-08-31,160,0.9323905589,0,0,93.23905589
603559.SH,中通国脉,1,0,ST摘帽,EP000621,2016-12-02,2026-01-05,2026-08-31,159,0.5078689208,0,0,50.78689208
603580.SH,艾艾精工,0,1,实控人变更,EP000654;EP000757,2017-05-25,2026-01-05,2026-08-31,154,4.2799949311,0,0,427.99949311
603585.SH,苏利股份,1,1,农业,EP000152,2016-12-14,2026-01-05,2026-08-31,160,-0.1856379757,0,0,-18.56379757
603598.SH,引力传媒,1,0,文化传媒,EP000499,2015-05-27,2026-01-05,2026-08-31,160,0.0553292507,0,0,5.53292507
603601.SH,再升科技,0,1,商业航天,EP000501,2015-01-22,2026-01-05,2026-08-31,160,-0.2641495383,0,0,-26.41495383
603616.SH,韩建河山,1,1,并购重组,EP000270;EP000552,2015-06-11,2026-01-05,2026-08-31,150,0.0963440141,0,0,9.63440141
603618.SH,杭电股份,1,1,通信,EP000260;EP000282,2015-02-17,2026-01-05,2026-08-31,160,3.3411663277,0,0,334.11663277
603619.SH,中曼石油,0,1,石油石化,EP000685,2017-11-17,2026-01-05,2026-08-31,160,0.0687233020,0,0,6.8723302
603626.SH,科森科技,0,1,机器人概念,EP000280;EP000463,2017-02-09,2026-01-05,2026-08-31,160,-0.0076385299,0,0,-0.76385299
603629.SH,利通电子,0,1,算力,EP000712,2018-12-24,2026-01-05,2026-08-31,160,5.4220771881,0,0,542.20771881
603661.SH,恒林股份,0,1,金刚石概念,EP000521,2017-11-21,2026-01-05,2026-08-31,160,-0.0087458684,0,0,-0.87458684
603678.SH,火炬电子,1,1,元器件,EP000573,2015-01-26,2026-01-05,2026-08-31,160,0.3323451792,0,0,33.23451792
603687.SH,大胜达,1,1,并购重组,EP000364,2019-07-26,2026-01-05,2026-08-31,160,0.6834198846,0,0,68.34198846
603696.SH,安记食品,0,1,食品饮料,EP000129,2015-12-09,2026-01-05,2026-08-31,160,-0.3078823219,0,0,-30.78823219
603698.SH,航天工程,1,0,化工;国有企业,EP000163;EP000438,2015-01-28,2026-01-05,2026-08-31,160,-0.4249114071,0,0,-42.49114071
603709.SH,中源家居,1,1,地产链;智能家居,EP000130;EP000135,2018-02-08,2026-01-05,2026-08-31,160,0.0079692289,0,0,0.79692289
603725.SH,天安新材,1,0,机器人概念,EP000537,2017-09-06,2026-01-05,2026-08-31,160,0.2130105262,0,0,21.30105262
603738.SH,泰晶科技,0,1,元器件,EP000299,2016-09-28,2026-01-05,2026-08-31,160,1.5090370306,0,0,150.90370306
603758.SH,秦安股份,1,1,机器人概念,EP000735;EP000769,2017-05-17,2026-01-05,2026-08-31,160,-0.3323746782,0,0,-33.23746782
603759.SH,海天股份,1,1,储能;环保,EP000020;EP000037,2021-03-26,2026-01-05,2026-08-31,160,-0.2713825803,0,0,-27.13825803
603773.SH,沃格光电,1,1,芯片,EP000412;EP000450,2018-04-17,2026-01-05,2026-08-31,160,1.6986960827,0,0,169.86960827
603777.SH,来伊份,0,1,股权转让,EP000423,2016-10-12,2026-01-05,2026-08-31,160,0.0080108264,0,0,0.80108264
603778.SH,国晟科技,1,1,储能;光伏;锂电池,EP000035;EP000088;EP000191;EP000343;EP000409,2015-12-31,2026-01-05,2026-08-31,157,-0.4431825155,0,0,-44.31825155
603779.SH,威龙股份,0,1,实控人变更,EP000492;EP000502,2016-05-16,2026-01-05,2026-08-31,155,0.2748425057,0,0,27.48425057
603801.SH,志邦家居,0,1,地产链,EP000762,2017-06-30,2026-01-05,2026-08-31,160,-0.2347444370,0,0,-23.4744437
603803.SH,瑞斯康达,1,0,通信,EP000091,2017-04-20,2026-01-05,2026-08-31,160,0.0369678085,0,0,3.69678085
603823.SH,百合花,1,1,化工,EP000010,2016-12-20,2026-01-05,2026-08-31,160,3.3678492895,0,0,336.78492895
603829.SH,洛凯股份,0,1,智能电网,EP000126,2017-10-17,2026-01-05,2026-08-31,160,-0.2728131276,0,0,-27.28131276
603861.SH,白云电器,1,0,智能电网,EP000262,2016-03-22,2026-01-05,2026-08-31,160,-0.0329233672,0,0,-3.29233672
603877.SH,太平鸟,0,1,服装家纺,EP000077,2017-01-09,2026-01-05,2026-08-31,160,-0.1057546265,0,0,-10.57546265
603887.SH,城地香江,1,0,算力,EP000259,2016-10-10,2026-01-05,2026-08-31,160,-0.2781074128,0,0,-27.81074128
603889.SH,新澳股份,0,1,年报增长,EP000428,2014-12-31,2026-01-05,2026-08-31,160,0.0230924525,0,0,2.30924525
603893.SH,瑞芯微,0,1,端侧AI,EP000793,2020-02-07,2026-01-05,2026-08-31,160,0.0996202873,0,0,9.96202873
603897.SH,长城科技,1,1,机器人概念;电气设备,EP000388;EP000445,2018-04-10,2026-01-05,2026-08-31,160,0.1764721779,0,0,17.64721779
603898.SH,好莱客,0,1,AI应用,EP000455,2015-02-17,2026-01-05,2026-08-31,160,-0.1351427151,0,0,-13.51427151
603919.SH,金徽酒,0,1,酿酒,EP000526,2016-03-10,2026-01-05,2026-08-31,160,-0.1404555022,0,0,-14.04555022
603928.SH,兴业股份,0,1,电子树脂,EP000633,2016-12-12,2026-01-05,2026-08-31,160,-0.0072014524,0,0,-0.72014524
603929.SH,亚翔集成,1,1,芯片,EP000072;EP000185;EP000353,2016-12-30,2026-01-05,2026-08-31,160,0.7460983229,0,0,74.60983229
603933.SH,睿能科技,1,1,存储;机器人概念;海峡两岸;芯片,EP000106;EP000108;EP000115;EP000118,2017-07-06,2026-01-05,2026-08-31,150,-0.2451626771,0,0,-24.51626771
603937.SH,丽岛新材,1,1,锂电池,EP000473;EP000486,2017-11-02,2026-01-05,2026-08-31,160,-0.0075107113,0,0,-0.75107113
603949.SH,雪龙集团,1,0,机器人概念,EP000340,2020-03-10,2026-01-05,2026-08-31,160,-0.2171009193,0,0,-21.71009193
603958.SH,哈森股份,1,1,并购重组;消费电子,EP000765;EP000772,2016-06-29,2026-01-05,2026-08-31,160,0.6992397304,0,0,69.92397304
603977.SH,国泰集团,1,0,商业航天,EP000610,2016-11-11,2026-01-05,2026-08-31,160,-0.1630780031,0,0,-16.30780031
603980.SH,吉华集团,1,1,实控人变更,EP000286,2017-06-15,2026-01-05,2026-08-31,155,0.4680270096,0,0,46.80270096
603988.SH,中电电机,0,1,风电,EP000697,2014-11-04,2026-01-05,2026-08-31,160,-0.1920328621,0,0,-19.20328621
603989.SH,艾华集团,1,1,元器件;电阻电容,EP000515;EP000584;EP000603;EP000606;EP000655,2015-05-15,2026-01-05,2026-08-31,160,0.8822509670,0,0,88.2250967
605003.SH,众望布艺,1,1,服装家纺,EP000184,2020-09-08,2026-01-05,2026-08-31,160,-0.3297213933,0,0,-32.97213933
605006.SH,山东玻纤,1,1,化工,EP000300;EP000398;EP000481;EP000536,2020-09-03,2026-01-05,2026-08-31,160,1.0725952545,0,0,107.25952545
605007.SH,五洲特纸,1,1,造纸,EP000175,2020-11-10,2026-01-05,2026-08-31,160,0.1987576409,0,0,19.87576409
605033.SH,美邦股份,1,1,农业,EP000296,2021-09-16,2026-01-05,2026-08-31,160,0.0368842645,0,0,3.68842645
605060.SH,联德股份,1,1,液冷;燃气轮机,EP000287;EP000429;EP000446;EP000637;EP000754,2021-03-01,2026-01-05,2026-08-31,160,0.1889101236,0,0,18.89101236
605068.SH,明新旭腾,1,1,汽车零部件,EP000708,2020-11-23,2026-01-05,2026-08-31,160,-0.2738029748,0,0,-27.38029748
605069.SH,正和生态,1,1,AI智能体;人工智能;智谱AI,EP000180;EP000182;EP000596,2021-08-16,2026-01-05,2026-08-31,160,-0.2707499541,0,0,-27.07499541
605136.SH,丽人丽妆,0,1,美容护理,EP000078,2020-09-29,2026-01-05,2026-08-31,160,-0.2374389666,0,0,-23.74389666
605162.SH,新中港,1,1,电力,EP000396;EP000692,2021-07-07,2026-01-05,2026-08-31,160,0.2643313445,0,0,26.43313445
605178.SH,时空科技,0,1,芯片,EP000298,2020-08-21,2026-01-05,2026-08-31,160,0.3566300688,0,0,35.66300688
605179.SH,一鸣食品,1,1,食品饮料,EP000700;EP000756,2020-12-28,2026-01-05,2026-08-31,160,0.5115807818,0,0,51.15807818
605198.SH,安德利,0,1,并购重组,EP000567,2020-09-18,2026-01-05,2026-08-31,160,0.8096934891,0,0,80.96934891
605258.SH,协和电子,0,1,通信,EP000014,2020-12-03,2026-01-05,2026-08-31,160,-0.0031281545,0,0,-0.31281545
605268.SH,王力安防,0,1,地产链,EP000338,2021-02-24,2026-01-05,2026-08-31,160,-0.0614832254,0,0,-6.14832254
605286.SH,同力日升,1,1,绿色电力,EP000741;EP000747,2021-03-22,2026-01-05,2026-08-31,160,-0.3415118657,0,0,-34.15118657
605299.SH,舒华体育,1,1,体育产业,EP000367;EP000391;EP000474,2020-12-15,2026-01-05,2026-08-31,160,0.1419655885,0,0,14.19655885
605300.SH,佳禾食品,0,1,食品饮料,EP000609,2021-04-30,2026-01-05,2026-08-31,160,-0.1528961064,0,0,-15.28961064
605303.SH,园林股份,0,1,算力,EP000071,2021-03-01,2026-01-05,2026-08-31,160,0.4190737915,0,0,41.90737915
605318.SH,法狮龙,0,1,地产链;算力,EP000225;EP000544,2020-08-03,2026-01-05,2026-08-31,160,0.2168180615,0,0,21.68180615
605366.SH,宏柏新材,0,1,化工,EP000096,2020-08-12,2026-01-05,2026-08-31,160,0.3290314966,0,0,32.90314966
605377.SH,华旺科技,0,1,造纸,EP000601,2020-12-28,2026-01-05,2026-08-31,160,-0.0010237674,0,0,-0.10237674
605399.SH,晨光新材,1,1,化工,EP000076,2020-08-04,2026-01-05,2026-08-31,160,-0.1671561676,0,0,-16.71561676
688010.SH,福光股份,0,1,商业航天,EP000565,2019-07-22,2026-01-05,2026-08-31,160,-0.0928716112,0,0,-9.28716112
688055.SH,龙腾光电,0,1,面板,EP000514,2020-08-17,2026-01-05,2026-08-31,160,0.0583370410,0,0,5.8337041
688080.SH,映翰通,0,1,工业互联网,EP000216,2020-02-12,2026-01-05,2026-08-31,160,-0.2305916816,0,0,-23.05916816
688118.SH,普元信息,0,1,AI应用,EP000313,2019-12-04,2026-01-05,2026-08-31,160,-0.1742172047,0,0,-17.42172047
688137.SH,近岸蛋白,0,1,疫苗概念,EP000766,2022-09-29,2026-01-05,2026-08-31,160,0.7171007715,0,0,71.71007715
688176.SH,亚虹医药,0,1,医药,EP000333,2022-01-07,2026-01-05,2026-08-31,160,0.0304026905,0,0,3.04026905
688196.SH,卓越新能,0,1,生物质能,EP000038,2019-11-21,2026-01-05,2026-08-31,160,-0.4328088943,0,0,-43.28088943
688233.SH,神工股份,1,1,芯片,EP000030,2020-02-21,2026-01-05,2026-08-31,160,0.4790371314,0,0,47.90371314
688311.SH,盟升电子,0,1,商业航天,EP000635,2020-07-31,2026-01-05,2026-08-31,160,-0.4850885255,0,0,-48.50885255
688356.SH,键凯科技,1,0,疫苗概念,EP000766,2020-08-26,2026-01-05,2026-08-31,160,0.1118705173,0,0,11.18705173
688432.SH,有研硅,0,1,硅片,EP000612,2022-11-10,2026-01-05,2026-08-28,159,2.6513625266,0,0,265.13625266
688525.SH,佰维存储,1,0,芯片,EP000328,2022-12-30,2026-01-05,2026-08-31,160,1.0532684475,0,0,105.32684475
688551.SH,科威尔,0,1,氢能源,EP000372,2020-09-10,2026-01-05,2026-08-31,160,0.4623485303,0,0,46.23485303
688622.SH,禾信仪器,0,1,并购重组,EP000089,2021-09-13,2026-01-05,2026-08-31,159,-0.1211286671,0,0,-12.11286671
688671.SH,碧兴物联,0,1,物理AI,EP000586,2023-08-09,2026-01-05,2026-08-31,160,0.0213998507,0,0,2.13998507
688693.SH,锴威特,1,0,并购重组,EP000725,2023-08-18,2026-01-05,2026-08-31,150,1.0699809671,0,0,106.99809671
