primary_theme,episode_count,freeze_episode_count,segment_start_complete_top3_count,later_top3_slot_denominator,ever_continuity_count,ever_continuity_rate,adjacent_continuity_count,adjacent_continuity_rate,new_dragon_count,new_dragon_rate,unique_dragon_stock_count,persistent_stock_count,persistent_stock_rate,persistent_always_dragon1,persistent_ever_dragon1_moved,persistent_only_dragon23,persistent_role_paths,episode1_start_date,episode1_end_date,episode1_segment_start_top3,episode2_start_date,episode2_end_date,episode2_segment_start_top3,episode3_start_date,episode3_end_date,episode3_segment_start_top3
AI应用,16,9,16,45,5,0.111111111111,1,0.022222222222,40,0.888888888889,43,5,0.116279069767,,002261.SZ:拓维信息;002354.SZ:天娱数科;002421.SZ:达实智能;002995.SZ:天地在线;603533.SH:掌阅科技,,002261.SZ:拓维信息=e1:out|e2:Dragon2|e3:Dragon1|e4:out|e5:out|e6:out|e7:out|e8:out|e9:out|e10:out|e11:out|e12:out|e13:out|e14:out|e15:out|e16:out;;002354.SZ:天娱数科=e1:out|e2:out|e3:out|e4:out|e5:out|e6:out|e7:out|e8:out|e9:out|e10:out|e11:out|e12:out|e13:Dragon1|e14:out|e15:out|e16:Dragon2;;002421.SZ:达实智能=e1:out|e2:out|e3:out|e4:out|e5:out|e6:out|e7:out|e8:Dragon1|e9:out|e10:out|e11:out|e12:Dragon2|e13:out|e14:out|e15:out|e16:out;;002995.SZ:天地在线=e1:out|e2:out|e3:out|e4:out|e5:out|e6:out|e7:out|e8:out|e9:out|e10:Dragon1|e11:out|e12:out|e13:Dragon3|e14:out|e15:out|e16:out;;603533.SH:掌阅科技=e1:out|e2:out|e3:out|e4:out|e5:out|e6:out|e7:out|e8:out|e9:Dragon1|e10:out|e11:out|e12:Dragon3|e13:out|e14:out|e15:out|e16:out,2026-02-09,2026-02-25,Dragon1=603103.SH:横店影视;Dragon2=002830.SZ:名雕股份;Dragon3=002624.SZ:完美世界,2026-02-27,2026-02-27,Dragon1=605398.SH:新炬网络;Dragon2=002261.SZ:拓维信息;Dragon3=688118.SH:普元信息,2026-03-09,2026-03-11,Dragon1=002261.SZ:拓维信息;Dragon2=688158.SH:优刻得;Dragon3=688316.SH:青云科技
ST摘帽,6,3,3,13,0,0,0,0,13,1,15,0,0,,,,,2026-04-20,2026-04-20,Dragon1=603268.SH:松发股份;Dragon2=002647.SZ:仁东控股;Dragon3=,2026-05-07,2026-05-07,Dragon1=600130.SH:波导股份;Dragon2=000697.SZ:炼石航空;Dragon3=,2026-05-20,2026-05-21,Dragon1=000518.SZ:四环生物;Dragon2=003004.SZ:声迅股份;Dragon3=
中报增长,2,2,1,2,0,0,0,0,2,1,5,0,0,,,,,2026-07-01,2026-07-21,Dragon1=000603.SZ:盛达资源;Dragon2=002458.SZ:益生股份;Dragon3=000601.SZ:韶能股份,2026-08-14,2026-08-31,Dragon1=002322.SZ:理工能科;Dragon2=603025.SH:大豪科技;Dragon3=,,,
人工智能,12,7,11,32,3,0.09375,0,0,29,0.90625,32,3,0.09375,,603138.SH:海量数据,603106.SH:恒银科技;603916.SH:苏博特,603106.SH:恒银科技=e1:out|e2:Dragon3|e3:out|e4:out|e5:out|e6:out|e7:out|e8:out|e9:out|e10:Dragon2|e11:out|e12:out;;603138.SH:海量数据=e1:out|e2:out|e3:out|e4:out|e5:out|e6:Dragon1|e7:out|e8:Dragon3|e9:out|e10:out|e11:out|e12:out;;603916.SH:苏博特=e1:out|e2:out|e3:out|e4:Dragon2|e5:out|e6:out|e7:out|e8:out|e9:out|e10:Dragon3|e11:out|e12:out,2025-11-17,2025-11-28,Dragon1=600756.SH:浪潮软件;Dragon2=001229.SZ:魅视科技;Dragon3=300612.SZ:宣亚国际,2025-12-02,2025-12-02,Dragon1=600981.SH:苏豪汇鸿;Dragon2=002474.SZ:榕基软件;Dragon3=603106.SH:恒银科技,2025-12-31,2026-01-27,Dragon1=002757.SZ:南兴股份;Dragon2=002659.SZ:凯文教育;Dragon3=002908.SZ:德生科技
体育产业,8,5,5,19,9,0.473684210526,7,0.368421052632,10,0.526315789474,12,4,0.333333333333,605299.SH:舒华体育,002181.SZ:粤传媒,600158.SH:中体产业;605099.SH:共创草坪,002181.SZ:粤传媒=e1:Dragon1|e2:Dragon1|e3:out|e4:out|e5:out|e6:Dragon1|e7:Dragon3|e8:Dragon1;;600158.SH:中体产业=e1:out|e2:out|e3:out|e4:out|e5:Dragon2|e6:Dragon2|e7:out|e8:out;;605099.SH:共创草坪=e1:out|e2:out|e3:out|e4:out|e5:out|e6:Dragon3|e7:Dragon2|e8:Dragon2;;605299.SH:舒华体育=e1:out|e2:out|e3:out|e4:Dragon1|e5:Dragon1|e6:out|e7:Dragon1|e8:out,2025-11-04,2025-11-04,Dragon1=002181.SZ:粤传媒;Dragon2=600593.SH:大连圣亚;Dragon3=,2026-01-29,2026-01-29,Dragon1=002181.SZ:粤传媒;Dragon2=600684.SH:珠江股份;Dragon3=605080.SH:浙江自然,2026-02-02,2026-02-02,Dragon1=002678.SZ:珠江钢琴;Dragon2=002780.SZ:三夫户外;Dragon3=001368.SZ:通达创智
储能,9,8,8,23,8,0.347826086957,6,0.260869565217,15,0.652173913043,18,5,0.277777777778,,002150.SZ:通润装备;002506.SZ:协鑫集成;603778.SH:国晟科技,002580.SZ:圣阳股份;300827.SZ:上能电气,002150.SZ:通润装备=e1:Dragon1|e2:out|e3:out|e4:out|e5:out|e6:Dragon3|e7:Dragon1|e8:Dragon2|e9:out;;002506.SZ:协鑫集成=e1:out|e2:out|e3:out|e4:Dragon2|e5:Dragon1|e6:out|e7:out|e8:out|e9:out;;002580.SZ:圣阳股份=e1:out|e2:out|e3:out|e4:out|e5:out|e6:out|e7:out|e8:Dragon3|e9:Dragon3;;300827.SZ:上能电气=e1:out|e2:out|e3:Dragon3|e4:out|e5:out|e6:out|e7:Dragon2|e8:out|e9:out;;603778.SH:国晟科技=e1:out|e2:out|e3:out|e4:Dragon3|e5:Dragon2|e6:Dragon1|e7:out|e8:out|e9:out,2025-10-30,2025-10-30,Dragon1=002150.SZ:通润装备;Dragon2=300438.SZ:鹏辉能源;Dragon3=300745.SZ:欣锐科技,2025-11-05,2025-11-05,Dragon1=603759.SH:海天股份;Dragon2=301024.SZ:霍普股份;Dragon3=002638.SZ:勤上股份,2025-11-13,2025-11-14,Dragon1=002227.SZ:奥特迅;Dragon2=001266.SZ:宏英智能;Dragon3=300827.SZ:上能电气
元器件,10,4,9,26,14,0.538461538462,6,0.230769230769,12,0.461538461538,15,7,0.466666666667,002951.SZ:金时科技,000636.SZ:风华高科;603115.SH:海星股份;603678.SH:火炬电子;603989.SH:艾华集团,002068.SZ:黑猫股份;688260.SH:昀冢科技,000636.SZ:风华高科=e1:Dragon1|e2:out|e3:out|e4:out|e5:out|e6:out|e7:out|e8:Dragon2|e9:Dragon1|e10:out;;002068.SZ:黑猫股份=e1:out|e2:out|e3:out|e4:out|e5:out|e6:Dragon2|e7:Dragon3|e8:out|e9:out|e10:out;;002951.SZ:金时科技=e1:out|e2:out|e3:out|e4:out|e5:out|e6:out|e7:out|e8:Dragon1|e9:out|e10:Dragon1;;603115.SH:海星股份=e1:Dragon3|e2:Dragon1|e3:Dragon2|e4:out|e5:out|e6:out|e7:out|e8:Dragon3|e9:out|e10:Dragon3;;603678.SH:火炬电子=e1:out|e2:out|e3:out|e4:Dragon1|e5:out|e6:Dragon3|e7:out|e8:out|e9:out|e10:out;;603989.SH:艾华集团=e1:out|e2:Dragon2|e3:Dragon1|e4:out|e5:Dragon1|e6:Dragon1|e7:out|e8:out|e9:out|e10:Dragon2;;688260.SH:昀冢科技=e1:Dragon2|e2:out|e3:out|e4:out|e5:out|e6:out|e7:out|e8:out|e9:Dragon2|e10:out,2026-02-24,2026-03-02,Dragon1=000636.SZ:风华高科;Dragon2=688260.SH:昀冢科技;Dragon3=603115.SH:海星股份,2026-05-19,2026-05-19,Dragon1=603115.SH:海星股份;Dragon2=603989.SH:艾华集团;Dragon3=688182.SH:灿勤科技,2026-05-22,2026-06-09,Dragon1=603989.SH:艾华集团;Dragon2=603115.SH:海星股份;Dragon3=600563.SH:法拉电子
光伏,16,9,14,43,13,0.302325581395,5,0.116279069767,30,0.697674418605,33,7,0.212121212121,002309.SZ:中利集团;002943.SZ:宇晶股份,002865.SZ:钧达股份;603778.SH:国晟科技;605598.SH:上海港湾,002506.SZ:协鑫集成;300345.SZ:华民股份,002309.SZ:中利集团=e1:out|e2:out|e3:out|e4:out|e5:out|e6:out|e7:out|e8:out|e9:out|e10:Dragon1|e11:Dragon1|e12:out|e13:out|e14:Dragon1|e15:out|e16:out;;002506.SZ:协鑫集成=e1:out|e2:out|e3:out|e4:out|e5:out|e6:out|e7:out|e8:out|e9:Dragon3|e10:out|e11:out|e12:out|e13:out|e14:Dragon2|e15:out|e16:out;;002865.SZ:钧达股份=e1:out|e2:out|e3:out|e4:Dragon1|e5:Dragon2|e6:Dragon2|e7:out|e8:Dragon1|e9:out|e10:out|e11:out|e12:out|e13:out|e14:out|e15:out|e16:out;;002943.SZ:宇晶股份=e1:out|e2:out|e3:out|e4:out|e5:out|e6:Dragon1|e7:Dragon1|e8:out|e9:out|e10:out|e11:out|e12:out|e13:out|e14:out|e15:out|e16:out;;300345.SZ:华民股份=e1:out|e2:out|e3:out|e4:out|e5:out|e6:out|e7:out|e8:out|e9:out|e10:Dragon2|e11:out|e12:out|e13:out|e14:out|e15:Dragon2|e16:out;;603778.SH:国晟科技=e1:Dragon2|e2:out|e3:out|e4:out|e5:out|e6:out|e7:out|e8:out|e9:Dragon2|e10:out|e11:Dragon2|e12:Dragon1|e13:out|e14:out|e15:out|e16:Dragon1;;605598.SH:上海港湾=e1:Dragon1|e2:out|e3:out|e4:out|e5:out|e6:out|e7:out|e8:out|e9:out|e10:out|e11:out|e12:out|e13:Dragon2|e14:out|e15:out|e16:out,2025-11-03,2025-11-03,Dragon1=605598.SH:上海港湾;Dragon2=603778.SH:国晟科技;Dragon3=600475.SH:华光环能,2025-11-07,2025-11-17,Dragon1=002897.SZ:意华股份;Dragon2=600537.SH:亿晶光电;Dragon3=603185.SH:弘元绿能,2025-12-15,2025-12-15,Dragon1=601778.SH:晶科科技;Dragon2=300118.SZ:东方日升;Dragon3=002676.SZ:顺威股份
军工,7,3,7,18,7,0.388888888889,6,0.333333333333,11,0.611111111111,14,5,0.357142857143,000547.SZ:航天发展;601606.SH:长城军工,,300589.SZ:江龙船艇;301357.SZ:北方长龙;603488.SH:展鹏科技,000547.SZ:航天发展=e1:out|e2:Dragon1|e3:Dragon1|e4:out|e5:out|e6:out|e7:out;;300589.SZ:江龙船艇=e1:Dragon2|e2:Dragon2|e3:Dragon2|e4:out|e5:out|e6:out|e7:out;;301357.SZ:北方长龙=e1:out|e2:out|e3:out|e4:out|e5:out|e6:Dragon3|e7:Dragon3;;601606.SH:长城军工=e1:Dragon1|e2:out|e3:out|e4:out|e5:out|e6:Dragon1|e7:Dragon1;;603488.SH:展鹏科技=e1:out|e2:out|e3:out|e4:out|e5:Dragon2|e6:Dragon2|e7:out,2025-11-17,2025-11-17,Dragon1=601606.SH:长城军工;Dragon2=300589.SZ:江龙船艇;Dragon3=300427.SZ:红相股份,2025-11-19,2025-11-20,Dragon1=000547.SZ:航天发展;Dragon2=300589.SZ:江龙船艇;Dragon3=300123.SZ:亚光科技,2025-11-24,2025-11-24,Dragon1=000547.SZ:航天发展;Dragon2=300589.SZ:江龙船艇;Dragon3=600685.SH:中船防务
农业,17,7,9,41,15,0.365853658537,5,0.121951219512,26,0.634146341463,28,10,0.357142857143,600108.SH:亚盛集团,000048.SZ:京基智农;000798.SZ:中水渔业;002041.SZ:登海种业;002124.SZ:天邦食品;003042.SZ:中农联合;600127.SH:金健米业;600313.SH:农发种业;605033.SH:美邦股份,600354.SH:敦煌种业,000048.SZ:京基智农=e1:out|e2:out|e3:out|e4:out|e5:out|e6:out|e7:out|e8:out|e9:out|e10:Dragon3|e11:out|e12:out|e13:Dragon1|e14:out|e15:out|e16:out|e17:out;;000798.SZ:中水渔业=e1:Dragon1|e2:out|e3:out|e4:out|e5:Dragon2|e6:out|e7:out|e8:out|e9:out|e10:out|e11:out|e12:out|e13:out|e14:out|e15:out|e16:out|e17:out;;002041.SZ:登海种业=e1:out|e2:out|e3:out|e4:Dragon3|e5:out|e6:out|e7:out|e8:out|e9:out|e10:out|e11:out|e12:out|e13:out|e14:out|e15:out|e16:out|e17:Dragon1;;002124.SZ:天邦食品=e1:out|e2:out|e3:out|e4:out|e5:out|e6:out|e7:out|e8:out|e9:out|e10:out|e11:out|e12:Dragon1|e13:out|e14:Dragon2|e15:out|e16:out|e17:out;;003042.SZ:中农联合=e1:out|e2:out|e3:Dragon1|e4:out|e5:out|e6:out|e7:out|e8:out|e9:out|e10:Dragon1|e11:Dragon3|e12:out|e13:out|e14:out|e15:out|e16:out|e17:out;;600108.SH:亚盛集团=e1:out|e2:out|e3:out|e4:out|e5:out|e6:Dragon1|e7:Dragon1|e8:Dragon1|e9:out|e10:out|e11:out|e12:out|e13:out|e14:out|e15:out|e16:out|e17:out;;600127.SH:金健米业=e1:out|e2:out|e3:out|e4:out|e5:out|e6:out|e7:out|e8:out|e9:out|e10:Dragon2|e11:out|e12:out|e13:out|e14:out|e15:out|e16:Dragon1|e17:Dragon2;;600313.SH:农发种业=e1:out|e2:out|e3:Dragon2|e4:Dragon1|e5:out|e6:Dragon2|e7:out|e8:out|e9:out|e10:out|e11:out|e12:out|e13:out|e14:out|e15:out|e16:Dragon2|e17:out;;600354.SH:敦煌种业=e1:out|e2:out|e3:out|e4:Dragon2|e5:out|e6:out|e7:Dragon2|e8:out|e9:out|e10:out|e11:out|e12:out|e13:out|e14:out|e15:out|e16:out|e17:out;;605033.SH:美邦股份=e1:out|e2:out|e3:out|e4:out|e5:Dragon1|e6:out|e7:out|e8:out|e9:out|e10:out|e11:out|e12:out|e13:out|e14:out|e15:Dragon2|e16:out|e17:out,2025-11-17,2025-11-19,Dragon1=000798.SZ:中水渔业;Dragon2=600097.SH:开创国际;Dragon3=,2025-12-18,2025-12-19,Dragon1=603585.SH:苏利股份;Dragon2=002772.SZ:众兴菌业;Dragon3=,2026-01-28,2026-01-28,Dragon1=003042.SZ:中农联合;Dragon2=600313.SH:农发种业;Dragon3=
包装印刷,2,0,1,3,0,0,0,0,3,1,5,0,0,,,,,2025-11-13,2025-11-13,Dragon1=003018.SZ:金富科技;Dragon2=002228.SZ:合兴包装;Dragon3=,2026-06-23,2026-06-23,Dragon1=002374.SZ:中锐股份;Dragon2=002014.SZ:永新股份;Dragon3=001279.SZ:强邦新材,,,
化工,26,16,26,75,21,0.28,6,0.08,54,0.72,57,14,0.245614035088,002585.SZ:双星新材;605006.SH:山东玻纤,002408.SZ:齐翔腾达;002886.SZ:沃特股份;600227.SH:赤天化;600722.SH:金牛化工;603067.SH:振华股份;603826.SH:坤彩科技;605399.SH:晨光新材,002440.SZ:闰土股份;600527.SH:江南高纤;600714.SH:金瑞矿业;600800.SH:渤海化学;605366.SH:宏柏新材,002408.SZ:齐翔腾达=e1:out|e2:out|e3:out|e4:out|e5:out|e6:out|e7:out|e8:out|e9:out|e10:out|e11:out|e12:out|e13:Dragon3|e14:Dragon1|e15:out|e16:out|e17:out|e18:out|e19:out|e20:out|e21:out|e22:out|e23:out|e24:out|e25:out|e26:out;;002440.SZ:闰土股份=e1:out|e2:out|e3:out|e4:out|e5:out|e6:out|e7:out|e8:out|e9:out|e10:Dragon2|e11:out|e12:out|e13:out|e14:out|e15:out|e16:out|e17:out|e18:out|e19:out|e20:out|e21:Dragon3|e22:out|e23:out|e24:out|e25:out|e26:out;;002585.SZ:双星新材=e1:out|e2:out|e3:out|e4:out|e5:out|e6:Dragon1|e7:out|e8:out|e9:Dragon1|e10:out|e11:out|e12:out|e13:out|e14:out|e15:out|e16:out|e17:out|e18:out|e19:out|e20:out|e21:out|e22:out|e23:out|e24:out|e25:out|e26:out;;002886.SZ:沃特股份=e1:out|e2:out|e3:out|e4:out|e5:out|e6:out|e7:out|e8:out|e9:out|e10:out|e11:out|e12:out|e13:out|e14:out|e15:out|e16:out|e17:out|e18:out|e19:out|e20:out|e21:out|e22:out|e23:out|e24:out|e25:Dragon2|e26:Dragon1;;600227.SH:赤天化=e1:out|e2:out|e3:out|e4:out|e5:out|e6:Dragon3|e7:out|e8:out|e9:out|e10:out|e11:out|e12:out|e13:out|e14:out|e15:out|e16:out|e17:out|e18:out|e19:Dragon1|e20:out|e21:Dragon2|e22:out|e23:Dragon2|e24:out|e25:out|e26:out;;600527.SH:江南高纤=e1:out|e2:out|e3:out|e4:out|e5:out|e6:out|e7:out|e8:out|e9:out|e10:out|e11:out|e12:Dragon2|e13:out|e14:Dragon3|e15:out|e16:out|e17:out|e18:out|e19:out|e20:out|e21:out|e22:out|e23:out|e24:out|e25:out|e26:out;;600714.SH:金瑞矿业=e1:out|e2:out|e3:out|e4:out|e5:out|e6:out|e7:out|e8:out|e9:out|e10:out|e11:out|e12:out|e13:out|e14:out|e15:out|e16:Dragon2|e17:out|e18:out|e19:out|e20:out|e21:out|e22:out|e23:out|e24:out|e25:out|e26:Dragon3;;600722.SH:金牛化工=e1:out|e2:out|e3:out|e4:out|e5:out|e6:out|e7:out|e8:out|e9:out|e10:out|e11:out|e12:out|e13:out|e14:out|e15:out|e16:out|e17:out|e18:out|e19:Dragon2|e20:Dragon1|e21:Dragon1|e22:out|e23:Dragon3|e24:out|e25:out|e26:out;;600800.SH:渤海化学=e1:out|e2:out|e3:out|e4:out|e5:out|e6:Dragon2|e7:out|e8:out|e9:Dragon2|e10:out|e11:out|e12:out|e13:out|e14:out|e15:out|e16:out|e17:out|e18:out|e19:out|e20:out|e21:out|e22:out|e23:out|e24:out|e25:out|e26:out;;603067.SH:振华股份=e1:out|e2:Dragon1|e3:out|e4:out|e5:out|e6:out|e7:out|e8:Dragon1|e9:out|e10:out|e11:out|e12:out|e13:out|e14:out|e15:out|e16:out|e17:Dragon2|e18:out|e19:out|e20:out|e21:out|e22:out|e23:out|e24:out|e25:out|e26:out;;603826.SH:坤彩科技=e1:out|e2:out|e3:out|e4:out|e5:out|e6:out|e7:out|e8:out|e9:out|e10:out|e11:out|e12:out|e13:out|e14:out|e15:Dragon3|e16:out|e17:out|e18:out|e19:out|e20:out|e21:out|e22:Dragon1|e23:out|e24:out|e25:out|e26:out;;605006.SH:山东玻纤=e1:out|e2:out|e3:out|e4:out|e5:out|e6:out|e7:out|e8:out|e9:out|e10:out|e11:Dragon1|e12:out|e13:Dragon1|e14:out|e15:out|e16:Dragon1|e17:Dragon1|e18:out|e19:out|e20:out|e21:out|e22:out|e23:out|e24:out|e25:out|e26:out;;605366.SH:宏柏新材=e1:out|e2:out|e3:out|e4:Dragon2|e5:out|e6:out|e7:out|e8:out|e9:out|e10:out|e11:out|e12:Dragon3|e13:out|e14:out|e15:out|e16:out|e17:out|e18:out|e19:out|e20:out|e21:out|e22:out|e23:out|e24:out|e25:out|e26:out;;605399.SH:晨光新材=e1:out|e2:out|e3:Dragon1|e4:Dragon3|e5:out|e6:out|e7:out|e8:out|e9:out|e10:out|e11:out|e12:out|e13:out|e14:out|e15:out|e16:out|e17:out|e18:out|e19:out|e20:out|e21:out|e22:out|e23:out|e24:out|e25:out|e26:out,2025-11-03,2025-11-04,Dragon1=603823.SH:百合花;Dragon2=300848.SZ:美瑞新材;Dragon3=600308.SH:华泰股份,2025-11-06,2025-11-13,Dragon1=603067.SH:振华股份;Dragon2=603188.SH:亚邦股份;Dragon3=600370.SH:三房巷,2025-11-19,2025-11-19,Dragon1=605399.SH:晨光新材;Dragon2=600618.SH:氯碱化工;Dragon3=002513.SZ:蓝丰生化
医疗器械,3,1,2,5,0,0,0,0,5,1,8,0,0,,,,,2026-03-13,2026-03-13,Dragon1=002382.SZ:蓝帆医疗;Dragon2=002950.SZ:奥美医疗;Dragon3=300981.SZ:中红医疗,2026-04-01,2026-04-01,Dragon1=002432.SZ:九安医疗;Dragon2=301188.SZ:力诺药包;Dragon3=,2026-06-11,2026-06-11,Dragon1=301580.SZ:爱迪特;Dragon2=603014.SH:威高血净;Dragon3=300289.SZ:利德曼
医药,25,17,19,66,23,0.348484848485,7,0.106060606061,43,0.651515151515,46,18,0.391304347826,002728.SZ:特一药业;002940.SZ:昂利康;603122.SH:合富中国,000078.SZ:海王生物;000952.SZ:广济药业;002317.SZ:众生药业;002900.SZ:哈三联;603222.SH:济民健康;603538.SH:美诺华,000788.SZ:北大医药;000950.SZ:重药控股;002412.SZ:汉森制药;600513.SH:联环药业;600594.SH:益佰制药;600645.SH:中源协和;600721.SH:百花医药;600829.SH:人民同泰;603127.SH:昭衍新药,000078.SZ:海王生物=e1:out|e2:out|e3:out|e4:out|e5:out|e6:Dragon1|e7:Dragon1|e8:out|e9:out|e10:Dragon3|e11:out|e12:out|e13:out|e14:out|e15:out|e16:out|e17:out|e18:out|e19:out|e20:out|e21:out|e22:out|e23:out|e24:out|e25:out;;000788.SZ:北大医药=e1:out|e2:out|e3:Dragon3|e4:out|e5:Dragon2|e6:out|e7:out|e8:out|e9:out|e10:out|e11:out|e12:out|e13:out|e14:out|e15:out|e16:out|e17:out|e18:out|e19:out|e20:out|e21:out|e22:out|e23:out|e24:out|e25:out;;000950.SZ:重药控股=e1:out|e2:out|e3:out|e4:out|e5:out|e6:out|e7:out|e8:Dragon2|e9:out|e10:out|e11:out|e12:out|e13:out|e14:out|e15:out|e16:out|e17:Dragon2|e18:out|e19:out|e20:out|e21:out|e22:out|e23:out|e24:out|e25:out;;000952.SZ:广济药业=e1:out|e2:out|e3:out|e4:Dragon2|e5:Dragon1|e6:out|e7:out|e8:out|e9:Dragon1|e10:out|e11:out|e12:out|e13:out|e14:out|e15:out|e16:out|e17:out|e18:out|e19:out|e20:out|e21:out|e22:out|e23:out|e24:out|e25:out;;002317.SZ:众生药业=e1:out|e2:out|e3:out|e4:out|e5:out|e6:out|e7:out|e8:out|e9:out|e10:out|e11:out|e12:out|e13:out|e14:out|e15:out|e16:Dragon1|e17:out|e18:out|e19:Dragon2|e20:out|e21:out|e22:out|e23:out|e24:out|e25:out;;002412.SZ:汉森制药=e1:out|e2:out|e3:out|e4:out|e5:out|e6:out|e7:out|e8:out|e9:out|e10:out|e11:Dragon2|e12:out|e13:out|e14:out|e15:Dragon3|e16:out|e17:out|e18:out|e19:out|e20:out|e21:out|e22:out|e23:out|e24:out|e25:out;;002728.SZ:特一药业=e1:out|e2:out|e3:out|e4:out|e5:out|e6:out|e7:out|e8:out|e9:out|e10:Dragon1|e11:Dragon1|e12:out|e13:out|e14:out|e15:out|e16:out|e17:out|e18:out|e19:out|e20:out|e21:out|e22:out|e23:out|e24:out|e25:out;;002900.SZ:哈三联=e1:out|e2:out|e3:out|e4:Dragon1|e5:out|e6:out|e7:out|e8:out|e9:out|e10:out|e11:out|e12:out|e13:out|e14:out|e15:out|e16:out|e17:out|e18:out|e19:out|e20:out|e21:out|e22:Dragon1|e23:Dragon1|e24:out|e25:Dragon3;;002940.SZ:昂利康=e1:out|e2:out|e3:Dragon1|e4:out|e5:out|e6:out|e7:out|e8:out|e9:out|e10:out|e11:out|e12:out|e13:out|e14:out|e15:out|e16:out|e17:out|e18:Dragon1|e19:out|e20:out|e21:out|e22:out|e23:out|e24:out|e25:out;;600513.SH:联环药业=e1:Dragon2|e2:out|e3:out|e4:out|e5:out|e6:out|e7:out|e8:out|e9:out|e10:out|e11:out|e12:out|e13:out|e14:out|e15:out|e16:out|e17:out|e18:out|e19:out|e20:out|e21:out|e22:out|e23:out|e24:Dragon2|e25:out;;600594.SH:益佰制药=e1:out|e2:out|e3:out|e4:out|e5:out|e6:out|e7:out|e8:out|e9:out|e10:out|e11:out|e12:out|e13:out|e14:out|e15:out|e16:out|e17:out|e18:out|e19:out|e20:out|e21:out|e22:Dragon3|e23:Dragon2|e24:out|e25:out;;600645.SH:中源协和=e1:out|e2:out|e3:out|e4:Dragon3|e5:out|e6:out|e7:out|e8:out|e9:out|e10:out|e11:out|e12:Dragon2|e13:out|e14:out|e15:out|e16:out|e17:out|e18:out|e19:out|e20:out|e21:out|e22:out|e23:out|e24:out|e25:out;;600721.SH:百花医药=e1:out|e2:out|e3:out|e4:out|e5:out|e6:Dragon3|e7:out|e8:out|e9:out|e10:out|e11:out|e12:out|e13:out|e14:out|e15:out|e16:out|e17:out|e18:out|e19:out|e20:out|e21:out|e22:out|e23:out|e24:out|e25:Dragon2;;600829.SH:人民同泰=e1:out|e2:out|e3:Dragon2|e4:out|e5:out|e6:out|e7:Dragon2|e8:out|e9:out|e10:out|e11:out|e12:out|e13:out|e14:out|e15:out|e16:out|e17:out|e18:out|e19:out|e20:out|e21:out|e22:out|e23:out|e24:out|e25:out;;603122.SH:合富中国=e1:Dragon1|e2:Dragon1|e3:out|e4:out|e5:out|e6:out|e7:out|e8:out|e9:out|e10:out|e11:out|e12:out|e13:out|e14:out|e15:out|e16:out|e17:out|e18:out|e19:out|e20:out|e21:out|e22:out|e23:out|e24:out|e25:out;;603127.SH:昭衍新药=e1:out|e2:out|e3:out|e4:out|e5:out|e6:out|e7:out|e8:out|e9:Dragon3|e10:out|e11:out|e12:out|e13:out|e14:out|e15:out|e16:out|e17:out|e18:Dragon2|e19:Dragon3|e20:out|e21:out|e22:out|e23:out|e24:out|e25:out;;603222.SH:济民健康=e1:out|e2:out|e3:out|e4:out|e5:out|e6:out|e7:out|e8:out|e9:out|e10:out|e11:out|e12:out|e13:out|e14:out|e15:out|e16:out|e17:out|e18:out|e19:out|e20:Dragon3|e21:out|e22:out|e23:out|e24:out|e25:Dragon1;;603538.SH:美诺华=e1:out|e2:out|e3:out|e4:out|e5:out|e6:out|e7:out|e8:out|e9:out|e10:out|e11:out|e12:out|e13:Dragon1|e14:out|e15:out|e16:out|e17:out|e18:out|e19:out|e20:out|e21:Dragon3|e22:out|e23:out|e24:out|e25:out,2025-10-31,2025-11-03,Dragon1=603122.SH:合富中国;Dragon2=600513.SH:联环药业;Dragon3=688336.SH:三生国健,2025-11-05,2025-11-05,Dragon1=603122.SH:合富中国;Dragon2=603079.SH:圣达生物;Dragon3=,2025-11-10,2025-11-17,Dragon1=002940.SZ:昂利康;Dragon2=600829.SH:人民同泰;Dragon3=000788.SZ:北大医药
发电机,3,1,3,6,1,0.166666666667,0,0,5,0.833333333333,8,1,0.125,002283.SZ:天润工业,,,002283.SZ:天润工业=e1:Dragon1|e2:out|e3:Dragon1,2026-02-26,2026-02-26,Dragon1=002283.SZ:天润工业;Dragon2=603950.SH:长源东谷;Dragon3=600841.SH:动力新科,2026-03-06,2026-03-06,Dragon1=600590.SH:泰豪科技;Dragon2=002448.SZ:中原内配;Dragon3=301032.SZ:新柴股份,2026-05-13,2026-05-13,Dragon1=002283.SZ:天润工业;Dragon2=000880.SZ:潍柴重机;Dragon3=600482.SH:中国动力
可控核聚变,2,1,1,3,0,0,0,0,3,1,5,0,0,,,,,2025-12-26,2025-12-26,Dragon1=000777.SZ:中核科技;Dragon2=600105.SH:永鼎股份;Dragon3=,2026-06-29,2026-06-29,Dragon1=600468.SH:百利电气;Dragon2=600363.SH:联创光电;Dragon3=002255.SZ:海陆重工,,,
商业航天,19,12,17,52,16,0.307692307692,6,0.115384615385,36,0.692307692308,39,10,0.25641025641,002297.SZ:博云新材;603131.SH:上海沪工,001270.SZ:铖昌科技;002361.SZ:神剑股份;002792.SZ:通宇通讯;600343.SH:航天动力;600992.SH:贵绳股份;603601.SH:再升科技,001208.SZ:华菱线缆;001400.SZ:江顺科技,001208.SZ:华菱线缆=e1:out|e2:out|e3:out|e4:out|e5:out|e6:out|e7:out|e8:Dragon2|e9:out|e10:out|e11:out|e12:out|e13:out|e14:out|e15:out|e16:Dragon2|e17:out|e18:out|e19:out;;001270.SZ:铖昌科技=e1:out|e2:out|e3:out|e4:out|e5:out|e6:out|e7:out|e8:out|e9:out|e10:out|e11:out|e12:out|e13:out|e14:Dragon2|e15:Dragon1|e16:out|e17:out|e18:out|e19:out;;001400.SZ:江顺科技=e1:out|e2:out|e3:out|e4:out|e5:out|e6:out|e7:out|e8:out|e9:out|e10:out|e11:out|e12:Dragon2|e13:out|e14:Dragon3|e15:Dragon3|e16:out|e17:out|e18:out|e19:Dragon2;;002297.SZ:博云新材=e1:out|e2:out|e3:out|e4:out|e5:out|e6:out|e7:out|e8:Dragon1|e9:Dragon1|e10:out|e11:out|e12:out|e13:out|e14:out|e15:out|e16:out|e17:out|e18:out|e19:out;;002361.SZ:神剑股份=e1:out|e2:out|e3:out|e4:Dragon1|e5:out|e6:Dragon2|e7:Dragon1|e8:Dragon3|e9:out|e10:out|e11:out|e12:Dragon1|e13:out|e14:out|e15:out|e16:out|e17:out|e18:Dragon2|e19:out;;002792.SZ:通宇通讯=e1:out|e2:out|e3:out|e4:out|e5:Dragon3|e6:out|e7:out|e8:out|e9:out|e10:out|e11:out|e12:out|e13:out|e14:out|e15:out|e16:out|e17:out|e18:Dragon1|e19:out;;600343.SH:航天动力=e1:out|e2:out|e3:Dragon1|e4:out|e5:out|e6:out|e7:out|e8:out|e9:out|e10:out|e11:out|e12:out|e13:out|e14:out|e15:out|e16:out|e17:Dragon2|e18:out|e19:out;;600992.SH:贵绳股份=e1:out|e2:out|e3:out|e4:out|e5:out|e6:out|e7:out|e8:out|e9:out|e10:out|e11:Dragon3|e12:out|e13:out|e14:out|e15:out|e16:Dragon1|e17:out|e18:out|e19:out;;603131.SH:上海沪工=e1:Dragon1|e2:Dragon1|e3:out|e4:out|e5:out|e6:out|e7:out|e8:out|e9:out|e10:out|e11:out|e12:out|e13:out|e14:out|e15:out|e16:out|e17:out|e18:out|e19:out;;603601.SH:再升科技=e1:out|e2:out|e3:out|e4:out|e5:out|e6:Dragon1|e7:out|e8:out|e9:out|e10:out|e11:Dragon2|e12:out|e13:out|e14:out|e15:out|e16:out|e17:out|e18:out|e19:out,2025-11-07,2025-11-07,Dragon1=603131.SH:上海沪工;Dragon2=600678.SH:四川金顶;Dragon3=300102.SZ:乾照光电,2025-11-12,2025-11-12,Dragon1=603131.SH:上海沪工;Dragon2=605598.SH:上海港湾;Dragon3=,2025-11-24,2025-12-22,Dragon1=600343.SH:航天动力;Dragon2=301136.SZ:招标股份;Dragon3=688523.SH:航天环宇
国有企业,3,1,1,5,1,0.2,0,0,4,0.8,6,1,0.166666666667,,600135.SH:乐凯胶片,,600135.SH:乐凯胶片=e1:Dragon1|e2:out|e3:Dragon3,2026-01-08,2026-01-08,Dragon1=600135.SH:乐凯胶片;Dragon2=600629.SH:华建集团;Dragon3=,2026-04-10,2026-04-10,Dragon1=600743.SH:华远控股;Dragon2=000402.SZ:金融街;Dragon3=,2026-04-15,2026-04-15,Dragon1=603698.SH:航天工程;Dragon2=000026.SZ:飞亚达;Dragon3=600135.SH:乐凯胶片
地产链,30,15,20,77,23,0.298701298701,5,0.064935064935,54,0.701298701299,57,16,0.280701754386,002774.SZ:快意电梯;002830.SZ:名雕股份;600539.SH:狮头股份,000020.SZ:深华发Ａ;000736.SZ:中交发展;002188.SZ:中天服务;600162.SH:香江控股;600683.SH:京投发展;600724.SH:宁波富达,000029.SZ:深深房Ａ;000838.SZ:财信发展;002081.SZ:金螳螂;600234.SH:科新发展;600748.SH:上实发展;601588.SH:北辰实业;603801.SH:志邦家居,000020.SZ:深华发Ａ=e1:out|e2:out|e3:out|e4:out|e5:out|e6:out|e7:out|e8:out|e9:out|e10:out|e11:out|e12:out|e13:Dragon2|e14:Dragon1|e15:out|e16:out|e17:out|e18:out|e19:out|e20:out|e21:out|e22:out|e23:out|e24:out|e25:out|e26:out|e27:out|e28:out|e29:Dragon1|e30:out;;000029.SZ:深深房Ａ=e1:out|e2:out|e3:out|e4:out|e5:out|e6:out|e7:out|e8:out|e9:out|e10:Dragon3|e11:out|e12:out|e13:out|e14:out|e15:out|e16:out|e17:out|e18:out|e19:out|e20:out|e21:out|e22:out|e23:out|e24:Dragon2|e25:out|e26:out|e27:out|e28:out|e29:out|e30:out;;000736.SZ:中交发展=e1:out|e2:out|e3:out|e4:out|e5:out|e6:out|e7:out|e8:out|e9:out|e10:out|e11:out|e12:out|e13:out|e14:out|e15:out|e16:out|e17:out|e18:out|e19:out|e20:out|e21:out|e22:out|e23:out|e24:Dragon1|e25:out|e26:out|e27:Dragon2|e28:out|e29:out|e30:out;;000838.SZ:财信发展=e1:out|e2:out|e3:Dragon2|e4:out|e5:out|e6:out|e7:out|e8:out|e9:out|e10:out|e11:Dragon3|e12:out|e13:out|e14:out|e15:out|e16:out|e17:out|e18:out|e19:out|e20:out|e21:out|e22:out|e23:out|e24:out|e25:out|e26:out|e27:out|e28:out|e29:out|e30:out;;002081.SZ:金螳螂=e1:out|e2:out|e3:out|e4:out|e5:out|e6:out|e7:out|e8:out|e9:out|e10:out|e11:out|e12:out|e13:out|e14:out|e15:out|e16:out|e17:out|e18:Dragon2|e19:out|e20:out|e21:out|e22:out|e23:out|e24:out|e25:out|e26:out|e27:out|e28:Dragon3|e29:out|e30:out;;002188.SZ:中天服务=e1:out|e2:out|e3:out|e4:out|e5:out|e6:Dragon1|e7:out|e8:out|e9:out|e10:out|e11:out|e12:out|e13:out|e14:out|e15:out|e16:out|e17:Dragon2|e18:out|e19:out|e20:out|e21:out|e22:out|e23:out|e24:out|e25:out|e26:out|e27:out|e28:out|e29:out|e30:out;;002774.SZ:快意电梯=e1:out|e2:out|e3:out|e4:out|e5:out|e6:out|e7:Dragon1|e8:Dragon1|e9:out|e10:out|e11:out|e12:out|e13:out|e14:out|e15:out|e16:out|e17:out|e18:out|e19:out|e20:out|e21:out|e22:out|e23:out|e24:out|e25:out|e26:out|e27:out|e28:out|e29:out|e30:out;;002830.SZ:名雕股份=e1:out|e2:out|e3:out|e4:out|e5:out|e6:out|e7:out|e8:out|e9:Dragon1|e10:out|e11:Dragon1|e12:out|e13:out|e14:out|e15:out|e16:out|e17:out|e18:out|e19:out|e20:out|e21:out|e22:out|e23:out|e24:out|e25:out|e26:out|e27:out|e28:out|e29:out|e30:out;;600162.SH:香江控股=e1:out|e2:out|e3:out|e4:out|e5:out|e6:out|e7:out|e8:out|e9:out|e10:out|e11:out|e12:out|e13:out|e14:out|e15:out|e16:out|e17:out|e18:out|e19:out|e20:out|e21:out|e22:Dragon2|e23:out|e24:out|e25:Dragon1|e26:out|e27:out|e28:Dragon2|e29:out|e30:out;;600234.SH:科新发展=e1:out|e2:out|e3:out|e4:out|e5:out|e6:out|e7:out|e8:out|e9:Dragon2|e10:out|e11:out|e12:out|e13:out|e14:out|e15:Dragon2|e16:out|e17:out|e18:Dragon3|e19:out|e20:out|e21:out|e22:out|e23:out|e24:out|e25:out|e26:out|e27:out|e28:out|e29:out|e30:out;;600539.SH:狮头股份=e1:out|e2:out|e3:out|e4:out|e5:out|e6:out|e7:out|e8:out|e9:out|e10:out|e11:out|e12:out|e13:out|e14:out|e15:Dragon1|e16:Dragon1|e17:out|e18:out|e19:out|e20:out|e21:out|e22:out|e23:out|e24:out|e25:out|e26:out|e27:out|e28:out|e29:out|e30:out;;600683.SH:京投发展=e1:out|e2:out|e3:out|e4:out|e5:out|e6:out|e7:out|e8:out|e9:out|e10:out|e11:Dragon2|e12:out|e13:Dragon1|e14:Dragon2|e15:out|e16:out|e17:out|e18:Dragon1|e19:Dragon1|e20:out|e21:Dragon1|e22:out|e23:out|e24:out|e25:out|e26:out|e27:out|e28:out|e29:out|e30:out;;600724.SH:宁波富达=e1:out|e2:out|e3:out|e4:out|e5:out|e6:out|e7:out|e8:out|e9:out|e10:out|e11:out|e12:out|e13:out|e14:out|e15:out|e16:out|e17:out|e18:out|e19:out|e20:out|e21:Dragon2|e22:out|e23:out|e24:out|e25:out|e26:Dragon1|e27:out|e28:out|e29:out|e30:out;;600748.SH:上实发展=e1:out|e2:out|e3:out|e4:out|e5:out|e6:out|e7:out|e8:out|e9:out|e10:out|e11:out|e12:out|e13:out|e14:out|e15:out|e16:Dragon2|e17:out|e18:out|e19:out|e20:out|e21:Dragon3|e22:out|e23:out|e24:out|e25:out|e26:out|e27:out|e28:out|e29:out|e30:out;;601588.SH:北辰实业=e1:out|e2:out|e3:out|e4:out|e5:out|e6:out|e7:out|e8:out|e9:out|e10:out|e11:out|e12:out|e13:out|e14:out|e15:out|e16:out|e17:out|e18:out|e19:out|e20:Dragon2|e21:out|e22:out|e23:Dragon2|e24:out|e25:out|e26:out|e27:out|e28:out|e29:out|e30:out;;603801.SH:志邦家居=e1:out|e2:out|e3:out|e4:out|e5:out|e6:out|e7:out|e8:out|e9:out|e10:out|e11:out|e12:out|e13:out|e14:out|e15:out|e16:out|e17:out|e18:out|e19:out|e20:out|e21:out|e22:out|e23:out|e24:out|e25:out|e26:out|e27:Dragon3|e28:out|e29:Dragon3|e30:out,2025-11-11,2025-11-11,Dragon1=000632.SZ:三木集团;Dragon2=000069.SZ:华侨城Ａ;Dragon3=600094.SH:大名城,2025-11-14,2025-11-17,Dragon1=600340.SH:华夏幸福;Dragon2=002146.SZ:荣盛发展;Dragon3=,2025-11-20,2025-11-25,Dragon1=603216.SH:梦天家居;Dragon2=000838.SZ:财信发展;Dragon3=
基础建设,12,3,9,31,7,0.225806451613,3,0.096774193548,24,0.774193548387,26,4,0.153846153846,002051.SZ:中工国际,600815.SH:厦工股份;603815.SH:交建股份,002307.SZ:北新路桥,002051.SZ:中工国际=e1:out|e2:out|e3:out|e4:out|e5:out|e6:Dragon1|e7:Dragon1|e8:out|e9:out|e10:out|e11:out|e12:out;;002307.SZ:北新路桥=e1:Dragon2|e2:Dragon2|e3:out|e4:out|e5:out|e6:out|e7:out|e8:out|e9:out|e10:out|e11:out|e12:out;;600815.SH:厦工股份=e1:out|e2:out|e3:out|e4:Dragon1|e5:out|e6:Dragon3|e7:out|e8:out|e9:Dragon2|e10:out|e11:Dragon3|e12:out;;603815.SH:交建股份=e1:out|e2:Dragon1|e3:out|e4:out|e5:out|e6:out|e7:Dragon2|e8:Dragon3|e9:out|e10:out|e11:out|e12:out,2025-11-24,2025-11-24,Dragon1=603280.SH:南方路机;Dragon2=002307.SZ:北新路桥;Dragon3=,2025-11-28,2025-11-28,Dragon1=603815.SH:交建股份;Dragon2=002307.SZ:北新路桥;Dragon3=600939.SH:重庆建工,2026-01-05,2026-01-05,Dragon1=605287.SH:德才股份;Dragon2=300599.SZ:雄塑科技;Dragon3=600491.SH:龙元建设
天然气,7,4,6,17,7,0.411764705882,5,0.294117647059,10,0.588235294118,13,4,0.307692307692,600759.SH:洲际油气,000407.SZ:胜利股份;600617.SH:国新能源,000968.SZ:蓝焰控股,000407.SZ:胜利股份=e1:Dragon1|e2:Dragon1|e3:Dragon3|e4:out|e5:out|e6:out|e7:out;;000968.SZ:蓝焰控股=e1:out|e2:out|e3:Dragon2|e4:out|e5:Dragon2|e6:Dragon2|e7:Dragon2;;600617.SH:国新能源=e1:out|e2:Dragon3|e3:out|e4:out|e5:out|e6:Dragon1|e7:out;;600759.SH:洲际油气=e1:out|e2:out|e3:Dragon1|e4:Dragon1|e5:out|e6:out|e7:out,2025-11-12,2025-11-12,Dragon1=000407.SZ:胜利股份;Dragon2=600681.SH:百川能源;Dragon3=002207.SZ:准油股份,2025-11-14,2025-11-14,Dragon1=000407.SZ:胜利股份;Dragon2=600333.SH:长春燃气;Dragon3=600617.SH:国新能源,2026-01-22,2026-01-22,Dragon1=600759.SH:洲际油气;Dragon2=000968.SZ:蓝焰控股;Dragon3=000407.SZ:胜利股份
存储,2,1,2,3,0,0,0,0,3,1,6,0,0,,,,,2025-12-01,2025-12-01,Dragon1=603933.SH:睿能科技;Dragon2=300223.SZ:北京君正;Dragon3=600246.SH:万通发展,2026-03-18,2026-03-18,Dragon1=300042.SZ:朗科科技;Dragon2=603316.SH:诚邦股份;Dragon3=300302.SZ:同有科技,,,
实控人变更,19,7,9,45,19,0.422222222222,10,0.222222222222,26,0.577777777778,28,9,0.321428571429,001331.SZ:胜通能源;603580.SH:艾艾精工;603779.SH:威龙股份,000593.SZ:德龙汇能;002969.SZ:嘉美包装;003041.SZ:真爱美家;600302.SH:标准股份,002718.SZ:友邦吊顶;300959.SZ:线上线下,000593.SZ:德龙汇能=e1:Dragon1|e2:Dragon3|e3:out|e4:out|e5:Dragon2|e6:out|e7:out|e8:out|e9:out|e10:out|e11:out|e12:out|e13:Dragon2|e14:out|e15:out|e16:out|e17:out|e18:out|e19:out;;001331.SZ:胜通能源=e1:out|e2:out|e3:out|e4:out|e5:out|e6:out|e7:Dragon1|e8:Dragon1|e9:out|e10:out|e11:out|e12:out|e13:out|e14:out|e15:out|e16:out|e17:out|e18:out|e19:out;;002718.SZ:友邦吊顶=e1:out|e2:out|e3:out|e4:out|e5:out|e6:out|e7:out|e8:out|e9:Dragon2|e10:Dragon3|e11:out|e12:out|e13:out|e14:out|e15:out|e16:Dragon3|e17:out|e18:out|e19:out;;002969.SZ:嘉美包装=e1:out|e2:out|e3:out|e4:out|e5:out|e6:out|e7:out|e8:Dragon2|e9:Dragon1|e10:Dragon2|e11:out|e12:Dragon3|e13:out|e14:out|e15:out|e16:out|e17:Dragon2|e18:out|e19:out;;003041.SZ:真爱美家=e1:out|e2:out|e3:Dragon1|e4:out|e5:out|e6:out|e7:out|e8:out|e9:Dragon3|e10:out|e11:out|e12:Dragon2|e13:Dragon1|e14:out|e15:out|e16:out|e17:out|e18:out|e19:out;;300959.SZ:线上线下=e1:out|e2:Dragon2|e3:out|e4:out|e5:out|e6:Dragon3|e7:out|e8:out|e9:out|e10:out|e11:out|e12:out|e13:out|e14:out|e15:out|e16:out|e17:out|e18:out|e19:out;;600302.SH:标准股份=e1:Dragon2|e2:out|e3:out|e4:out|e5:out|e6:out|e7:out|e8:out|e9:out|e10:Dragon1|e11:out|e12:out|e13:out|e14:out|e15:out|e16:out|e17:out|e18:out|e19:out;;603580.SH:艾艾精工=e1:out|e2:out|e3:out|e4:out|e5:out|e6:out|e7:out|e8:out|e9:out|e10:out|e11:out|e12:out|e13:out|e14:out|e15:out|e16:Dragon1|e17:Dragon1|e18:Dragon1|e19:Dragon1;;603779.SH:威龙股份=e1:out|e2:out|e3:out|e4:out|e5:out|e6:out|e7:out|e8:out|e9:out|e10:out|e11:out|e12:out|e13:out|e14:Dragon1|e15:Dragon1|e16:out|e17:out|e18:out|e19:out,2025-11-04,2025-11-05,Dragon1=000593.SZ:德龙汇能;Dragon2=600302.SH:标准股份;Dragon3=,2025-11-11,2025-11-11,Dragon1=002387.SZ:维信诺;Dragon2=300959.SZ:线上线下;Dragon3=000593.SZ:德龙汇能,2025-11-18,2025-11-18,Dragon1=003041.SZ:真爱美家;Dragon2=300078.SZ:思创医惠;Dragon3=
家电,3,0,2,5,1,0.2,1,0.2,4,0.8,7,1,0.142857142857,,,001268.SZ:联合精密,001268.SZ:联合精密=e1:Dragon2|e2:Dragon3|e3:out,2025-11-14,2025-11-14,Dragon1=002242.SZ:九阳股份;Dragon2=001268.SZ:联合精密;Dragon3=003023.SZ:彩虹集团,2026-06-11,2026-06-11,Dragon1=300894.SZ:火星人;Dragon2=000921.SZ:海信家电;Dragon3=001268.SZ:联合精密,2026-06-30,2026-06-30,Dragon1=001237.SZ:惠康科技;Dragon2=603366.SH:日出东方;Dragon3=
年报增长,5,2,5,12,0,0,0,0,12,1,15,0,0,,,,,2026-01-19,2026-01-23,Dragon1=601965.SH:中国汽研;Dragon2=688308.SH:欧科亿;Dragon3=603186.SH:华正新材,2026-01-28,2026-01-30,Dragon1=002169.SZ:智光电气;Dragon2=601388.SH:怡球资源;Dragon3=002724.SZ:海洋王,2026-03-31,2026-04-01,Dragon1=600066.SH:宇通客车;Dragon2=603039.SH:泛微网络;Dragon3=002454.SZ:松芝股份
并购重组,27,16,19,71,16,0.225352112676,9,0.12676056338,55,0.774647887324,57,12,0.210526315789,603137.SH:恒尚节能;603221.SH:爱丽家居;603335.SH:迪生力,002445.SZ:中南文化;003001.SZ:中岩大地;300197.SZ:节能铁汉;603014.SH:威高血净;603616.SH:韩建河山,000620.SZ:盈新发展;002277.SZ:友阿股份;600683.SH:京投发展;688693.SH:锴威特,000620.SZ:盈新发展=e1:Dragon2|e2:out|e3:out|e4:out|e5:Dragon2|e6:out|e7:out|e8:out|e9:out|e10:out|e11:out|e12:out|e13:out|e14:out|e15:out|e16:out|e17:out|e18:out|e19:out|e20:out|e21:out|e22:out|e23:out|e24:out|e25:out|e26:out|e27:out;;002277.SZ:友阿股份=e1:out|e2:out|e3:out|e4:Dragon2|e5:out|e6:out|e7:out|e8:out|e9:out|e10:out|e11:out|e12:out|e13:out|e14:out|e15:out|e16:out|e17:out|e18:out|e19:out|e20:out|e21:out|e22:out|e23:out|e24:out|e25:out|e26:out|e27:Dragon3;;002445.SZ:中南文化=e1:out|e2:out|e3:out|e4:out|e5:out|e6:out|e7:out|e8:out|e9:Dragon1|e10:out|e11:out|e12:out|e13:out|e14:out|e15:out|e16:out|e17:out|e18:out|e19:out|e20:out|e21:out|e22:out|e23:out|e24:out|e25:out|e26:out|e27:Dragon2;;003001.SZ:中岩大地=e1:out|e2:out|e3:out|e4:out|e5:out|e6:out|e7:out|e8:out|e9:out|e10:out|e11:out|e12:out|e13:out|e14:out|e15:out|e16:out|e17:out|e18:out|e19:out|e20:out|e21:out|e22:Dragon1|e23:out|e24:Dragon2|e25:out|e26:out|e27:out;;300197.SZ:节能铁汉=e1:out|e2:out|e3:out|e4:out|e5:out|e6:out|e7:out|e8:out|e9:out|e10:out|e11:out|e12:out|e13:out|e14:out|e15:out|e16:Dragon1|e17:Dragon3|e18:out|e19:out|e20:out|e21:out|e22:out|e23:out|e24:out|e25:out|e26:out|e27:out;;600683.SH:京投发展=e1:out|e2:out|e3:out|e4:out|e5:out|e6:out|e7:out|e8:out|e9:out|e10:out|e11:out|e12:out|e13:out|e14:out|e15:Dragon3|e16:Dragon3|e17:out|e18:out|e19:out|e20:out|e21:out|e22:out|e23:out|e24:out|e25:out|e26:out|e27:out;;603014.SH:威高血净=e1:Dragon1|e2:out|e3:out|e4:out|e5:out|e6:out|e7:out|e8:out|e9:out|e10:out|e11:out|e12:out|e13:out|e14:out|e15:out|e16:out|e17:out|e18:Dragon2|e19:out|e20:out|e21:out|e22:out|e23:out|e24:out|e25:out|e26:out|e27:out;;603137.SH:恒尚节能=e1:out|e2:out|e3:out|e4:out|e5:out|e6:out|e7:out|e8:out|e9:out|e10:out|e11:out|e12:out|e13:out|e14:out|e15:out|e16:out|e17:out|e18:out|e19:out|e20:Dragon1|e21:Dragon1|e22:out|e23:out|e24:out|e25:out|e26:out|e27:out;;603221.SH:爱丽家居=e1:out|e2:out|e3:out|e4:out|e5:out|e6:out|e7:out|e8:out|e9:out|e10:out|e11:out|e12:out|e13:out|e14:out|e15:out|e16:out|e17:out|e18:out|e19:out|e20:out|e21:out|e22:out|e23:Dragon1|e24:Dragon1|e25:Dragon1|e26:Dragon1|e27:out;;603335.SH:迪生力=e1:out|e2:out|e3:out|e4:out|e5:out|e6:out|e7:out|e8:out|e9:out|e10:out|e11:out|e12:out|e13:out|e14:out|e15:out|e16:out|e17:out|e18:Dragon1|e19:Dragon1|e20:out|e21:out|e22:out|e23:out|e24:out|e25:out|e26:out|e27:out;;603616.SH:韩建河山=e1:out|e2:out|e3:out|e4:out|e5:out|e6:out|e7:Dragon2|e8:Dragon2|e9:out|e10:out|e11:out|e12:out|e13:out|e14:out|e15:out|e16:out|e17:Dragon1|e18:out|e19:out|e20:out|e21:out|e22:out|e23:out|e24:out|e25:out|e26:out|e27:out;;688693.SH:锴威特=e1:out|e2:out|e3:out|e4:out|e5:out|e6:out|e7:out|e8:out|e9:out|e10:out|e11:Dragon2|e12:Dragon3|e13:out|e14:out|e15:out|e16:out|e17:out|e18:out|e19:out|e20:out|e21:out|e22:out|e23:out|e24:out|e25:Dragon2|e26:out|e27:out,2025-11-04,2025-11-05,Dragon1=603014.SH:威高血净;Dragon2=000620.SZ:盈新发展;Dragon3=,2025-11-11,2025-11-18,Dragon1=000688.SZ:国城矿业;Dragon2=000407.SZ:胜利股份;Dragon3=600810.SH:神马股份,2025-11-25,2025-11-25,Dragon1=003018.SZ:金富科技;Dragon2=688622.SH:禾信仪器;Dragon3=600516.SH:方大炭素
文化传媒,10,6,8,25,5,0.2,3,0.12,20,0.8,23,5,0.217391304348,600229.SH:城市传媒;603103.SH:横店影视,001330.SZ:博纳影业,600088.SH:中视传媒;601595.SH:上海电影,001330.SZ:博纳影业=e1:out|e2:out|e3:Dragon1|e4:out|e5:out|e6:out|e7:out|e8:Dragon2|e9:out|e10:out;;600088.SH:中视传媒=e1:out|e2:out|e3:out|e4:out|e5:out|e6:Dragon2|e7:Dragon2|e8:out|e9:out|e10:out;;600229.SH:城市传媒=e1:out|e2:out|e3:out|e4:out|e5:out|e6:out|e7:Dragon1|e8:Dragon1|e9:out|e10:out;;601595.SH:上海电影=e1:out|e2:out|e3:out|e4:out|e5:Dragon3|e6:out|e7:out|e8:out|e9:Dragon2|e10:out;;603103.SH:横店影视=e1:out|e2:out|e3:out|e4:Dragon1|e5:Dragon1|e6:out|e7:out|e8:out|e9:out|e10:out,2025-10-31,2025-10-31,Dragon1=002181.SZ:粤传媒;Dragon2=000892.SZ:欢瑞世纪;Dragon3=301231.SZ:荣信文化,2025-11-05,2025-11-05,Dragon1=601929.SH:吉视传媒;Dragon2=600977.SH:中国电影;Dragon3=601999.SH:出版传媒,2025-12-09,2025-12-09,Dragon1=001330.SZ:博纳影业;Dragon2=300081.SZ:恒信东方;Dragon3=002995.SZ:天地在线
新型工业化,6,2,3,13,2,0.153846153846,2,0.153846153846,11,0.846153846154,13,2,0.153846153846,,002691.SZ:冀凯股份;603095.SH:越剑智能,,002691.SZ:冀凯股份=e1:Dragon1|e2:Dragon2|e3:out|e4:out|e5:out|e6:out;;603095.SH:越剑智能=e1:out|e2:out|e3:Dragon2|e4:Dragon1|e5:out|e6:out,2025-11-12,2025-11-12,Dragon1=002691.SZ:冀凯股份;Dragon2=001277.SZ:速达股份;Dragon3=,2025-11-18,2025-11-18,Dragon1=001225.SZ:和泰机电;Dragon2=002691.SZ:冀凯股份;Dragon3=,2026-04-28,2026-04-28,Dragon1=002175.SZ:东方智造;Dragon2=603095.SH:越剑智能;Dragon3=
旅游,6,0,2,12,2,0.166666666667,2,0.166666666667,10,0.833333333333,12,2,0.166666666667,000428.SZ:华天酒店,,002963.SZ:豪尔赛,000428.SZ:华天酒店=e1:out|e2:out|e3:out|e4:out|e5:Dragon1|e6:Dragon1;;002963.SZ:豪尔赛=e1:out|e2:out|e3:out|e4:out|e5:Dragon2|e6:Dragon3,2025-11-05,2025-11-05,Dragon1=002431.SZ:棕榈股份;Dragon2=000755.SZ:山西高速;Dragon3=,2025-11-10,2025-11-10,Dragon1=000069.SZ:华侨城Ａ;Dragon2=600754.SH:锦江酒店;Dragon3=600258.SH:首旅酒店,2026-01-19,2026-01-19,Dragon1=600593.SH:大连圣亚;Dragon2=603199.SH:九华旅游;Dragon3=
无人驾驶,5,1,5,12,7,0.583333333333,5,0.416666666667,5,0.416666666667,8,3,0.375,,002703.SZ:浙江世宝,002766.SZ:索菱股份;603528.SH:多伦科技,002703.SZ:浙江世宝=e1:Dragon2|e2:Dragon1|e3:out|e4:Dragon1|e5:Dragon1;;002766.SZ:索菱股份=e1:Dragon3|e2:out|e3:Dragon2|e4:Dragon3|e5:Dragon2;;603528.SH:多伦科技=e1:out|e2:Dragon3|e3:Dragon3|e4:out|e5:out,2025-12-17,2025-12-17,Dragon1=001317.SZ:三羊马;Dragon2=002703.SZ:浙江世宝;Dragon3=002766.SZ:索菱股份,2025-12-24,2025-12-24,Dragon1=002703.SZ:浙江世宝;Dragon2=002383.SZ:合众思壮;Dragon3=603528.SH:多伦科技,2026-01-05,2026-01-05,Dragon1=603458.SH:勘设股份;Dragon2=002766.SZ:索菱股份;Dragon3=603528.SH:多伦科技
智能家居,2,0,2,3,0,0,0,0,3,1,6,0,0,,,,,2025-12-12,2025-12-12,Dragon1=603709.SH:中源家居;Dragon2=603408.SH:建霖家居;Dragon3=603610.SH:麒盛科技,2026-04-15,2026-04-15,Dragon1=605365.SH:立达信;Dragon2=000785.SZ:居然智家;Dragon3=002798.SZ:帝欧水华,,,
智能电网,26,15,22,71,38,0.535211267606,12,0.169014084507,33,0.464788732394,36,16,0.444444444444,,000720.SZ:新能泰山;002112.SZ:三变科技;002339.SZ:积成电子;002346.SZ:柘中股份;002885.SZ:京泉华;002927.SZ:泰永长征;601126.SH:四方股份;601179.SH:中国西电;601700.SH:风范股份;603191.SH:望变电气;603530.SH:神马电力,000533.SZ:顺钠股份;002121.SZ:科陆电子;002263.SZ:大东南;002706.SZ:良信股份;600192.SH:长城电工,000533.SZ:顺钠股份=e1:out|e2:Dragon2|e3:out|e4:out|e5:out|e6:Dragon2|e7:out|e8:Dragon2|e9:out|e10:Dragon2|e11:out|e12:out|e13:out|e14:out|e15:out|e16:out|e17:out|e18:out|e19:out|e20:out|e21:out|e22:out|e23:Dragon3|e24:out|e25:out|e26:out;;000720.SZ:新能泰山=e1:out|e2:out|e3:out|e4:Dragon3|e5:out|e6:out|e7:out|e8:out|e9:out|e10:out|e11:Dragon1|e12:Dragon1|e13:Dragon1|e14:out|e15:out|e16:out|e17:out|e18:out|e19:out|e20:out|e21:out|e22:out|e23:out|e24:out|e25:Dragon3|e26:out;;002112.SZ:三变科技=e1:out|e2:out|e3:out|e4:out|e5:Dragon1|e6:Dragon3|e7:Dragon1|e8:out|e9:out|e10:out|e11:out|e12:out|e13:out|e14:out|e15:out|e16:out|e17:out|e18:out|e19:out|e20:out|e21:out|e22:out|e23:out|e24:out|e25:out|e26:out;;002121.SZ:科陆电子=e1:out|e2:out|e3:out|e4:out|e5:out|e6:out|e7:out|e8:out|e9:out|e10:out|e11:out|e12:out|e13:out|e14:out|e15:out|e16:out|e17:Dragon3|e18:Dragon3|e19:out|e20:out|e21:out|e22:Dragon2|e23:out|e24:out|e25:out|e26:out;;002263.SZ:大东南=e1:out|e2:out|e3:out|e4:out|e5:out|e6:out|e7:out|e8:out|e9:out|e10:out|e11:out|e12:Dragon2|e13:Dragon2|e14:out|e15:out|e16:out|e17:out|e18:out|e19:out|e20:out|e21:out|e22:out|e23:out|e24:out|e25:out|e26:out;;002339.SZ:积成电子=e1:out|e2:out|e3:Dragon1|e4:out|e5:out|e6:out|e7:Dragon2|e8:out|e9:out|e10:Dragon3|e11:out|e12:out|e13:out|e14:out|e15:out|e16:out|e17:out|e18:out|e19:out|e20:out|e21:out|e22:out|e23:Dragon2|e24:out|e25:out|e26:out;;002346.SZ:柘中股份=e1:out|e2:out|e3:Dragon3|e4:out|e5:out|e6:out|e7:out|e8:out|e9:out|e10:out|e11:out|e12:out|e13:out|e14:out|e15:out|e16:Dragon2|e17:out|e18:out|e19:out|e20:out|e21:Dragon2|e22:Dragon1|e23:out|e24:out|e25:out|e26:out;;002706.SZ:良信股份=e1:out|e2:out|e3:out|e4:out|e5:out|e6:out|e7:out|e8:out|e9:out|e10:out|e11:out|e12:out|e13:out|e14:out|e15:Dragon2|e16:out|e17:out|e18:out|e19:Dragon2|e20:out|e21:out|e22:out|e23:out|e24:out|e25:out|e26:out;;002885.SZ:京泉华=e1:Dragon1|e2:out|e3:out|e4:out|e5:out|e6:out|e7:out|e8:out|e9:out|e10:out|e11:out|e12:out|e13:out|e14:Dragon1|e15:out|e16:out|e17:out|e18:Dragon1|e19:out|e20:out|e21:Dragon3|e22:out|e23:out|e24:Dragon2|e25:out|e26:out;;002927.SZ:泰永长征=e1:out|e2:out|e3:out|e4:Dragon1|e5:out|e6:out|e7:out|e8:out|e9:out|e10:out|e11:out|e12:out|e13:out|e14:out|e15:out|e16:out|e17:out|e18:out|e19:Dragon1|e20:Dragon2|e21:out|e22:out|e23:out|e24:out|e25:out|e26:out;;600192.SH:长城电工=e1:out|e2:out|e3:out|e4:out|e5:out|e6:out|e7:out|e8:out|e9:out|e10:out|e11:Dragon3|e12:out|e13:out|e14:out|e15:out|e16:out|e17:out|e18:out|e19:out|e20:Dragon3|e21:out|e22:out|e23:out|e24:out|e25:out|e26:out;;601126.SH:四方股份=e1:out|e2:out|e3:out|e4:out|e5:out|e6:out|e7:out|e8:out|e9:out|e10:out|e11:out|e12:out|e13:out|e14:out|e15:out|e16:out|e17:Dragon1|e18:out|e19:Dragon3|e20:out|e21:out|e22:out|e23:out|e24:out|e25:out|e26:out;;601179.SH:中国西电=e1:out|e2:out|e3:out|e4:out|e5:Dragon3|e6:out|e7:out|e8:out|e9:out|e10:out|e11:out|e12:out|e13:out|e14:out|e15:out|e16:out|e17:out|e18:out|e19:out|e20:Dragon1|e21:Dragon1|e22:out|e23:out|e24:out|e25:out|e26:out;;601700.SH:风范股份=e1:out|e2:out|e3:out|e4:Dragon2|e5:out|e6:out|e7:out|e8:out|e9:out|e10:out|e11:out|e12:out|e13:out|e14:out|e15:out|e16:out|e17:out|e18:out|e19:out|e20:out|e21:out|e22:out|e23:out|e24:Dragon1|e25:Dragon1|e26:Dragon1;;603191.SH:望变电气=e1:out|e2:out|e3:out|e4:out|e5:out|e6:out|e7:out|e8:Dragon1|e9:out|e10:out|e11:out|e12:out|e13:out|e14:out|e15:out|e16:out|e17:Dragon2|e18:out|e19:out|e20:out|e21:out|e22:out|e23:out|e24:out|e25:Dragon2|e26:out;;603530.SH:神马电力=e1:Dragon2|e2:out|e3:out|e4:out|e5:out|e6:out|e7:out|e8:out|e9:Dragon2|e10:Dragon1|e11:out|e12:out|e13:out|e14:out|e15:out|e16:out|e17:out|e18:out|e19:out|e20:out|e21:out|e22:out|e23:out|e24:out|e25:out|e26:Dragon3,2025-11-04,2025-11-11,Dragon1=002885.SZ:京泉华;Dragon2=603530.SH:神马电力;Dragon3=300062.SZ:中能电气,2025-11-13,2025-11-19,Dragon1=002451.SZ:摩恩电气;Dragon2=000533.SZ:顺钠股份;Dragon3=,2025-12-09,2025-12-09,Dragon1=002339.SZ:积成电子;Dragon2=603829.SH:洛凯股份;Dragon3=002346.SZ:柘中股份
智能驾驶,4,3,4,9,5,0.555555555556,3,0.333333333333,4,0.444444444444,7,3,0.428571428571,,002703.SZ:浙江世宝;002766.SZ:索菱股份,002355.SZ:兴民智通,002355.SZ:兴民智通=e1:out|e2:Dragon3|e3:out|e4:Dragon2;;002703.SZ:浙江世宝=e1:Dragon2|e2:Dragon1|e3:Dragon3|e4:Dragon1;;002766.SZ:索菱股份=e1:Dragon3|e2:out|e3:Dragon1|e4:out,2025-12-16,2025-12-16,Dragon1=001317.SZ:三羊马;Dragon2=002703.SZ:浙江世宝;Dragon3=002766.SZ:索菱股份,2025-12-18,2025-12-19,Dragon1=002703.SZ:浙江世宝;Dragon2=603023.SH:威帝股份;Dragon3=002355.SZ:兴民智通,2026-01-06,2026-01-06,Dragon1=002766.SZ:索菱股份;Dragon2=002383.SZ:合众思壮;Dragon3=002703.SZ:浙江世宝
有色金属,19,8,17,52,20,0.384615384615,6,0.115384615385,32,0.615384615385,35,9,0.257142857143,000510.SZ:新金路;002295.SZ:精艺股份,000426.SZ:兴业银锡;000657.SZ:中钨高新;000962.SZ:东方钽业;002842.SZ:翔鹭钨业;600397.SH:江钨装备,600549.SH:厦门钨业;600868.SH:梅雁吉祥,000426.SZ:兴业银锡=e1:out|e2:out|e3:out|e4:out|e5:out|e6:out|e7:out|e8:out|e9:out|e10:Dragon1|e11:out|e12:out|e13:out|e14:out|e15:out|e16:Dragon2|e17:out|e18:out|e19:out;;000510.SZ:新金路=e1:out|e2:out|e3:out|e4:out|e5:out|e6:out|e7:out|e8:out|e9:out|e10:out|e11:out|e12:out|e13:Dragon1|e14:out|e15:out|e16:Dragon1|e17:Dragon1|e18:out|e19:out;;000657.SZ:中钨高新=e1:out|e2:out|e3:out|e4:out|e5:out|e6:Dragon1|e7:out|e8:out|e9:out|e10:out|e11:Dragon2|e12:Dragon3|e13:out|e14:out|e15:out|e16:out|e17:out|e18:out|e19:out;;000962.SZ:东方钽业=e1:out|e2:out|e3:out|e4:out|e5:out|e6:out|e7:out|e8:out|e9:out|e10:Dragon3|e11:out|e12:out|e13:Dragon2|e14:out|e15:Dragon1|e16:out|e17:out|e18:out|e19:out;;002295.SZ:精艺股份=e1:out|e2:out|e3:Dragon1|e4:out|e5:out|e6:out|e7:out|e8:out|e9:out|e10:out|e11:out|e12:out|e13:out|e14:out|e15:out|e16:out|e17:out|e18:out|e19:Dragon1;;002842.SZ:翔鹭钨业=e1:out|e2:out|e3:out|e4:out|e5:out|e6:out|e7:Dragon1|e8:out|e9:out|e10:out|e11:out|e12:Dragon1|e13:out|e14:Dragon2|e15:Dragon3|e16:out|e17:out|e18:Dragon1|e19:out;;600397.SH:江钨装备=e1:out|e2:out|e3:out|e4:out|e5:Dragon3|e6:out|e7:Dragon3|e8:Dragon1|e9:Dragon1|e10:out|e11:out|e12:Dragon2|e13:out|e14:out|e15:out|e16:out|e17:Dragon3|e18:out|e19:out;;600549.SH:厦门钨业=e1:out|e2:out|e3:out|e4:out|e5:Dragon2|e6:out|e7:out|e8:out|e9:out|e10:out|e11:Dragon3|e12:out|e13:out|e14:out|e15:out|e16:out|e17:out|e18:out|e19:out;;600868.SH:梅雁吉祥=e1:out|e2:Dragon2|e3:Dragon3|e4:out|e5:out|e6:Dragon2|e7:out|e8:out|e9:out|e10:out|e11:out|e12:out|e13:out|e14:out|e15:out|e16:out|e17:out|e18:out|e19:out,2025-11-13,2025-11-13,Dragon1=000688.SZ:国城矿业;Dragon2=600807.SH:济高发展;Dragon3=000633.SZ:合金投资,2025-11-26,2025-12-01,Dragon1=002114.SZ:罗平锌电;Dragon2=600868.SH:梅雁吉祥;Dragon3=,2025-12-05,2025-12-05,Dragon1=002295.SZ:精艺股份;Dragon2=002578.SZ:闽发铝业;Dragon3=600868.SH:梅雁吉祥
服装家纺,8,1,6,19,3,0.157894736842,2,0.105263157895,16,0.842105263158,19,3,0.157894736842,,002687.SZ:乔治白,603001.SH:奥康国际;603130.SH:云中马,002687.SZ:乔治白=e1:out|e2:out|e3:out|e4:out|e5:out|e6:Dragon1|e7:Dragon2|e8:out;;603001.SH:奥康国际=e1:out|e2:out|e3:out|e4:out|e5:out|e6:Dragon2|e7:out|e8:Dragon3;;603130.SH:云中马=e1:out|e2:out|e3:Dragon3|e4:Dragon2|e5:out|e6:out|e7:out|e8:out,2025-11-19,2025-11-19,Dragon1=603877.SH:太平鸟;Dragon2=002321.SZ:华英农业;Dragon3=001390.SZ:古麒绒材,2025-12-18,2025-12-19,Dragon1=601566.SH:九牧王;Dragon2=600137.SH:浪莎股份;Dragon3=603958.SH:哈森股份,2025-12-31,2025-12-31,Dragon1=605003.SH:众望布艺;Dragon2=002634.SZ:棒杰股份;Dragon3=603130.SH:云中马
机器人概念,24,17,24,69,11,0.159420289855,4,0.057971014493,58,0.840579710145,61,9,0.147540983607,002354.SZ:天娱数科,000678.SZ:襄阳轴承;001288.SZ:运机集团;002931.SZ:锋龙股份;600376.SH:首开股份;603657.SH:春光科技;603725.SH:天安新材;603758.SH:秦安股份,002009.SZ:天奇股份,000678.SZ:襄阳轴承=e1:out|e2:out|e3:out|e4:out|e5:Dragon1|e6:out|e7:out|e8:out|e9:out|e10:out|e11:out|e12:out|e13:out|e14:Dragon2|e15:out|e16:out|e17:out|e18:out|e19:out|e20:out|e21:out|e22:out|e23:out|e24:out;;001288.SZ:运机集团=e1:out|e2:out|e3:out|e4:out|e5:out|e6:out|e7:out|e8:out|e9:out|e10:Dragon1|e11:out|e12:out|e13:out|e14:out|e15:out|e16:out|e17:out|e18:out|e19:out|e20:out|e21:Dragon2|e22:out|e23:out|e24:out;;002009.SZ:天奇股份=e1:out|e2:out|e3:out|e4:out|e5:out|e6:out|e7:Dragon2|e8:out|e9:out|e10:Dragon2|e11:Dragon3|e12:out|e13:out|e14:out|e15:out|e16:out|e17:out|e18:out|e19:out|e20:out|e21:out|e22:out|e23:out|e24:out;;002354.SZ:天娱数科=e1:out|e2:out|e3:out|e4:out|e5:out|e6:out|e7:out|e8:out|e9:out|e10:out|e11:out|e12:out|e13:out|e14:out|e15:out|e16:out|e17:out|e18:out|e19:out|e20:Dragon1|e21:out|e22:Dragon1|e23:out|e24:out;;002931.SZ:锋龙股份=e1:out|e2:out|e3:out|e4:out|e5:out|e6:out|e7:Dragon1|e8:Dragon2|e9:out|e10:out|e11:out|e12:out|e13:out|e14:out|e15:out|e16:out|e17:out|e18:out|e19:out|e20:out|e21:out|e22:out|e23:out|e24:out;;600376.SH:首开股份=e1:out|e2:Dragon1|e3:out|e4:out|e5:out|e6:out|e7:out|e8:out|e9:out|e10:out|e11:out|e12:Dragon2|e13:Dragon3|e14:out|e15:out|e16:out|e17:out|e18:out|e19:out|e20:out|e21:out|e22:out|e23:out|e24:out;;603657.SH:春光科技=e1:out|e2:out|e3:out|e4:out|e5:out|e6:out|e7:out|e8:out|e9:out|e10:out|e11:out|e12:out|e13:out|e14:Dragon1|e15:out|e16:out|e17:Dragon2|e18:out|e19:out|e20:out|e21:out|e22:out|e23:out|e24:out;;603725.SH:天安新材=e1:out|e2:out|e3:out|e4:out|e5:out|e6:out|e7:out|e8:out|e9:out|e10:out|e11:out|e12:out|e13:out|e14:out|e15:out|e16:out|e17:out|e18:out|e19:Dragon1|e20:out|e21:out|e22:out|e23:Dragon2|e24:out;;603758.SH:秦安股份=e1:out|e2:out|e3:out|e4:out|e5:out|e6:out|e7:out|e8:out|e9:out|e10:out|e11:out|e12:out|e13:out|e14:out|e15:out|e16:out|e17:out|e18:out|e19:out|e20:out|e21:out|e22:out|e23:Dragon1|e24:Dragon3,2025-11-11,2025-11-11,Dragon1=002196.SZ:方正电机;Dragon2=002691.SZ:冀凯股份;Dragon3=603683.SH:晶华新材,2025-11-17,2025-11-17,Dragon1=600376.SH:首开股份;Dragon2=301261.SZ:恒工精密;Dragon3=603959.SH:百利科技,2025-11-27,2025-11-28,Dragon1=002548.SZ:金新农;Dragon2=300509.SZ:新美星;Dragon3=601100.SH:恒立液压
核电,9,5,8,24,4,0.166666666667,3,0.125,20,0.833333333333,22,4,0.181818181818,,002639.SZ:雪人集团,000922.SZ:佳电股份;601106.SH:中国一重;603169.SH:兰石重装,000922.SZ:佳电股份=e1:Dragon2|e2:out|e3:out|e4:out|e5:out|e6:out|e7:Dragon3|e8:out|e9:out;;002639.SZ:雪人集团=e1:out|e2:Dragon1|e3:Dragon2|e4:out|e5:out|e6:out|e7:out|e8:out|e9:out;;601106.SH:中国一重=e1:out|e2:out|e3:out|e4:Dragon2|e5:Dragon2|e6:out|e7:out|e8:out|e9:out;;603169.SH:兰石重装=e1:out|e2:out|e3:out|e4:out|e5:out|e6:Dragon2|e7:Dragon2|e8:out|e9:out,2025-11-06,2025-11-06,Dragon1=002255.SZ:海陆重工;Dragon2=000922.SZ:佳电股份;Dragon3=,2025-12-12,2025-12-15,Dragon1=002639.SZ:雪人集团;Dragon2=600192.SH:长城电工;Dragon3=000969.SZ:安泰科技,2025-12-19,2025-12-22,Dragon1=002735.SZ:王子新材;Dragon2=002639.SZ:雪人集团;Dragon3=002666.SZ:德联集团
氢能源,3,0,3,6,1,0.166666666667,1,0.166666666667,5,0.833333333333,8,1,0.125,,601226.SH:华电科工,,601226.SH:华电科工=e1:out|e2:Dragon3|e3:Dragon1,2025-11-17,2025-11-17,Dragon1=002639.SZ:雪人集团;Dragon2=000723.SZ:美锦能源;Dragon3=002356.SZ:赫美集团,2026-02-04,2026-02-04,Dragon1=600860.SH:京城股份;Dragon2=300423.SZ:昇辉科技;Dragon3=601226.SH:华电科工,2026-03-24,2026-03-24,Dragon1=601226.SH:华电科工;Dragon2=600475.SH:华光环能;Dragon3=688551.SH:科威尔
汽车零部件,7,1,5,16,0,0,0,0,16,1,19,0,0,,,,,2025-11-28,2025-12-02,Dragon1=000678.SZ:襄阳轴承;Dragon2=603758.SH:秦安股份;Dragon3=002976.SZ:瑞玛精密,2025-12-26,2025-12-26,Dragon1=002363.SZ:隆基机械;Dragon2=301181.SZ:标榜股份;Dragon3=,2026-01-16,2026-01-16,Dragon1=601163.SH:三角轮胎;Dragon2=301529.SZ:福赛科技;Dragon3=001233.SZ:海安集团
洁净室,2,0,2,3,1,0.333333333333,1,0.333333333333,2,0.666666666667,5,1,0.2,,,603163.SH:圣晖集成,603163.SH:圣晖集成=e1:Dragon2|e2:Dragon2,2025-12-24,2025-12-24,Dragon1=000551.SZ:创元科技;Dragon2=603163.SH:圣晖集成;Dragon3=600962.SH:国投中鲁,2026-01-14,2026-01-14,Dragon1=301043.SZ:绿岛风;Dragon2=603163.SH:圣晖集成;Dragon3=603929.SH:亚翔集成,,,
流感,2,1,2,3,2,0.666666666667,2,0.666666666667,1,0.333333333333,4,2,0.5,000952.SZ:广济药业,,002728.SZ:特一药业,000952.SZ:广济药业=e1:Dragon1|e2:Dragon1;;002728.SZ:特一药业=e1:Dragon2|e2:Dragon3,2025-11-25,2025-11-25,Dragon1=000952.SZ:广济药业;Dragon2=002728.SZ:特一药业;Dragon3=000788.SZ:北大医药,2025-11-27,2025-11-27,Dragon1=000952.SZ:广济药业;Dragon2=000078.SZ:海王生物;Dragon3=002728.SZ:特一药业,,,
海南,5,4,5,12,6,0.5,3,0.25,6,0.5,9,4,0.444444444444,000572.SZ:海马汽车,002163.SZ:海南发展,000955.SZ:欣龙控股;002596.SZ:海南瑞泽,000572.SZ:海马汽车=e1:Dragon1|e2:out|e3:out|e4:out|e5:Dragon1;;000955.SZ:欣龙控股=e1:Dragon2|e2:out|e3:out|e4:out|e5:Dragon2;;002163.SZ:海南发展=e1:Dragon3|e2:Dragon1|e3:Dragon2|e4:Dragon1|e5:out;;002596.SZ:海南瑞泽=e1:out|e2:Dragon3|e3:out|e4:out|e5:Dragon3,2025-11-03,2025-11-05,Dragon1=000572.SZ:海马汽车;Dragon2=000955.SZ:欣龙控股;Dragon3=002163.SZ:海南发展,2025-12-10,2025-12-10,Dragon1=002163.SZ:海南发展;Dragon2=000735.SZ:罗牛山;Dragon3=002596.SZ:海南瑞泽,2025-12-19,2025-12-24,Dragon1=603069.SH:海汽集团;Dragon2=002163.SZ:海南发展;Dragon3=000566.SZ:海南海药
海峡两岸,6,5,6,15,5,0.333333333333,1,0.066666666667,10,0.666666666667,13,4,0.307692307692,000592.SZ:平潭发展,600802.SH:福建水泥,601566.SH:九牧王;603122.SH:合富中国,000592.SZ:平潭发展=e1:out|e2:out|e3:Dragon1|e4:out|e5:Dragon1|e6:Dragon1;;600802.SH:福建水泥=e1:out|e2:Dragon1|e3:out|e4:out|e5:Dragon3|e6:out;;601566.SH:九牧王=e1:Dragon3|e2:out|e3:out|e4:Dragon3|e5:out|e6:out;;603122.SH:合富中国=e1:out|e2:out|e3:Dragon3|e4:out|e5:out|e6:Dragon3,2025-11-14,2025-11-26,Dragon1=000632.SZ:三木集团;Dragon2=600693.SH:东百集团;Dragon3=601566.SH:九牧王,2025-11-28,2025-11-28,Dragon1=600802.SH:福建水泥;Dragon2=603933.SH:睿能科技;Dragon3=600815.SH:厦工股份,2025-12-02,2025-12-10,Dragon1=000592.SZ:平潭发展;Dragon2=002300.SZ:太阳电缆;Dragon3=603122.SH:合富中国
消费电子,6,2,3,13,4,0.307692307692,2,0.153846153846,9,0.692307692308,11,3,0.272727272727,002855.SZ:捷荣技术,002824.SZ:和胜股份;002903.SZ:宇环数控,,002824.SZ:和胜股份=e1:out|e2:Dragon3|e3:Dragon1|e4:out|e5:out|e6:out;;002855.SZ:捷荣技术=e1:out|e2:out|e3:out|e4:out|e5:Dragon1|e6:Dragon1;;002903.SZ:宇环数控=e1:Dragon1|e2:out|e3:out|e4:Dragon3|e5:out|e6:Dragon2,2026-03-10,2026-03-10,Dragon1=002903.SZ:宇环数控;Dragon2=002632.SZ:道明光学;Dragon3=,2026-04-09,2026-04-09,Dragon1=002384.SZ:东山精密;Dragon2=002947.SZ:恒铭达;Dragon3=002824.SZ:和胜股份,2026-06-15,2026-06-15,Dragon1=002824.SZ:和胜股份;Dragon2=603327.SH:福蓉科技;Dragon3=002635.SZ:安洁科技
液冷,8,5,7,20,4,0.2,2,0.1,16,0.8,19,2,0.105263157895,,603757.SH:大元泵业,600506.SH:统一股份,600506.SH:统一股份=e1:Dragon2|e2:out|e3:out|e4:Dragon3|e5:out|e6:Dragon2|e7:out|e8:out;;603757.SH:大元泵业=e1:out|e2:out|e3:out|e4:out|e5:out|e6:Dragon1|e7:Dragon3|e8:Dragon2,2025-11-06,2025-11-06,Dragon1=603516.SH:淳中科技;Dragon2=600506.SH:统一股份;Dragon3=002975.SZ:博杰股份,2025-12-17,2025-12-17,Dragon1=002536.SZ:飞龙股份;Dragon2=002837.SZ:英维克;Dragon3=301123.SZ:奕东电子,2025-12-23,2025-12-23,Dragon1=603203.SH:快克智能;Dragon2=002909.SZ:集泰股份;Dragon3=300414.SZ:中光防雷
煤炭,14,7,12,37,22,0.594594594595,13,0.351351351351,15,0.405405405405,18,10,0.555555555556,600188.SH:兖矿能源;600408.SH:安泰集团;601101.SH:昊华能源,000571.SZ:新大洲A;000723.SZ:美锦能源;600403.SH:大有能源;601011.SH:宝泰隆,600121.SH:郑州煤电;601015.SH:陕西黑猫;601666.SH:平煤股份,000571.SZ:新大洲A=e1:out|e2:out|e3:Dragon3|e4:out|e5:out|e6:out|e7:out|e8:out|e9:Dragon1|e10:Dragon2|e11:out|e12:out|e13:out|e14:out;;000723.SZ:美锦能源=e1:out|e2:out|e3:out|e4:out|e5:out|e6:out|e7:out|e8:out|e9:out|e10:out|e11:out|e12:out|e13:Dragon2|e14:Dragon1;;600121.SH:郑州煤电=e1:out|e2:out|e3:out|e4:out|e5:out|e6:Dragon2|e7:out|e8:Dragon3|e9:out|e10:out|e11:Dragon2|e12:out|e13:out|e14:out;;600188.SH:兖矿能源=e1:out|e2:out|e3:out|e4:out|e5:Dragon1|e6:Dragon1|e7:out|e8:out|e9:out|e10:out|e11:out|e12:out|e13:out|e14:out;;600403.SH:大有能源=e1:Dragon3|e2:Dragon2|e3:Dragon2|e4:Dragon3|e5:out|e6:out|e7:out|e8:out|e9:out|e10:Dragon1|e11:Dragon1|e12:Dragon2|e13:out|e14:Dragon3;;600408.SH:安泰集团=e1:Dragon1|e2:Dragon1|e3:Dragon1|e4:Dragon1|e5:out|e6:out|e7:out|e8:out|e9:out|e10:out|e11:out|e12:out|e13:out|e14:out;;601011.SH:宝泰隆=e1:Dragon2|e2:out|e3:out|e4:out|e5:out|e6:out|e7:out|e8:out|e9:Dragon2|e10:out|e11:out|e12:out|e13:Dragon1|e14:out;;601015.SH:陕西黑猫=e1:out|e2:out|e3:out|e4:Dragon2|e5:Dragon2|e6:Dragon3|e7:out|e8:out|e9:out|e10:out|e11:out|e12:out|e13:out|e14:out;;601101.SH:昊华能源=e1:out|e2:out|e3:out|e4:out|e5:out|e6:out|e7:out|e8:Dragon1|e9:out|e10:out|e11:out|e12:Dragon1|e13:out|e14:out;;601666.SH:平煤股份=e1:out|e2:out|e3:out|e4:out|e5:out|e6:out|e7:Dragon2|e8:out|e9:out|e10:out|e11:out|e12:Dragon3|e13:out|e14:out,2025-11-05,2025-11-05,Dragon1=600408.SH:安泰集团;Dragon2=601011.SH:宝泰隆;Dragon3=600403.SH:大有能源,2025-11-14,2025-11-17,Dragon1=600408.SH:安泰集团;Dragon2=600403.SH:大有能源;Dragon3=600157.SH:永泰能源,2025-12-03,2025-12-03,Dragon1=600408.SH:安泰集团;Dragon2=600403.SH:大有能源;Dragon3=000571.SZ:新大洲A
燃气轮机,17,5,15,46,29,0.630434782609,16,0.347826086957,17,0.369565217391,20,13,0.65,600391.SH:航发科技,000534.SZ:万泽股份;002353.SZ:杰瑞股份;002478.SZ:常宝股份;600482.SH:中国动力;601399.SH:国机重装;603308.SH:应流股份;605060.SH:联德股份,000738.SZ:航发控制;301468.SZ:博盈特焊;600875.SH:东方电气;600893.SH:航发动力;603315.SH:福鞍股份,000534.SZ:万泽股份=e1:out|e2:out|e3:out|e4:out|e5:out|e6:out|e7:out|e8:out|e9:Dragon3|e10:Dragon3|e11:Dragon1|e12:out|e13:out|e14:out|e15:out|e16:out|e17:out;;000738.SZ:航发控制=e1:out|e2:out|e3:out|e4:Dragon2|e5:Dragon2|e6:out|e7:out|e8:out|e9:out|e10:out|e11:out|e12:out|e13:out|e14:out|e15:out|e16:out|e17:out;;002353.SZ:杰瑞股份=e1:out|e2:out|e3:out|e4:out|e5:out|e6:out|e7:out|e8:out|e9:out|e10:Dragon2|e11:out|e12:out|e13:out|e14:Dragon2|e15:Dragon2|e16:Dragon1|e17:Dragon2;;002478.SZ:常宝股份=e1:Dragon1|e2:out|e3:out|e4:out|e5:out|e6:out|e7:Dragon2|e8:Dragon1|e9:Dragon1|e10:Dragon1|e11:out|e12:out|e13:out|e14:out|e15:out|e16:out|e17:Dragon3;;301468.SZ:博盈特焊=e1:out|e2:out|e3:Dragon3|e4:out|e5:out|e6:out|e7:out|e8:out|e9:out|e10:out|e11:out|e12:out|e13:out|e14:Dragon3|e15:out|e16:out|e17:out;;600391.SH:航发科技=e1:out|e2:out|e3:out|e4:Dragon1|e5:Dragon1|e6:out|e7:out|e8:out|e9:out|e10:out|e11:out|e12:out|e13:out|e14:out|e15:Dragon1|e16:out|e17:out;;600482.SH:中国动力=e1:out|e2:out|e3:out|e4:out|e5:out|e6:out|e7:out|e8:out|e9:Dragon2|e10:out|e11:Dragon3|e12:out|e13:out|e14:Dragon1|e15:out|e16:out|e17:out;;600875.SH:东方电气=e1:out|e2:out|e3:out|e4:out|e5:out|e6:Dragon3|e7:out|e8:Dragon3|e9:out|e10:out|e11:out|e12:out|e13:out|e14:out|e15:out|e16:out|e17:out;;600893.SH:航发动力=e1:out|e2:out|e3:out|e4:Dragon3|e5:Dragon3|e6:out|e7:out|e8:out|e9:out|e10:out|e11:out|e12:out|e13:out|e14:out|e15:out|e16:out|e17:out;;601399.SH:国机重装=e1:out|e2:Dragon1|e3:Dragon2|e4:out|e5:out|e6:out|e7:out|e8:out|e9:out|e10:out|e11:out|e12:out|e13:out|e14:out|e15:out|e16:out|e17:out;;603308.SH:应流股份=e1:out|e2:out|e3:out|e4:out|e5:out|e6:Dragon2|e7:Dragon1|e8:Dragon2|e9:out|e10:out|e11:out|e12:out|e13:Dragon3|e14:out|e15:out|e16:out|e17:out;;603315.SH:福鞍股份=e1:out|e2:out|e3:out|e4:out|e5:out|e6:out|e7:out|e8:out|e9:out|e10:out|e11:out|e12:Dragon2|e13:Dragon2|e14:out|e15:out|e16:Dragon2|e17:out;;605060.SH:联德股份=e1:Dragon2|e2:out|e3:out|e4:out|e5:out|e6:Dragon1|e7:out|e8:out|e9:out|e10:out|e11:Dragon2|e12:Dragon1|e13:out|e14:out|e15:out|e16:out|e17:Dragon1,2025-11-06,2025-11-06,Dragon1=002478.SZ:常宝股份;Dragon2=605060.SH:联德股份;Dragon3=300775.SZ:三角防务,2025-12-05,2025-12-08,Dragon1=601399.SH:国机重装;Dragon2=601106.SH:中国一重;Dragon3=000811.SZ:冰轮环境,2025-12-12,2025-12-12,Dragon1=002471.SZ:中超控股;Dragon2=601399.SH:国机重装;Dragon3=301468.SZ:博盈特焊
物理AI,7,2,6,17,4,0.235294117647,2,0.117647058824,13,0.764705882353,16,4,0.25,002421.SZ:达实智能,001229.SZ:魅视科技;605118.SH:力鼎光电,603859.SH:能科科技,001229.SZ:魅视科技=e1:out|e2:out|e3:out|e4:out|e5:out|e6:Dragon1|e7:Dragon2;;002421.SZ:达实智能=e1:out|e2:Dragon1|e3:Dragon1|e4:out|e5:out|e6:out|e7:out;;603859.SH:能科科技=e1:Dragon3|e2:out|e3:Dragon3|e4:out|e5:out|e6:out|e7:out;;605118.SH:力鼎光电=e1:out|e2:out|e3:out|e4:out|e5:Dragon1|e6:out|e7:Dragon3,2026-05-18,2026-05-18,Dragon1=688507.SH:索辰科技;Dragon2=301313.SZ:凡拓数创;Dragon3=603859.SH:能科科技,2026-05-22,2026-05-22,Dragon1=002421.SZ:达实智能;Dragon2=600539.SH:狮头股份;Dragon3=603960.SH:克来机电,2026-06-05,2026-06-09,Dragon1=002421.SZ:达实智能;Dragon2=002354.SZ:天娱数科;Dragon3=603859.SH:能科科技
猪肉,2,1,2,3,0,0,0,0,3,1,6,0,0,,,,,2026-05-14,2026-05-14,Dragon1=002124.SZ:天邦食品;Dragon2=603717.SH:天域生物;Dragon3=605296.SH:神农集团,2026-07-10,2026-07-10,Dragon1=000048.SZ:京基智农;Dragon2=002548.SZ:金新农;Dragon3=603151.SH:邦基科技,,,
环保,2,2,2,3,0,0,0,0,3,1,6,0,0,,,,,2025-11-07,2025-11-07,Dragon1=603759.SH:海天股份;Dragon2=002658.SZ:雪迪龙;Dragon3=600292.SH:远达环保,2026-02-26,2026-02-26,Dragon1=000826.SZ:启迪环境;Dragon2=301175.SZ:中科环保;Dragon3=000010.SZ:美丽生态,,,
电力,15,13,11,39,13,0.333333333333,5,0.128205128205,26,0.666666666667,28,10,0.357142857143,001258.SZ:立新能源,001896.SZ:豫能控股;601991.SH:大唐发电,000037.SZ:深南电A;002015.SZ:协鑫能科;002775.SZ:文科股份;600578.SH:京能电力;600744.SH:华银电力;601016.SH:节能风电;605162.SH:新中港,000037.SZ:深南电A=e1:out|e2:out|e3:out|e4:Dragon3|e5:out|e6:out|e7:out|e8:out|e9:out|e10:Dragon2|e11:out|e12:out|e13:out|e14:out|e15:out;;001258.SZ:立新能源=e1:out|e2:out|e3:out|e4:out|e5:out|e6:out|e7:out|e8:out|e9:out|e10:out|e11:out|e12:Dragon1|e13:Dragon1|e14:out|e15:Dragon1;;001896.SZ:豫能控股=e1:out|e2:out|e3:out|e4:out|e5:out|e6:out|e7:out|e8:out|e9:Dragon1|e10:Dragon3|e11:out|e12:out|e13:out|e14:out|e15:out;;002015.SZ:协鑫能科=e1:out|e2:out|e3:out|e4:out|e5:out|e6:out|e7:Dragon2|e8:out|e9:out|e10:out|e11:out|e12:out|e13:out|e14:Dragon3|e15:out;;002775.SZ:文科股份=e1:out|e2:out|e3:out|e4:out|e5:out|e6:out|e7:out|e8:out|e9:out|e10:out|e11:out|e12:out|e13:Dragon3|e14:Dragon2|e15:out;;600578.SH:京能电力=e1:out|e2:out|e3:out|e4:out|e5:out|e6:out|e7:out|e8:Dragon2|e9:Dragon2|e10:out|e11:out|e12:out|e13:out|e14:out|e15:out;;600744.SH:华银电力=e1:Dragon2|e2:out|e3:out|e4:out|e5:out|e6:Dragon2|e7:out|e8:out|e9:out|e10:out|e11:out|e12:Dragon3|e13:out|e14:out|e15:out;;601016.SH:节能风电=e1:out|e2:out|e3:Dragon2|e4:out|e5:out|e6:out|e7:Dragon3|e8:out|e9:out|e10:out|e11:out|e12:out|e13:out|e14:out|e15:out;;601991.SH:大唐发电=e1:out|e2:out|e3:out|e4:out|e5:out|e6:out|e7:Dragon1|e8:Dragon1|e9:out|e10:out|e11:Dragon2|e12:out|e13:out|e14:out|e15:out;;605162.SH:新中港=e1:out|e2:out|e3:out|e4:Dragon2|e5:out|e6:out|e7:out|e8:out|e9:out|e10:out|e11:out|e12:out|e13:out|e14:out|e15:Dragon3,2026-02-26,2026-03-02,Dragon1=000899.SZ:赣能股份;Dragon2=600744.SH:华银电力;Dragon3=,2026-03-04,2026-03-13,Dragon1=600236.SH:桂冠电力;Dragon2=600821.SH:金开新能;Dragon3=000862.SZ:银星能源,2026-03-17,2026-03-27,Dragon1=002256.SZ:兆新股份;Dragon2=601016.SH:节能风电;Dragon3=603685.SH:晨丰科技
电源,3,0,3,6,2,0.333333333333,2,0.333333333333,4,0.666666666667,7,1,0.142857142857,,,002993.SZ:奥海科技,002993.SZ:奥海科技=e1:Dragon3|e2:Dragon2|e3:Dragon2,2026-05-13,2026-05-13,Dragon1=002364.SZ:中恒电气;Dragon2=002843.SZ:泰嘉股份;Dragon3=002993.SZ:奥海科技,2026-06-09,2026-06-09,Dragon1=300593.SZ:新雷能;Dragon2=002993.SZ:奥海科技;Dragon3=605100.SH:华丰股份,2026-06-16,2026-06-16,Dragon1=002851.SZ:麦格米特;Dragon2=002993.SZ:奥海科技;Dragon3=603861.SH:白云电器
电阻电容,3,1,3,6,1,0.166666666667,1,0.166666666667,5,0.833333333333,8,1,0.125,,603989.SH:艾华集团,,603989.SH:艾华集团=e1:out|e2:Dragon1|e3:Dragon2,2026-06-16,2026-06-17,Dragon1=002585.SZ:双星新材;Dragon2=603115.SH:海星股份;Dragon3=002806.SZ:华锋股份,2026-06-24,2026-06-24,Dragon1=603989.SH:艾华集团;Dragon2=603678.SH:火炬电子;Dragon3=600563.SH:法拉电子,2026-07-14,2026-07-14,Dragon1=002484.SZ:江海股份;Dragon2=603989.SH:艾华集团;Dragon3=000636.SZ:风华高科
病毒防治,2,2,2,3,1,0.333333333333,1,0.333333333333,2,0.666666666667,5,1,0.2,002030.SZ:达安基因,,,002030.SZ:达安基因=e1:Dragon1|e2:Dragon1,2026-01-26,2026-01-27,Dragon1=002030.SZ:达安基因;Dragon2=688317.SH:之江生物;Dragon3=301207.SZ:华兰疫苗,2026-05-11,2026-05-11,Dragon1=002030.SZ:达安基因;Dragon2=688189.SH:南新制药;Dragon3=600488.SH:津药药业,,,
石油石化,8,6,7,20,10,0.5,9,0.45,10,0.5,13,6,0.461538461538,600759.SH:洲际油气,603619.SH:中曼石油,002207.SZ:准油股份;300164.SZ:通源石油;603353.SH:和顺石油;603727.SH:博迈科,002207.SZ:准油股份=e1:out|e2:Dragon2|e3:Dragon2|e4:out|e5:out|e6:out|e7:out|e8:out;;300164.SZ:通源石油=e1:out|e2:out|e3:Dragon3|e4:Dragon3|e5:out|e6:out|e7:out|e8:out;;600759.SH:洲际油气=e1:Dragon1|e2:Dragon1|e3:Dragon1|e4:Dragon1|e5:out|e6:out|e7:out|e8:out;;603353.SH:和顺石油=e1:out|e2:out|e3:out|e4:Dragon2|e5:Dragon2|e6:out|e7:out|e8:out;;603619.SH:中曼石油=e1:Dragon2|e2:out|e3:out|e4:out|e5:out|e6:Dragon3|e7:Dragon2|e8:Dragon1;;603727.SH:博迈科=e1:out|e2:out|e3:out|e4:out|e5:out|e6:out|e7:Dragon3|e8:Dragon2,2026-01-28,2026-01-29,Dragon1=600759.SH:洲际油气;Dragon2=603619.SH:中曼石油;Dragon3=600871.SH:石化油服,2026-02-06,2026-02-06,Dragon1=600759.SH:洲际油气;Dragon2=002207.SZ:准油股份;Dragon3=,2026-02-24,2026-02-24,Dragon1=600759.SH:洲际油气;Dragon2=002207.SZ:准油股份;Dragon3=300164.SZ:通源石油
福建,2,2,2,3,1,0.333333333333,1,0.333333333333,2,0.666666666667,5,1,0.2,,,002679.SZ:福建金森,002679.SZ:福建金森=e1:Dragon3|e2:Dragon3,2025-10-30,2025-11-10,Dragon1=002790.SZ:瑞尔特;Dragon2=603909.SH:建发合诚;Dragon3=002679.SZ:福建金森,2025-11-12,2025-11-13,Dragon1=000632.SZ:三木集团;Dragon2=002578.SZ:闽发铝业;Dragon3=002679.SZ:福建金森,,,
稀土永磁,6,0,4,13,4,0.307692307692,1,0.076923076923,9,0.692307692308,12,3,0.25,,002645.SZ:华宏科技,000831.SZ:中国稀土;600259.SH:中稀有色,000831.SZ:中国稀土=e1:out|e2:out|e3:Dragon3|e4:out|e5:out|e6:Dragon2;;002645.SZ:华宏科技=e1:out|e2:out|e3:Dragon2|e4:Dragon1|e5:out|e6:Dragon3;;600259.SH:中稀有色=e1:out|e2:Dragon2|e3:out|e4:out|e5:Dragon2|e6:out,2026-02-25,2026-02-25,Dragon1=000758.SZ:中色股份;Dragon2=600010.SH:包钢股份;Dragon3=601068.SH:中铝国际,2026-03-02,2026-03-02,Dragon1=603257.SH:中国瑞林;Dragon2=600259.SH:中稀有色;Dragon3=,2026-04-29,2026-04-29,Dragon1=600111.SH:北方稀土;Dragon2=002645.SZ:华宏科技;Dragon3=000831.SZ:中国稀土
端侧AI,3,2,3,6,1,0.166666666667,1,0.166666666667,5,0.833333333333,8,1,0.125,,002632.SZ:道明光学,,002632.SZ:道明光学=e1:Dragon1|e2:Dragon2|e3:out,2025-11-27,2025-12-01,Dragon1=002632.SZ:道明光学;Dragon2=600203.SH:福日电子;Dragon3=688260.SH:昀冢科技,2026-07-16,2026-07-17,Dragon1=000676.SZ:智度股份;Dragon2=002632.SZ:道明光学;Dragon3=603327.SH:福蓉科技,2026-08-31,2026-08-31,Dragon1=603893.SH:瑞芯微;Dragon2=002881.SZ:美格智能;Dragon3=603068.SH:博通集成
算力,26,18,25,74,18,0.243243243243,6,0.081081081081,56,0.756756756757,59,13,0.220338983051,002051.SZ:中工国际;600666.SH:奥瑞德,000811.SZ:冰轮环境;001400.SZ:江顺科技;002536.SZ:飞龙股份;003018.SZ:金富科技;600589.SH:大位科技;600869.SH:远东股份;603045.SH:福达合金,000815.SZ:美利云;600673.SH:东阳光;603090.SH:宏盛股份;603629.SH:利通电子,000811.SZ:冰轮环境=e1:out|e2:out|e3:out|e4:out|e5:out|e6:out|e7:out|e8:out|e9:out|e10:out|e11:out|e12:out|e13:out|e14:out|e15:out|e16:out|e17:Dragon3|e18:out|e19:Dragon1|e20:out|e21:out|e22:out|e23:out|e24:out|e25:out|e26:out;;000815.SZ:美利云=e1:out|e2:out|e3:out|e4:out|e5:out|e6:out|e7:out|e8:out|e9:out|e10:out|e11:Dragon2|e12:out|e13:Dragon3|e14:out|e15:out|e16:out|e17:out|e18:out|e19:out|e20:out|e21:out|e22:out|e23:out|e24:out|e25:out|e26:out;;001400.SZ:江顺科技=e1:out|e2:out|e3:out|e4:out|e5:Dragon2|e6:Dragon1|e7:out|e8:out|e9:out|e10:out|e11:out|e12:out|e13:out|e14:out|e15:out|e16:out|e17:out|e18:out|e19:out|e20:out|e21:out|e22:out|e23:out|e24:out|e25:out|e26:out;;002051.SZ:中工国际=e1:out|e2:out|e3:out|e4:out|e5:out|e6:out|e7:out|e8:out|e9:out|e10:out|e11:out|e12:out|e13:out|e14:out|e15:out|e16:Dragon1|e17:out|e18:out|e19:out|e20:out|e21:out|e22:out|e23:Dragon1|e24:out|e25:out|e26:out;;002536.SZ:飞龙股份=e1:out|e2:out|e3:out|e4:out|e5:out|e6:out|e7:out|e8:out|e9:out|e10:out|e11:out|e12:out|e13:out|e14:out|e15:out|e16:out|e17:out|e18:out|e19:out|e20:out|e21:out|e22:Dragon2|e23:out|e24:out|e25:Dragon1|e26:out;;003018.SZ:金富科技=e1:out|e2:out|e3:out|e4:out|e5:out|e6:out|e7:out|e8:out|e9:out|e10:out|e11:out|e12:out|e13:out|e14:out|e15:out|e16:out|e17:out|e18:Dragon3|e19:out|e20:out|e21:out|e22:out|e23:out|e24:out|e25:Dragon2|e26:Dragon1;;600589.SH:大位科技=e1:out|e2:out|e3:out|e4:out|e5:out|e6:Dragon2|e7:Dragon1|e8:out|e9:out|e10:Dragon1|e11:out|e12:out|e13:out|e14:out|e15:out|e16:out|e17:out|e18:out|e19:out|e20:out|e21:out|e22:out|e23:out|e24:out|e25:out|e26:out;;600666.SH:奥瑞德=e1:out|e2:out|e3:out|e4:out|e5:out|e6:out|e7:out|e8:out|e9:out|e10:out|e11:Dragon1|e12:Dragon1|e13:Dragon1|e14:out|e15:out|e16:out|e17:out|e18:out|e19:out|e20:out|e21:out|e22:out|e23:out|e24:out|e25:out|e26:out;;600673.SH:东阳光=e1:out|e2:out|e3:Dragon2|e4:out|e5:out|e6:out|e7:out|e8:out|e9:Dragon3|e10:out|e11:out|e12:out|e13:out|e14:out|e15:out|e16:out|e17:out|e18:out|e19:out|e20:out|e21:out|e22:out|e23:out|e24:out|e25:out|e26:out;;600869.SH:远东股份=e1:out|e2:out|e3:out|e4:out|e5:Dragon1|e6:out|e7:out|e8:out|e9:Dragon2|e10:out|e11:out|e12:out|e13:out|e14:out|e15:out|e16:out|e17:out|e18:out|e19:out|e20:out|e21:out|e22:out|e23:out|e24:out|e25:out|e26:out;;603045.SH:福达合金=e1:out|e2:out|e3:out|e4:out|e5:out|e6:out|e7:out|e8:out|e9:out|e10:out|e11:out|e12:out|e13:out|e14:out|e15:out|e16:out|e17:Dragon1|e18:out|e19:out|e20:out|e21:out|e22:out|e23:out|e24:out|e25:Dragon3|e26:out;;603090.SH:宏盛股份=e1:out|e2:out|e3:Dragon3|e4:Dragon2|e5:out|e6:out|e7:out|e8:out|e9:out|e10:out|e11:out|e12:out|e13:out|e14:out|e15:out|e16:Dragon2|e17:out|e18:out|e19:out|e20:out|e21:out|e22:out|e23:out|e24:out|e25:out|e26:out;;603629.SH:利通电子=e1:out|e2:out|e3:out|e4:out|e5:out|e6:out|e7:out|e8:Dragon3|e9:out|e10:Dragon3|e11:out|e12:out|e13:out|e14:out|e15:out|e16:out|e17:out|e18:out|e19:out|e20:out|e21:out|e22:out|e23:out|e24:Dragon2|e25:out|e26:out,2025-11-17,2025-11-17,Dragon1=605303.SH:园林股份;Dragon2=600506.SH:统一股份;Dragon3=600156.SH:华升股份,2025-11-21,2025-11-25,Dragon1=600734.SH:实达集团;Dragon2=600996.SH:贵广网络;Dragon3=000070.SZ:特发信息,2025-12-09,2025-12-09,Dragon1=002229.SZ:鸿博股份;Dragon2=600673.SH:东阳光;Dragon3=603090.SH:宏盛股份
绿色电力,8,5,7,20,6,0.3,4,0.2,14,0.7,17,4,0.235294117647,605286.SH:同力天启,001258.SZ:立新能源;600396.SH:华电辽能,600726.SH:华电能源,001258.SZ:立新能源=e1:out|e2:out|e3:out|e4:out|e5:Dragon2|e6:Dragon1|e7:Dragon2|e8:out;;600396.SH:华电辽能=e1:out|e2:Dragon1|e3:Dragon1|e4:out|e5:out|e6:Dragon2|e7:out|e8:out;;600726.SH:华电能源=e1:out|e2:out|e3:Dragon2|e4:out|e5:out|e6:out|e7:out|e8:Dragon3;;605286.SH:同力天启=e1:out|e2:out|e3:out|e4:out|e5:out|e6:out|e7:Dragon1|e8:Dragon1,2026-01-14,2026-01-14,Dragon1=000875.SZ:吉电股份;Dragon2=002310.SZ:东方新能;Dragon3=000591.SZ:太阳能,2026-04-23,2026-04-23,Dragon1=600396.SH:华电辽能;Dragon2=002606.SZ:大连电瓷;Dragon3=000537.SZ:绿发电力,2026-04-27,2026-04-27,Dragon1=600396.SH:华电辽能;Dragon2=600726.SH:华电能源;Dragon3=
股权转让,13,1,5,29,5,0.172413793103,3,0.103448275862,24,0.827586206897,26,3,0.115384615385,000048.SZ:京基智农;001259.SZ:利仁科技,002795.SZ:永和智控,,000048.SZ:京基智农=e1:out|e2:out|e3:out|e4:out|e5:out|e6:out|e7:out|e8:out|e9:out|e10:Dragon1|e11:Dragon1|e12:out|e13:out;;001259.SZ:利仁科技=e1:out|e2:out|e3:out|e4:out|e5:out|e6:out|e7:Dragon1|e8:Dragon1|e9:out|e10:out|e11:out|e12:out|e13:out;;002795.SZ:永和智控=e1:Dragon2|e2:Dragon1|e3:out|e4:Dragon2|e5:out|e6:out|e7:out|e8:out|e9:Dragon1|e10:out|e11:out|e12:out|e13:out,2026-01-06,2026-01-06,Dragon1=001210.SZ:金房能源;Dragon2=002795.SZ:永和智控;Dragon3=,2026-01-09,2026-01-12,Dragon1=002795.SZ:永和智控;Dragon2=600748.SH:上实发展;Dragon3=300536.SZ:农尚环境,2026-01-15,2026-01-19,Dragon1=600785.SH:新华百货;Dragon2=603161.SH:科华控股;Dragon3=
脑机接口,4,3,4,9,5,0.555555555556,4,0.444444444444,4,0.444444444444,7,4,0.571428571429,002195.SZ:岩山科技,000566.SZ:海南海药;002173.SZ:创新医疗,603716.SH:塞力医疗,000566.SZ:海南海药=e1:out|e2:out|e3:Dragon1|e4:Dragon2;;002173.SZ:创新医疗=e1:Dragon3|e2:out|e3:Dragon2|e4:Dragon1;;002195.SZ:岩山科技=e1:Dragon1|e2:Dragon1|e3:out|e4:out;;603716.SH:塞力医疗=e1:out|e2:out|e3:Dragon3|e4:Dragon3,2026-01-05,2026-01-08,Dragon1=002195.SZ:岩山科技;Dragon2=301293.SZ:三博脑科;Dragon3=002173.SZ:创新医疗,2026-01-12,2026-01-12,Dragon1=002195.SZ:岩山科技;Dragon2=300409.SZ:道氏技术;Dragon3=002555.SZ:三七互娱,2026-07-16,2026-07-16,Dragon1=000566.SZ:海南海药;Dragon2=002173.SZ:创新医疗;Dragon3=603716.SH:塞力医疗
航运,3,2,3,6,6,1,6,1,0,0,3,3,1,601872.SH:招商轮船,,600026.SH:中远海能;601975.SH:招商南油,600026.SH:中远海能=e1:Dragon2|e2:Dragon3|e3:Dragon2;;601872.SH:招商轮船=e1:Dragon1|e2:Dragon1|e3:Dragon1;;601975.SH:招商南油=e1:Dragon3|e2:Dragon2|e3:Dragon3,2026-02-24,2026-02-24,Dragon1=601872.SH:招商轮船;Dragon2=600026.SH:中远海能;Dragon3=601975.SH:招商南油,2026-03-02,2026-03-03,Dragon1=601872.SH:招商轮船;Dragon2=601975.SH:招商南油;Dragon3=600026.SH:中远海能,2026-06-15,2026-06-15,Dragon1=601872.SH:招商轮船;Dragon2=600026.SH:中远海能;Dragon3=601975.SH:招商南油
芯片,20,15,19,56,14,0.25,5,0.089285714286,42,0.75,45,9,0.2,002208.SZ:合肥城建;601133.SH:柏诚股份,000859.SZ:国风新材;001309.SZ:德明利;002428.SZ:云南锗业;603163.SH:圣晖集成;603929.SH:亚翔集成,002990.SZ:盛视科技;605358.SH:立昂微,000859.SZ:国风新材=e1:out|e2:out|e3:out|e4:Dragon2|e5:out|e6:out|e7:Dragon3|e8:out|e9:out|e10:out|e11:out|e12:Dragon1|e13:out|e14:out|e15:out|e16:out|e17:out|e18:out|e19:out|e20:out;;001309.SZ:德明利=e1:out|e2:Dragon1|e3:out|e4:out|e5:out|e6:out|e7:out|e8:out|e9:out|e10:out|e11:out|e12:out|e13:Dragon2|e14:out|e15:out|e16:out|e17:out|e18:out|e19:out|e20:out;;002208.SZ:合肥城建=e1:out|e2:out|e3:Dragon1|e4:out|e5:out|e6:out|e7:out|e8:Dragon1|e9:out|e10:out|e11:out|e12:out|e13:out|e14:out|e15:out|e16:out|e17:out|e18:out|e19:out|e20:out;;002428.SZ:云南锗业=e1:out|e2:out|e3:out|e4:out|e5:out|e6:out|e7:out|e8:out|e9:out|e10:out|e11:out|e12:out|e13:out|e14:out|e15:Dragon2|e16:Dragon1|e17:out|e18:out|e19:Dragon3|e20:out;;002990.SZ:盛视科技=e1:out|e2:out|e3:Dragon2|e4:out|e5:out|e6:out|e7:out|e8:out|e9:out|e10:out|e11:out|e12:out|e13:out|e14:Dragon2|e15:out|e16:out|e17:out|e18:out|e19:out|e20:out;;601133.SH:柏诚股份=e1:out|e2:out|e3:out|e4:out|e5:out|e6:out|e7:out|e8:out|e9:out|e10:out|e11:out|e12:out|e13:out|e14:out|e15:out|e16:out|e17:Dragon1|e18:Dragon1|e19:out|e20:out;;603163.SH:圣晖集成=e1:out|e2:out|e3:out|e4:Dragon3|e5:out|e6:out|e7:Dragon2|e8:out|e9:out|e10:out|e11:Dragon1|e12:Dragon2|e13:out|e14:out|e15:out|e16:out|e17:out|e18:out|e19:out|e20:out;;603929.SH:亚翔集成=e1:out|e2:out|e3:out|e4:out|e5:out|e6:out|e7:out|e8:out|e9:out|e10:out|e11:Dragon2|e12:out|e13:out|e14:Dragon1|e15:Dragon3|e16:out|e17:out|e18:out|e19:out|e20:out;;605358.SH:立昂微=e1:out|e2:out|e3:out|e4:out|e5:Dragon2|e6:Dragon3|e7:out|e8:out|e9:out|e10:out|e11:out|e12:out|e13:out|e14:out|e15:out|e16:out|e17:out|e18:out|e19:out|e20:out,2025-11-03,2025-11-03,Dragon1=000620.SZ:盈新发展;Dragon2=603030.SH:全筑股份;Dragon3=600667.SH:太极实业,2025-11-06,2025-11-13,Dragon1=001309.SZ:德明利;Dragon2=603931.SH:格林达;Dragon3=688048.SH:长光华芯,2025-11-17,2025-11-27,Dragon1=002208.SZ:合肥城建;Dragon2=002990.SZ:盛视科技;Dragon3=
证券,3,0,3,6,1,0.166666666667,1,0.166666666667,5,0.833333333333,8,1,0.125,,,002670.SZ:国盛证券,002670.SZ:国盛证券=e1:out|e2:Dragon3|e3:Dragon3,2026-06-22,2026-06-22,Dragon1=000776.SZ:广发证券;Dragon2=000783.SZ:长江证券;Dragon3=601066.SH:中信建投,2026-07-01,2026-07-01,Dragon1=600909.SH:华安证券;Dragon2=601162.SH:天风证券;Dragon3=002670.SZ:国盛证券,2026-08-27,2026-08-31,Dragon1=000712.SZ:锦龙股份;Dragon2=600095.SH:湘财股份;Dragon3=002670.SZ:国盛证券
跨境电商,2,0,1,3,0,0,0,0,3,1,5,0,0,,,,,2025-12-01,2025-12-01,Dragon1=600981.SH:苏豪汇鸿;Dragon2=003003.SZ:天元股份;Dragon3=,2025-12-25,2025-12-25,Dragon1=002640.SZ:跨境通;Dragon2=002264.SZ:新华都;Dragon3=001300.SZ:三柏硕,,,
轨道交通,2,1,2,3,1,0.333333333333,1,0.333333333333,2,0.666666666667,5,1,0.2,,000008.SZ:神州高铁,,000008.SZ:神州高铁=e1:Dragon3|e2:Dragon1,2026-01-06,2026-01-06,Dragon1=001255.SZ:博菲电气;Dragon2=301016.SZ:雷尔伟;Dragon3=000008.SZ:神州高铁,2026-03-31,2026-03-31,Dragon1=000008.SZ:神州高铁;Dragon2=600894.SH:广日股份;Dragon3=000927.SZ:中国铁物,,,
通信,25,20,24,71,27,0.380281690141,6,0.084507042254,44,0.619718309859,47,17,0.36170212766,002141.SZ:贤丰控股;601208.SH:东材科技,001267.SZ:汇绿生态;002491.SZ:通鼎互联;002636.SZ:金安国纪;002815.SZ:崇达技术;003031.SZ:中瓷电子;003036.SZ:泰坦股份;600345.SH:长江通信;603052.SH:可川科技;603186.SH:华正新材;603803.SH:瑞斯康达,002222.SZ:福晶科技;002384.SZ:东山精密;002552.SZ:宝鼎科技;002796.SZ:世嘉科技;601869.SH:长飞光纤,001267.SZ:汇绿生态=e1:out|e2:Dragon2|e3:out|e4:out|e5:out|e6:out|e7:out|e8:out|e9:out|e10:out|e11:Dragon3|e12:out|e13:out|e14:Dragon1|e15:out|e16:out|e17:out|e18:out|e19:out|e20:out|e21:out|e22:out|e23:out|e24:Dragon2|e25:out;;002141.SZ:贤丰控股=e1:out|e2:out|e3:out|e4:out|e5:out|e6:out|e7:out|e8:out|e9:out|e10:out|e11:out|e12:out|e13:out|e14:out|e15:out|e16:out|e17:out|e18:out|e19:out|e20:out|e21:Dragon1|e22:out|e23:Dragon1|e24:out|e25:out;;002222.SZ:福晶科技=e1:out|e2:out|e3:out|e4:out|e5:Dragon2|e6:out|e7:out|e8:out|e9:out|e10:out|e11:out|e12:out|e13:out|e14:out|e15:Dragon2|e16:out|e17:out|e18:out|e19:out|e20:out|e21:out|e22:out|e23:out|e24:out|e25:out;;002384.SZ:东山精密=e1:out|e2:Dragon3|e3:out|e4:out|e5:out|e6:out|e7:out|e8:out|e9:out|e10:out|e11:out|e12:out|e13:out|e14:out|e15:out|e16:out|e17:out|e18:out|e19:out|e20:out|e21:out|e22:out|e23:Dragon3|e24:out|e25:out;;002491.SZ:通鼎互联=e1:out|e2:out|e3:out|e4:out|e5:out|e6:out|e7:Dragon2|e8:out|e9:out|e10:out|e11:out|e12:Dragon2|e13:out|e14:out|e15:Dragon1|e16:out|e17:Dragon3|e18:out|e19:out|e20:out|e21:out|e22:out|e23:out|e24:out|e25:out;;002552.SZ:宝鼎科技=e1:out|e2:out|e3:out|e4:out|e5:out|e6:out|e7:out|e8:out|e9:out|e10:out|e11:out|e12:out|e13:out|e14:out|e15:out|e16:out|e17:out|e18:out|e19:Dragon2|e20:Dragon3|e21:out|e22:out|e23:out|e24:out|e25:out;;002636.SZ:金安国纪=e1:out|e2:out|e3:Dragon1|e4:out|e5:out|e6:out|e7:out|e8:out|e9:out|e10:out|e11:out|e12:out|e13:out|e14:Dragon3|e15:Dragon3|e16:out|e17:out|e18:out|e19:out|e20:out|e21:out|e22:out|e23:out|e24:out|e25:out;;002796.SZ:世嘉科技=e1:Dragon2|e2:out|e3:out|e4:out|e5:out|e6:out|e7:out|e8:Dragon3|e9:Dragon3|e10:out|e11:Dragon2|e12:out|e13:out|e14:out|e15:out|e16:out|e17:out|e18:out|e19:out|e20:out|e21:out|e22:out|e23:out|e24:out|e25:out;;002815.SZ:崇达技术=e1:out|e2:out|e3:out|e4:out|e5:out|e6:out|e7:out|e8:out|e9:out|e10:out|e11:out|e12:out|e13:out|e14:out|e15:out|e16:out|e17:out|e18:out|e19:out|e20:out|e21:Dragon2|e22:Dragon1|e23:out|e24:out|e25:out;;003031.SZ:中瓷电子=e1:out|e2:out|e3:out|e4:out|e5:out|e6:out|e7:out|e8:Dragon2|e9:out|e10:out|e11:Dragon1|e12:out|e13:out|e14:out|e15:out|e16:out|e17:out|e18:out|e19:out|e20:out|e21:out|e22:out|e23:out|e24:out|e25:out;;003036.SZ:泰坦股份=e1:out|e2:out|e3:out|e4:out|e5:out|e6:out|e7:out|e8:out|e9:out|e10:out|e11:out|e12:out|e13:out|e14:out|e15:out|e16:out|e17:out|e18:Dragon1|e19:out|e20:out|e21:out|e22:out|e23:out|e24:out|e25:Dragon3;;600345.SH:长江通信=e1:out|e2:out|e3:out|e4:out|e5:out|e6:out|e7:out|e8:out|e9:out|e10:out|e11:out|e12:Dragon1|e13:Dragon3|e14:out|e15:out|e16:out|e17:out|e18:out|e19:out|e20:out|e21:out|e22:out|e23:out|e24:out|e25:out;;601208.SH:东材科技=e1:out|e2:out|e3:out|e4:Dragon1|e5:out|e6:out|e7:out|e8:out|e9:Dragon1|e10:out|e11:out|e12:out|e13:out|e14:out|e15:out|e16:out|e17:out|e18:out|e19:out|e20:out|e21:out|e22:out|e23:out|e24:out|e25:out;;601869.SH:长飞光纤=e1:out|e2:out|e3:out|e4:out|e5:out|e6:out|e7:Dragon3|e8:out|e9:out|e10:out|e11:out|e12:Dragon3|e13:out|e14:out|e15:out|e16:out|e17:out|e18:out|e19:out|e20:out|e21:out|e22:out|e23:out|e24:out|e25:out;;603052.SH:可川科技=e1:out|e2:Dragon1|e3:out|e4:out|e5:out|e6:out|e7:out|e8:Dragon1|e9:out|e10:Dragon3|e11:out|e12:out|e13:out|e14:out|e15:out|e16:out|e17:Dragon1|e18:out|e19:out|e20:out|e21:out|e22:out|e23:out|e24:out|e25:out;;603186.SH:华正新材=e1:out|e2:out|e3:out|e4:out|e5:out|e6:out|e7:out|e8:out|e9:out|e10:out|e11:out|e12:out|e13:out|e14:out|e15:out|e16:out|e17:out|e18:out|e19:out|e20:Dragon1|e21:out|e22:out|e23:Dragon2|e24:out|e25:out;;603803.SH:瑞斯康达=e1:out|e2:out|e3:out|e4:Dragon2|e5:Dragon1|e6:out|e7:out|e8:out|e9:out|e10:out|e11:out|e12:out|e13:out|e14:Dragon2|e15:out|e16:out|e17:out|e18:out|e19:out|e20:out|e21:out|e22:out|e23:out|e24:out|e25:out,2025-11-03,2025-11-03,Dragon1=002134.SZ:天津普林;Dragon2=002796.SZ:世嘉科技;Dragon3=605258.SH:协和电子,2025-11-06,2025-11-06,Dragon1=603052.SH:可川科技;Dragon2=001267.SZ:汇绿生态;Dragon3=002384.SZ:东山精密,2025-11-10,2025-11-10,Dragon1=002636.SZ:金安国纪;Dragon2=600103.SH:青山纸业;Dragon3=
造纸,3,1,2,5,3,0.6,3,0.6,2,0.4,5,2,0.4,,600793.SH:宜宾纸业;605377.SH:华旺科技,,600793.SH:宜宾纸业=e1:Dragon3|e2:Dragon3|e3:Dragon1;;605377.SH:华旺科技=e1:out|e2:Dragon1|e3:Dragon2,2025-12-25,2025-12-25,Dragon1=605007.SH:五洲特纸;Dragon2=600966.SH:博汇纸业;Dragon3=600793.SH:宜宾纸业,2026-06-23,2026-06-23,Dragon1=605377.SH:华旺科技;Dragon2=603863.SH:松炀资源;Dragon3=600793.SH:宜宾纸业,2026-07-06,2026-07-06,Dragon1=600793.SH:宜宾纸业;Dragon2=605377.SH:华旺科技;Dragon3=
酿酒,5,2,3,10,4,0.4,3,0.3,6,0.6,9,3,0.333333333333,,002374.SZ:中锐股份;600084.SH:中信尼雅,000995.SZ:皇台酒业,000995.SZ:皇台酒业=e1:out|e2:Dragon2|e3:Dragon2|e4:out|e5:Dragon2;;002374.SZ:中锐股份=e1:Dragon2|e2:Dragon1|e3:out|e4:out|e5:out;;600084.SH:中信尼雅=e1:out|e2:out|e3:Dragon1|e4:Dragon2|e5:out,2025-11-10,2025-11-10,Dragon1=601579.SH:会稽山;Dragon2=002374.SZ:中锐股份;Dragon3=600702.SH:舍得酒业,2025-12-15,2025-12-15,Dragon1=002374.SZ:中锐股份;Dragon2=000995.SZ:皇台酒业;Dragon3=,2026-01-29,2026-02-02,Dragon1=600084.SH:中信尼雅;Dragon2=000995.SZ:皇台酒业;Dragon3=000799.SZ:酒鬼酒
金刚石概念,5,0,4,11,9,0.818181818182,8,0.727272727273,2,0.181818181818,5,4,0.8,002655.SZ:共达电声,300179.SZ:四方达;600172.SH:黄河旋风,605580.SH:恒盛能源,002655.SZ:共达电声=e1:out|e2:out|e3:out|e4:Dragon1|e5:Dragon1;;300179.SZ:四方达=e1:Dragon1|e2:Dragon3|e3:Dragon3|e4:Dragon3|e5:out;;600172.SH:黄河旋风=e1:Dragon2|e2:Dragon2|e3:Dragon1|e4:Dragon2|e5:Dragon2;;605580.SH:恒盛能源=e1:Dragon3|e2:out|e3:Dragon2|e4:out|e5:out,2025-11-11,2025-11-11,Dragon1=300179.SZ:四方达;Dragon2=600172.SH:黄河旋风;Dragon3=605580.SH:恒盛能源,2026-05-22,2026-05-25,Dragon1=603661.SH:恒林股份;Dragon2=600172.SH:黄河旋风;Dragon3=300179.SZ:四方达,2026-05-28,2026-05-28,Dragon1=600172.SH:黄河旋风;Dragon2=605580.SH:恒盛能源;Dragon3=300179.SZ:四方达
金属铝,3,2,3,6,3,0.5,3,0.5,3,0.5,6,3,0.5,,002532.SZ:天山铝业;002578.SZ:闽发铝业,002160.SZ:常铝股份,002160.SZ:常铝股份=e1:Dragon3|e2:Dragon2|e3:out;;002532.SZ:天山铝业=e1:out|e2:Dragon1|e3:Dragon3;;002578.SZ:闽发铝业=e1:Dragon1|e2:Dragon3|e3:out,2025-11-06,2025-11-06,Dragon1=002578.SZ:闽发铝业;Dragon2=600219.SH:南山铝业;Dragon3=002160.SZ:常铝股份,2026-03-30,2026-03-30,Dragon1=002532.SZ:天山铝业;Dragon2=002160.SZ:常铝股份;Dragon3=002578.SZ:闽发铝业,2026-07-14,2026-07-14,Dragon1=600595.SH:中孚实业;Dragon2=002128.SZ:电投能源;Dragon3=002532.SZ:天山铝业
金融概念,7,2,5,16,1,0.0625,0,0,15,0.9375,18,1,0.055555555556,,002197.SZ:证通电子,,002197.SZ:证通电子=e1:out|e2:out|e3:Dragon2|e4:out|e5:Dragon1|e6:out|e7:out,2025-12-05,2025-12-05,Dragon1=002961.SZ:瑞达期货;Dragon2=300377.SZ:赢时胜;Dragon3=601696.SH:中银证券,2025-12-17,2025-12-17,Dragon1=603123.SH:翠微股份;Dragon2=300551.SZ:古鳌科技;Dragon3=,2026-01-06,2026-01-06,Dragon1=002177.SZ:御银股份;Dragon2=002197.SZ:证通电子;Dragon3=300399.SZ:天利科技
锂电池,27,18,26,77,28,0.363636363636,10,0.12987012987,49,0.636363636364,52,17,0.326923076923,000056.SZ:皇庭国际;002192.SZ:融捷股份;002388.SZ:新亚制程;002805.SZ:丰元股份,000036.SZ:华联控股;000546.SZ:金圆股份;001203.SZ:大中矿业;002083.SZ:孚日股份;002759.SZ:天际股份;603032.SH:德新科技;603399.SH:永杉锂业;603778.SH:国晟科技;603937.SH:丽岛新材,000695.SZ:滨海能源;002580.SZ:圣阳股份;601515.SH:衢州东峰;603978.SH:深圳新星,000036.SZ:华联控股=e1:out|e2:out|e3:out|e4:out|e5:out|e6:out|e7:Dragon1|e8:out|e9:Dragon1|e10:out|e11:out|e12:out|e13:out|e14:out|e15:out|e16:out|e17:out|e18:out|e19:Dragon2|e20:out|e21:out|e22:out|e23:out|e24:out|e25:out|e26:out|e27:out;;000056.SZ:皇庭国际=e1:out|e2:out|e3:out|e4:out|e5:out|e6:out|e7:out|e8:out|e9:out|e10:Dragon1|e11:Dragon1|e12:out|e13:out|e14:out|e15:out|e16:out|e17:out|e18:out|e19:out|e20:out|e21:out|e22:out|e23:out|e24:out|e25:out|e26:out|e27:out;;000546.SZ:金圆股份=e1:out|e2:out|e3:out|e4:out|e5:Dragon1|e6:out|e7:out|e8:out|e9:out|e10:out|e11:out|e12:out|e13:out|e14:out|e15:out|e16:out|e17:Dragon2|e18:out|e19:out|e20:out|e21:out|e22:out|e23:out|e24:out|e25:out|e26:out|e27:out;;000695.SZ:滨海能源=e1:out|e2:out|e3:out|e4:out|e5:out|e6:Dragon3|e7:out|e8:out|e9:out|e10:out|e11:out|e12:out|e13:out|e14:out|e15:Dragon2|e16:out|e17:out|e18:out|e19:out|e20:out|e21:out|e22:out|e23:out|e24:out|e25:out|e26:out|e27:out;;001203.SZ:大中矿业=e1:Dragon1|e2:Dragon3|e3:out|e4:out|e5:out|e6:out|e7:out|e8:out|e9:Dragon3|e10:out|e11:Dragon3|e12:out|e13:out|e14:out|e15:out|e16:out|e17:out|e18:out|e19:out|e20:out|e21:out|e22:out|e23:out|e24:out|e25:out|e26:out|e27:out;;002083.SZ:孚日股份=e1:out|e2:out|e3:out|e4:Dragon1|e5:out|e6:out|e7:out|e8:Dragon2|e9:out|e10:out|e11:out|e12:Dragon2|e13:out|e14:Dragon2|e15:out|e16:out|e17:out|e18:out|e19:out|e20:out|e21:out|e22:out|e23:out|e24:Dragon2|e25:out|e26:out|e27:out;;002192.SZ:融捷股份=e1:out|e2:out|e3:out|e4:out|e5:out|e6:out|e7:out|e8:out|e9:out|e10:out|e11:out|e12:Dragon1|e13:Dragon1|e14:out|e15:out|e16:out|e17:out|e18:out|e19:out|e20:out|e21:out|e22:out|e23:out|e24:out|e25:out|e26:out|e27:out;;002388.SZ:新亚制程=e1:out|e2:out|e3:out|e4:out|e5:out|e6:out|e7:out|e8:out|e9:out|e10:out|e11:out|e12:out|e13:out|e14:out|e15:out|e16:out|e17:out|e18:out|e19:out|e20:out|e21:out|e22:out|e23:out|e24:out|e25:Dragon1|e26:Dragon1|e27:out;;002580.SZ:圣阳股份=e1:out|e2:out|e3:out|e4:out|e5:out|e6:out|e7:out|e8:out|e9:out|e10:out|e11:out|e12:out|e13:out|e14:out|e15:out|e16:Dragon2|e17:out|e18:out|e19:out|e20:out|e21:out|e22:out|e23:out|e24:out|e25:Dragon3|e26:out|e27:out;;002759.SZ:天际股份=e1:Dragon3|e2:out|e3:out|e4:out|e5:Dragon2|e6:Dragon1|e7:Dragon2|e8:Dragon3|e9:out|e10:out|e11:out|e12:out|e13:out|e14:out|e15:out|e16:out|e17:out|e18:out|e19:out|e20:out|e21:out|e22:out|e23:out|e24:out|e25:out|e26:out|e27:out;;002805.SZ:丰元股份=e1:out|e2:out|e3:out|e4:out|e5:out|e6:out|e7:out|e8:out|e9:out|e10:out|e11:out|e12:out|e13:out|e14:out|e15:out|e16:out|e17:out|e18:out|e19:out|e20:Dragon1|e21:out|e22:out|e23:Dragon1|e24:out|e25:out|e26:out|e27:out;;601515.SH:衢州东峰=e1:out|e2:out|e3:out|e4:out|e5:out|e6:out|e7:out|e8:out|e9:out|e10:out|e11:out|e12:out|e13:Dragon3|e14:Dragon3|e15:out|e16:out|e17:out|e18:out|e19:out|e20:out|e21:out|e22:out|e23:out|e24:out|e25:out|e26:out|e27:out;;603032.SH:德新科技=e1:out|e2:out|e3:out|e4:out|e5:out|e6:out|e7:out|e8:out|e9:out|e10:out|e11:out|e12:out|e13:out|e14:out|e15:out|e16:out|e17:out|e18:out|e19:out|e20:out|e21:Dragon1|e22:out|e23:out|e24:out|e25:out|e26:out|e27:Dragon3;;603399.SH:永杉锂业=e1:out|e2:out|e3:out|e4:out|e5:out|e6:out|e7:out|e8:out|e9:out|e10:out|e11:out|e12:out|e13:out|e14:out|e15:out|e16:out|e17:out|e18:Dragon3|e19:out|e20:out|e21:out|e22:out|e23:out|e24:Dragon1|e25:out|e26:out|e27:out;;603778.SH:国晟科技=e1:out|e2:out|e3:Dragon2|e4:out|e5:out|e6:out|e7:out|e8:Dragon1|e9:out|e10:out|e11:out|e12:out|e13:out|e14:out|e15:out|e16:out|e17:out|e18:out|e19:out|e20:out|e21:out|e22:out|e23:out|e24:out|e25:out|e26:out|e27:out;;603937.SH:丽岛新材=e1:out|e2:out|e3:out|e4:out|e5:out|e6:out|e7:out|e8:out|e9:out|e10:out|e11:out|e12:out|e13:Dragon2|e14:Dragon1|e15:out|e16:out|e17:out|e18:Dragon2|e19:Dragon1|e20:out|e21:out|e22:out|e23:out|e24:out|e25:out|e26:out|e27:out;;603978.SH:深圳新星=e1:out|e2:Dragon2|e3:out|e4:out|e5:out|e6:out|e7:Dragon3|e8:out|e9:out|e10:out|e11:out|e12:out|e13:out|e14:out|e15:out|e16:out|e17:out|e18:out|e19:out|e20:out|e21:out|e22:out|e23:out|e24:out|e25:out|e26:out|e27:out,2025-10-30,2025-10-31,Dragon1=001203.SZ:大中矿业;Dragon2=603026.SH:石大胜华;Dragon3=002759.SZ:天际股份,2025-11-06,2025-11-20,Dragon1=002591.SZ:恒大高新;Dragon2=603978.SH:深圳新星;Dragon3=001203.SZ:大中矿业,2025-11-24,2025-12-01,Dragon1=601238.SH:广汽集团;Dragon2=603778.SH:国晟科技;Dragon3=002667.SZ:威领股份
零售,15,7,12,39,20,0.512820512821,7,0.179487179487,19,0.487179487179,22,11,0.5,002251.SZ:步步高;600693.SH:东百集团;600785.SH:新华百货,000759.SZ:中百集团;002187.SZ:广百股份;600828.SH:茂业商业;600857.SH:宁波中百,600113.SH:浙江东日;600280.SH:中央商场;601116.SH:三江购物;605188.SH:国光连锁,000759.SZ:中百集团=e1:out|e2:out|e3:out|e4:out|e5:out|e6:out|e7:out|e8:Dragon2|e9:out|e10:Dragon1|e11:Dragon2|e12:out|e13:out|e14:out|e15:Dragon3;;002187.SZ:广百股份=e1:out|e2:Dragon3|e3:out|e4:Dragon1|e5:out|e6:out|e7:out|e8:out|e9:out|e10:out|e11:out|e12:out|e13:out|e14:out|e15:out;;002251.SZ:步步高=e1:out|e2:out|e3:out|e4:out|e5:out|e6:out|e7:out|e8:Dragon1|e9:Dragon1|e10:out|e11:out|e12:out|e13:out|e14:out|e15:out;;600113.SH:浙江东日=e1:Dragon2|e2:out|e3:out|e4:out|e5:out|e6:out|e7:out|e8:out|e9:out|e10:out|e11:Dragon3|e12:out|e13:out|e14:Dragon3|e15:out;;600280.SH:中央商场=e1:out|e2:out|e3:out|e4:out|e5:out|e6:out|e7:out|e8:out|e9:Dragon2|e10:Dragon2|e11:out|e12:out|e13:out|e14:out|e15:out;;600693.SH:东百集团=e1:Dragon1|e2:out|e3:Dragon1|e4:out|e5:out|e6:out|e7:out|e8:out|e9:out|e10:out|e11:out|e12:Dragon1|e13:out|e14:out|e15:out;;600785.SH:新华百货=e1:out|e2:out|e3:out|e4:out|e5:Dragon1|e6:out|e7:out|e8:out|e9:out|e10:out|e11:out|e12:out|e13:out|e14:out|e15:Dragon1;;600828.SH:茂业商业=e1:out|e2:Dragon1|e3:Dragon3|e4:Dragon2|e5:Dragon2|e6:Dragon1|e7:out|e8:out|e9:Dragon3|e10:out|e11:out|e12:out|e13:out|e14:out|e15:out;;600857.SH:宁波中百=e1:out|e2:out|e3:out|e4:out|e5:out|e6:out|e7:out|e8:out|e9:out|e10:out|e11:Dragon1|e12:out|e13:Dragon2|e14:out|e15:out;;601116.SH:三江购物=e1:out|e2:Dragon2|e3:out|e4:out|e5:out|e6:Dragon3|e7:out|e8:out|e9:out|e10:out|e11:out|e12:out|e13:out|e14:Dragon2|e15:out;;605188.SH:国光连锁=e1:Dragon3|e2:out|e3:out|e4:out|e5:out|e6:out|e7:out|e8:out|e9:out|e10:out|e11:out|e12:Dragon2|e13:out|e14:out|e15:out,2025-11-10,2025-11-13,Dragon1=600693.SH:东百集团;Dragon2=600113.SH:浙江东日;Dragon3=605188.SH:国光连锁,2025-11-26,2025-11-28,Dragon1=600828.SH:茂业商业;Dragon2=601116.SH:三江购物;Dragon3=002187.SZ:广百股份,2025-12-09,2025-12-19,Dragon1=600693.SH:东百集团;Dragon2=601933.SH:永辉超市;Dragon3=600828.SH:茂业商业
非金属材料,2,2,2,3,1,0.333333333333,1,0.333333333333,2,0.666666666667,5,1,0.2,,,603407.SH:长裕集团,603407.SH:长裕集团=e1:Dragon2|e2:Dragon2,2026-06-18,2026-06-24,Dragon1=600353.SH:旭光电子;Dragon2=603407.SH:长裕集团;Dragon3=603663.SH:三祥新材,2026-07-21,2026-07-21,Dragon1=002167.SZ:东方锆业;Dragon2=603407.SH:长裕集团;Dragon3=002138.SZ:顺络电子,,,
面板,3,2,3,6,1,0.166666666667,1,0.166666666667,5,0.833333333333,8,1,0.125,,002952.SZ:亚世光电,,002952.SZ:亚世光电=e1:Dragon1|e2:Dragon2|e3:out,2026-03-05,2026-03-05,Dragon1=002952.SZ:亚世光电;Dragon2=300323.SZ:华灿光电;Dragon3=002429.SZ:兆驰股份,2026-05-21,2026-05-21,Dragon1=000536.SZ:华映科技;Dragon2=002952.SZ:亚世光电;Dragon3=688055.SH:龙腾光电,2026-06-30,2026-06-30,Dragon1=000100.SZ:TCL科技;Dragon2=300545.SZ:联得装备;Dragon3=300269.SZ:联建光电
风电,2,1,2,3,1,0.333333333333,1,0.333333333333,2,0.666666666667,5,1,0.2,,,603507.SH:振江股份,603507.SH:振江股份=e1:Dragon2|e2:Dragon3,2026-03-12,2026-03-20,Dragon1=603092.SH:德力佳;Dragon2=603507.SH:振江股份;Dragon3=603693.SH:江苏新能,2026-07-27,2026-07-27,Dragon1=603988.SH:中电电机;Dragon2=601218.SH:吉鑫科技;Dragon3=603507.SH:振江股份,,,
食品饮料,12,4,8,29,9,0.310344827586,5,0.172413793103,20,0.689655172414,23,5,0.217391304348,,002329.SZ:皇氏集团;603020.SH:爱普股份;605179.SH:一鸣食品,001318.SZ:阳光乳业;605388.SH:均瑶健康,001318.SZ:阳光乳业=e1:out|e2:out|e3:out|e4:Dragon2|e5:out|e6:out|e7:out|e8:out|e9:out|e10:out|e11:out|e12:Dragon3;;002329.SZ:皇氏集团=e1:out|e2:out|e3:Dragon2|e4:Dragon1|e5:out|e6:out|e7:out|e8:out|e9:Dragon1|e10:out|e11:Dragon3|e12:out;;603020.SH:爱普股份=e1:out|e2:out|e3:out|e4:out|e5:out|e6:Dragon1|e7:Dragon1|e8:out|e9:Dragon2|e10:out|e11:out|e12:out;;605179.SH:一鸣食品=e1:out|e2:out|e3:out|e4:out|e5:out|e6:out|e7:out|e8:out|e9:out|e10:Dragon2|e11:Dragon1|e12:Dragon1;;605388.SH:均瑶健康=e1:out|e2:out|e3:Dragon3|e4:Dragon3|e5:out|e6:out|e7:out|e8:out|e9:out|e10:out|e11:out|e12:out,2025-11-10,2025-11-13,Dragon1=300997.SZ:欢乐家;Dragon2=603536.SH:惠发食品;Dragon3=600429.SH:三元股份,2025-11-27,2025-12-05,Dragon1=002702.SZ:海欣食品;Dragon2=002495.SZ:佳隆股份;Dragon3=,2025-12-09,2025-12-09,Dragon1=603696.SH:安记食品;Dragon2=002329.SZ:皇氏集团;Dragon3=605388.SH:均瑶健康
黄金,13,7,11,35,17,0.485714285714,9,0.257142857143,18,0.514285714286,20,11,0.55,002155.SZ:湖南黄金,000017.SZ:深中华A;001337.SZ:四川黄金;001360.SZ:南矿集团;002345.SZ:潮宏基;002574.SZ:明牌珠宝;601069.SH:西部黄金;603988.SH:中电电机,000506.SZ:招金黄金;002721.SZ:金一文化;601212.SH:白银有色,000017.SZ:深中华A=e1:out|e2:out|e3:out|e4:out|e5:out|e6:out|e7:out|e8:out|e9:out|e10:out|e11:out|e12:Dragon2|e13:Dragon1;;000506.SZ:招金黄金=e1:out|e2:Dragon2|e3:out|e4:out|e5:out|e6:out|e7:Dragon2|e8:Dragon3|e9:Dragon2|e10:Dragon3|e11:out|e12:out|e13:out;;001337.SZ:四川黄金=e1:out|e2:Dragon1|e3:out|e4:out|e5:Dragon3|e6:Dragon3|e7:Dragon3|e8:out|e9:out|e10:out|e11:Dragon1|e12:out|e13:out;;001360.SZ:南矿集团=e1:out|e2:out|e3:out|e4:Dragon1|e5:out|e6:out|e7:out|e8:out|e9:out|e10:out|e11:out|e12:Dragon3|e13:out;;002155.SZ:湖南黄金=e1:out|e2:out|e3:Dragon1|e4:out|e5:out|e6:Dragon1|e7:out|e8:out|e9:out|e10:out|e11:out|e12:out|e13:out;;002345.SZ:潮宏基=e1:out|e2:out|e3:out|e4:Dragon2|e5:out|e6:out|e7:out|e8:Dragon1|e9:out|e10:out|e11:out|e12:out|e13:out;;002574.SZ:明牌珠宝=e1:Dragon1|e2:Dragon3|e3:out|e4:out|e5:out|e6:out|e7:out|e8:out|e9:out|e10:out|e11:out|e12:out|e13:out;;002721.SZ:金一文化=e1:out|e2:out|e3:out|e4:out|e5:out|e6:out|e7:out|e8:out|e9:out|e10:out|e11:Dragon2|e12:out|e13:Dragon3;;601069.SH:西部黄金=e1:out|e2:out|e3:out|e4:out|e5:out|e6:Dragon2|e7:Dragon1|e8:out|e9:out|e10:out|e11:out|e12:out|e13:out;;601212.SH:白银有色=e1:out|e2:out|e3:out|e4:out|e5:Dragon2|e6:out|e7:out|e8:out|e9:out|e10:out|e11:out|e12:out|e13:Dragon2;;603988.SH:中电电机=e1:out|e2:out|e3:out|e4:out|e5:out|e6:out|e7:out|e8:out|e9:out|e10:out|e11:Dragon3|e12:Dragon1|e13:out,2026-01-13,2026-01-14,Dragon1=002574.SZ:明牌珠宝;Dragon2=600170.SH:上海建工;Dragon3=,2026-01-19,2026-01-29,Dragon1=001337.SZ:四川黄金;Dragon2=000506.SZ:招金黄金;Dragon3=002574.SZ:明牌珠宝,2026-02-03,2026-02-03,Dragon1=002155.SZ:湖南黄金;Dragon2=605599.SH:菜百股份;Dragon3=
