primary_theme,episode_id,trade_date,tau_trade,tau_active,is_active,is_displayed,candidate_count,dragon1_ts_code,dragon1_name,dragon2_ts_code,dragon2_name,dragon3_ts_code,dragon3_name,t_dragon1_ts_code,t_dragon1_name,t_dragon2_ts_code,t_dragon2_name,t_dragon3_ts_code,t_dragon3_name,t_dragon1_stays_dragon1,t_dragon1_stays_top3,t_dragon23_available_slots,t_dragon23_retained_count,t_dragon23_promoted_to_dragon1,daily_top3_available_slots,new_daily_top3_count,new_daily_top3,role_freeze_date,start_equals_freeze,freeze_validation_status
AI PC,EP000534,2026-06-01,0,0,1,1,8,002579.SZ,中京电子,603890.SH,春秋电子,002426.SZ,胜利精密,002579.SZ,中京电子,603890.SH,春秋电子,002426.SZ,胜利精密,1,1,2,2,0,3,0,,2026-06-01,1,ok
AI PC,EP000534,2026-06-02,1,1,1,0,2,002579.SZ,中京电子,603890.SH,春秋电子,,,002579.SZ,中京电子,603890.SH,春秋电子,002426.SZ,胜利精密,1,1,2,1,0,2,0,,2026-06-01,1,ok
一季报增长,EP000415,2026-04-08,0,0,1,0,4,002384.SZ,东山精密,605016.SH,百龙创园,300475.SZ,香农芯创,002384.SZ,东山精密,605016.SH,百龙创园,300475.SZ,香农芯创,1,1,2,2,0,3,0,,2026-04-14,0,not_applicable
一季报增长,EP000415,2026-04-09,1,,0,0,2,605189.SH,富春染织,002039.SZ,黔源电力,,,002384.SZ,东山精密,605016.SH,百龙创园,300475.SZ,香农芯创,0,0,2,0,0,2,2,605189.SH:富春染织;002039.SZ:黔源电力,2026-04-14,0,not_applicable
一季报增长,EP000415,2026-04-10,2,,0,0,2,605117.SH,德业股份,688690.SH,纳微科技,,,002384.SZ,东山精密,605016.SH,百龙创园,300475.SZ,香农芯创,0,0,2,0,0,2,2,605117.SH:德业股份;688690.SH:纳微科技,2026-04-14,0,not_applicable
一季报增长,EP000415,2026-04-13,3,1,1,0,5,002439.SZ,启明星辰,002297.SZ,博云新材,000612.SZ,焦作万方,002384.SZ,东山精密,605016.SH,百龙创园,300475.SZ,香农芯创,0,0,2,0,0,3,3,002439.SZ:启明星辰;002297.SZ:博云新材;000612.SZ:焦作万方,2026-04-14,0,not_applicable
一季报增长,EP000415,2026-04-14,4,2,1,1,3,002297.SZ,博云新材,300857.SZ,协创数据,301219.SZ,腾远钴业,002384.SZ,东山精密,605016.SH,百龙创园,300475.SZ,香农芯创,0,0,2,0,0,3,3,002297.SZ:博云新材;300857.SZ:协创数据;301219.SZ:腾远钴业,2026-04-14,0,not_applicable
一季报增长,EP000415,2026-04-15,5,3,1,0,3,002468.SZ,申通快递,603444.SH,吉比特,002033.SZ,丽江股份,002384.SZ,东山精密,605016.SH,百龙创园,300475.SZ,香农芯创,0,0,2,0,0,3,3,002468.SZ:申通快递;603444.SH:吉比特;002033.SZ:丽江股份,2026-04-14,0,not_applicable
一季报增长,EP000415,2026-04-16,6,4,1,1,5,002297.SZ,博云新材,002468.SZ,申通快递,603906.SH,龙蟠科技,002384.SZ,东山精密,605016.SH,百龙创园,300475.SZ,香农芯创,0,0,2,0,0,3,3,002297.SZ:博云新材;002468.SZ:申通快递;603906.SH:龙蟠科技,2026-04-14,0,not_applicable
一季报增长,EP000415,2026-04-17,7,5,1,1,3,002297.SZ,博云新材,600961.SH,株冶集团,600727.SH,鲁北化工,002384.SZ,东山精密,605016.SH,百龙创园,300475.SZ,香农芯创,0,0,2,0,0,3,3,002297.SZ:博云新材;600961.SH:株冶集团;600727.SH:鲁北化工,2026-04-14,0,not_applicable
一季报增长,EP000415,2026-04-20,8,6,1,1,5,600961.SH,株冶集团,603025.SH,大豪科技,003006.SZ,百亚股份,002384.SZ,东山精密,605016.SH,百龙创园,300475.SZ,香农芯创,0,0,2,0,0,3,3,600961.SH:株冶集团;603025.SH:大豪科技;003006.SZ:百亚股份,2026-04-14,0,not_applicable
一季报增长,EP000415,2026-04-21,9,7,1,0,2,600961.SH,株冶集团,002752.SZ,昇兴股份,,,002384.SZ,东山精密,605016.SH,百龙创园,300475.SZ,香农芯创,0,0,2,0,0,2,2,600961.SH:株冶集团;002752.SZ:昇兴股份,2026-04-14,0,not_applicable
一季报增长,EP000415,2026-04-22,10,8,1,1,5,002588.SZ,史丹利,601061.SH,中信金属,603606.SH,东方电缆,002384.SZ,东山精密,605016.SH,百龙创园,300475.SZ,香农芯创,0,0,2,0,0,3,3,002588.SZ:史丹利;601061.SH:中信金属;603606.SH:东方电缆,2026-04-14,0,not_applicable
一季报增长,EP000415,2026-04-23,11,9,1,1,8,603390.SH,通达电气,300590.SZ,移为通信,001314.SZ,亿道信息,002384.SZ,东山精密,605016.SH,百龙创园,300475.SZ,香农芯创,0,0,2,0,0,3,3,603390.SH:通达电气;300590.SZ:移为通信;001314.SZ:亿道信息,2026-04-14,0,not_applicable
一季报增长,EP000415,2026-04-24,12,10,1,1,9,603390.SH,通达电气,603066.SH,音飞储存,300422.SZ,博世科,002384.SZ,东山精密,605016.SH,百龙创园,300475.SZ,香农芯创,0,0,2,0,0,3,3,603390.SH:通达电气;603066.SH:音飞储存;300422.SZ:博世科,2026-04-14,0,not_applicable
一季报增长,EP000415,2026-04-27,13,11,1,1,16,301500.SZ,飞南资源,002154.SZ,报喜鸟,001332.SZ,锡装股份,002384.SZ,东山精密,605016.SH,百龙创园,300475.SZ,香农芯创,0,0,2,0,0,3,3,301500.SZ:飞南资源;002154.SZ:报喜鸟;001332.SZ:锡装股份,2026-04-14,0,not_applicable
一季报增长,EP000415,2026-04-28,14,12,1,1,13,002210.SZ,飞马国际,601101.SH,昊华能源,001266.SZ,宏英智能,002384.SZ,东山精密,605016.SH,百龙创园,300475.SZ,香农芯创,0,0,2,0,0,3,3,002210.SZ:飞马国际;601101.SH:昊华能源;001266.SZ:宏英智能,2026-04-14,0,not_applicable
一季报增长,EP000415,2026-04-29,15,13,1,1,37,002210.SZ,飞马国际,001266.SZ,宏英智能,603317.SH,天味食品,002384.SZ,东山精密,605016.SH,百龙创园,300475.SZ,香农芯创,0,0,2,0,0,3,3,002210.SZ:飞马国际;001266.SZ:宏英智能;603317.SH:天味食品,2026-04-14,0,not_applicable
一季报增长,EP000415,2026-04-30,16,14,1,1,25,002645.SZ,华宏科技,002842.SZ,翔鹭钨业,603726.SH,朗迪集团,002384.SZ,东山精密,605016.SH,百龙创园,300475.SZ,香农芯创,0,0,2,0,0,3,3,002645.SZ:华宏科技;002842.SZ:翔鹭钨业;603726.SH:朗迪集团,2026-04-14,0,not_applicable
一季报增长,EP000415,2026-05-06,17,15,1,1,9,002210.SZ,飞马国际,000402.SZ,金融街,603045.SH,福达合金,002384.SZ,东山精密,605016.SH,百龙创园,300475.SZ,香农芯创,0,0,2,0,0,3,3,002210.SZ:飞马国际;000402.SZ:金融街;603045.SH:福达合金,2026-04-14,0,not_applicable
三季报增长,EP000001,2025-10-30,0,0,1,1,15,002196.SZ,方正电机,002418.SZ,康盛股份,603067.SH,振华股份,002196.SZ,方正电机,002418.SZ,康盛股份,603067.SH,振华股份,1,1,2,2,0,3,0,,2025-10-30,1,ok
三季报增长,EP000001,2025-10-31,1,1,1,1,16,603185.SH,弘元绿能,002636.SZ,金安国纪,603629.SH,利通电子,002196.SZ,方正电机,002418.SZ,康盛股份,603067.SH,振华股份,0,0,2,0,0,3,3,603185.SH:弘元绿能;002636.SZ:金安国纪;603629.SH:利通电子,2025-10-30,1,ok
三季报增长,EP000001,2025-11-03,2,2,1,1,5,002418.SZ,康盛股份,603929.SH,亚翔集成,603629.SH,利通电子,002196.SZ,方正电机,002418.SZ,康盛股份,603067.SH,振华股份,0,0,2,1,1,3,2,603929.SH:亚翔集成;603629.SH:利通电子,2025-10-30,1,ok
低空经济,EP000556,2026-06-09,0,0,1,0,2,001696.SZ,宗申动力,300411.SZ,金盾股份,,,001696.SZ,宗申动力,300411.SZ,金盾股份,,,1,1,1,1,0,2,0,,,0,not_applicable
低空经济,EP000556,2026-06-10,1,,0,0,3,600843.SH,上工申贝,600178.SH,东安动力,001696.SZ,宗申动力,001696.SZ,宗申动力,300411.SZ,金盾股份,,,0,1,1,0,0,3,2,600843.SH:上工申贝;600178.SH:东安动力,,0,not_applicable
低空经济,EP000556,2026-06-11,2,1,1,0,2,001696.SZ,宗申动力,600178.SH,东安动力,,,001696.SZ,宗申动力,300411.SZ,金盾股份,,,1,1,1,0,0,2,1,600178.SH:东安动力,,0,not_applicable
低空经济,EP000556,2026-06-12,3,2,1,0,5,001696.SZ,宗申动力,000099.SZ,中信海直,600576.SH,祥源文旅,001696.SZ,宗申动力,300411.SZ,金盾股份,,,1,1,1,0,0,3,2,000099.SZ:中信海直;600576.SH:祥源文旅,,0,not_applicable
华为昇腾,EP000461,2026-04-24,0,0,1,1,5,000062.SZ,深圳华强,600633.SH,浙数文化,002331.SZ,皖通科技,000062.SZ,深圳华强,600633.SH,浙数文化,002331.SZ,皖通科技,1,1,2,2,0,3,0,,2026-04-24,1,ok
华为昇腾,EP000461,2026-04-27,1,1,1,0,2,000062.SZ,深圳华强,301248.SZ,杰创智能,,,000062.SZ,深圳华强,600633.SH,浙数文化,002331.SZ,皖通科技,1,1,2,0,0,2,1,301248.SZ:杰创智能,2026-04-24,1,ok
文创产品,EP000155,2025-12-18,0,0,1,1,8,600250.SH,南京商旅,002103.SZ,广博股份,603777.SH,来伊份,600250.SH,南京商旅,002103.SZ,广博股份,603777.SH,来伊份,1,1,2,2,0,3,0,,2025-12-18,1,ok
文创产品,EP000155,2025-12-19,1,1,1,0,3,000863.SZ,三湘印象,300947.SZ,德必集团,300703.SZ,创源股份,600250.SH,南京商旅,002103.SZ,广博股份,603777.SH,来伊份,0,0,2,0,0,3,3,000863.SZ:三湘印象;300947.SZ:德必集团;300703.SZ:创源股份,2025-12-18,1,ok
水产品,EP000081,2025-11-21,0,0,1,1,3,000798.SZ,中水渔业,002069.SZ,獐子岛,002696.SZ,百洋股份,000798.SZ,中水渔业,002069.SZ,獐子岛,002696.SZ,百洋股份,1,1,2,2,0,3,0,,2025-11-21,1,ok
水产品,EP000081,2025-11-24,1,1,1,0,2,000798.SZ,中水渔业,600097.SH,开创国际,,,000798.SZ,中水渔业,002069.SZ,獐子岛,002696.SZ,百洋股份,1,1,2,0,0,2,1,600097.SH:开创国际,2025-11-21,1,ok
疫苗概念,EP000766,2026-08-20,0,0,1,1,19,688356.SH,键凯科技,688276.SH,百克生物,688185.SH,康希诺,688356.SH,键凯科技,688276.SH,百克生物,688185.SH,康希诺,1,1,2,2,0,3,0,,2026-08-20,1,ok
疫苗概念,EP000766,2026-08-21,1,1,1,0,5,002038.SZ,双鹭药业,688356.SH,键凯科技,000931.SZ,中关村,688356.SH,键凯科技,688276.SH,百克生物,688185.SH,康希诺,0,1,2,0,0,3,2,002038.SZ:双鹭药业;000931.SZ:中关村,2026-08-20,1,ok
重庆市,EP000032,2025-11-06,0,0,1,0,3,000838.SZ,财信发展,600939.SH,重庆建工,000514.SZ,渝开发,000838.SZ,财信发展,600939.SH,重庆建工,000514.SZ,渝开发,1,1,2,2,0,3,0,,,0,not_applicable
重庆市,EP000032,2025-11-07,1,1,1,0,2,600939.SH,重庆建工,000514.SZ,渝开发,,,000838.SZ,财信发展,600939.SH,重庆建工,000514.SZ,渝开发,0,0,2,2,1,2,0,,,0,not_applicable
钍基熔盐,EP000015,2025-11-03,0,0,1,1,6,603169.SH,兰石重装,002266.SZ,浙富控股,002255.SZ,海陆重工,603169.SH,兰石重装,002266.SZ,浙富控股,002255.SZ,海陆重工,1,1,2,2,0,3,0,,2025-11-03,1,ok
钍基熔盐,EP000015,2025-11-04,1,1,1,1,4,603169.SH,兰石重装,002255.SZ,海陆重工,300402.SZ,宝色股份,603169.SH,兰石重装,002266.SZ,浙富控股,002255.SZ,海陆重工,1,1,2,1,0,3,1,300402.SZ:宝色股份,2025-11-03,1,ok
