primary_theme,is_headline,lifecycle_class,episode_count,strict_recurrence,gap_recurrence,recurrent_union,active_days,displayed_days,first_active_date,last_active_date,total_episode_active_days,median_episode_active_days,max_episode_active_days,total_limit_up_count,peak_limit_up_count,peak_max_board_count,best_rank_combined,distinct_realized_leader_count,realized_leaders,after_fade_comparisons,after_fade_switches,after_fade_switch_rate
3D打印,0,single_wave_one_day,1,0,0,0,1,0,2025-11-24,2025-11-24,1,1,1,2,2,2,8,1,001296.SZ:长江材料,0,0,
AI PC,1,single_wave_multiday,1,0,0,0,2,1,2026-06-01,2026-06-02,2,2,2,10,8,5,4,1,002579.SZ:中京电子,0,0,
AIGC,0,single_wave_one_day,1,0,0,0,1,0,2025-10-31,2025-10-31,1,1,1,3,3,1,6,1,300071.SZ:福石控股,0,0,
AI医疗,0,single_wave_one_day,1,0,0,0,1,0,2025-12-18,2025-12-18,1,1,1,4,4,2,6,1,002044.SZ:美年健康,0,0,
AI应用,1,recurrent_union,16,1,0,1,39,24,2026-02-09,2026-08-31,39,1.0,11,280,26,8,1,16,603103.SH:横店影视;688118.SH:普元信息;000839.SZ:国安股份;301428.SZ:世纪恒通;002181.SZ:粤传媒;603898.SH:好莱客;300616.SZ:尚品宅配;002421.SZ:达实智能;002995.SZ:天地在线;002354.SZ:天娱数科;300588.SZ:熙菱信息;002830.SZ:名雕股份;300071.SZ:福石控股;000892.SZ:欢瑞世纪;003032.SZ:传智教育;002949.SZ:华阳国际,15,15,1.0
AI智能体,1,single_wave_one_day,1,0,0,0,1,1,2025-12-30,2025-12-30,1,1,1,6,6,3,3,1,605069.SH:正和生态,0,0,
PTFE,0,single_wave_one_day,1,0,0,0,1,0,2026-08-27,2026-08-27,1,1,1,4,4,1,6,1,301591.SZ:肯特股份,0,0,
ST摘帽,1,recurrent_union,6,1,1,1,16,4,2026-04-20,2026-08-04,16,1.5,7,50,6,4,2,6,603268.SH:松发股份;600130.SH:波导股份;000518.SZ:四环生物;002047.SZ:宝鹰股份;000656.SZ:金科股份;000820.SZ:神雾节能,5,5,1.0
一季报增长,1,single_wave_multiday,1,0,0,0,16,12,2026-04-08,2026-05-06,16,16,16,153,37,5,1,1,002297.SZ:博云新材,0,0,
一带一路,0,single_wave_one_day,1,0,0,0,1,0,2025-12-25,2025-12-25,1,1,1,2,2,2,7,1,002800.SZ:天顺股份,0,0,
三季报增长,1,single_wave_multiday,1,0,0,0,3,3,2025-10-30,2025-11-03,3,3,3,34,16,3,1,1,002418.SZ:康盛股份,0,0,
两轮车,1,single_wave_one_day,1,0,0,0,1,1,2026-03-31,2026-03-31,1,1,1,4,4,2,5,1,301008.SZ:宏昌科技,0,0,
中字头,0,single_wave_one_day,1,0,0,0,1,0,2026-06-17,2026-06-17,1,1,1,3,3,3,6,1,000777.SZ:中核科技,0,0,
中报增长,1,recurrent_union,2,1,0,1,22,15,2026-07-01,2026-08-31,22,11.0,13,152,25,5,1,2,002396.SZ:星网锐捷;603269.SH:海鸥股份,1,1,1.0
人工智能,1,recurrent_union,12,1,0,1,43,28,2025-11-17,2026-08-13,43,1.5,16,365,73,6,1,12,002474.SZ:榕基软件;600981.SH:苏豪汇鸿;300986.SZ:志特新材;002995.SZ:天地在线;002830.SZ:名雕股份;603138.SH:海量数据;600545.SH:卓郎智能;002421.SZ:达实智能;301428.SZ:世纪恒通;605069.SH:正和生态;002432.SZ:九安医疗;000887.SZ:中鼎股份,11,11,1.0
低空经济,0,single_wave_multiday,1,0,0,0,3,0,2026-06-09,2026-06-12,3,3,3,11,5,4,6,1,001696.SZ:宗申动力,0,0,
体育产业,1,recurrent_union,8,1,0,1,9,5,2025-11-04,2026-05-15,9,1.0,2,29,5,5,3,6,002181.SZ:粤传媒;600684.SH:珠江股份;002678.SZ:珠江钢琴;605299.SH:舒华体育;300651.SZ:金陵体育;002395.SZ:双象股份,7,6,0.8571428571
保健品,0,single_wave_one_day,1,0,0,0,1,0,2026-03-27,2026-03-27,1,1,1,3,3,2,8,1,002038.SZ:双鹭药业,0,0,
储能,1,recurrent_union,9,1,0,1,11,9,2025-10-30,2026-08-24,11,1,2,52,10,3,1,9,002150.SZ:通润装备;603759.SH:海天股份;001266.SZ:宏英智能;002350.SZ:北京科锐;002506.SZ:协鑫集成;603778.SH:国晟科技;300827.SZ:上能电气;002328.SZ:新朋股份;002015.SZ:协鑫能科,8,8,1.0
元器件,1,recurrent_union,10,1,0,1,25,12,2026-02-24,2026-08-14,25,1.0,11,157,14,6,1,8,603738.SH:泰晶科技;603115.SH:海星股份;600367.SH:红星发展;603678.SH:火炬电子;603989.SH:艾华集团;603435.SH:嘉德利;002951.SZ:金时科技;000636.SZ:风华高科,9,8,0.8888888889
光伏,1,recurrent_union,16,1,1,1,34,17,2025-11-03,2026-08-03,34,1.5,7,182,34,5,1,12,600475.SH:华光环能;603778.SH:国晟科技;300118.SZ:东方日升;002865.SZ:钧达股份;002218.SZ:拓日新能;002506.SZ:协鑫集成;300317.SZ:珈伟新能;002323.SZ:雅博股份;002309.SZ:中利集团;002634.SZ:棒杰股份;603212.SH:赛伍技术;601865.SH:福莱特,15,14,0.9333333333
光刻胶,0,single_wave_one_day,1,0,0,0,1,0,2025-12-01,2025-12-01,1,1,1,3,3,1,6,1,301256.SZ:华融化学,0,0,
光模块,1,single_wave_one_day,1,0,0,0,1,1,2026-01-16,2026-01-16,1,1,1,2,2,2,5,1,002796.SZ:世嘉科技,0,0,
军工,1,recurrent_union,7,1,1,1,9,4,2025-11-17,2026-08-10,9,1,2,38,7,6,3,6,300427.SZ:红相股份;000547.SZ:航天发展;300719.SZ:安达维尔;301213.SZ:观想科技;601606.SH:长城军工;301357.SZ:北方长龙,6,5,0.8333333333
农业,1,recurrent_union,17,1,1,1,26,12,2025-11-17,2026-08-31,26,1,5,137,23,7,1,14,000798.SZ:中水渔业;603585.SH:苏利股份;003042.SZ:中农联合;600313.SH:农发种业;605033.SH:美邦股份;600108.SH:亚盛集团;600226.SH:亨通股份;600195.SH:中牧股份;002124.SZ:天邦食品;000626.SZ:远大控股;001313.SZ:粤海饲料;002696.SZ:百洋股份;600127.SH:金健米业;600371.SH:万向德农,16,14,0.875
包装印刷,0,recurrent_union,2,1,0,1,2,0,2025-11-13,2026-06-23,2,1.0,1,5,3,2,10,2,003018.SZ:金富科技;001279.SZ:强邦新材,1,1,1.0
化工,1,recurrent_union,26,1,0,1,104,53,2025-11-03,2026-08-31,104,2.0,19,609,31,8,1,24,603823.SH:百合花;603067.SH:振华股份;605399.SH:晨光新材;605366.SH:宏柏新材;603113.SH:金能科技;002585.SZ:双星新材;002201.SZ:九鼎新材;600370.SH:三房巷;002165.SZ:红宝丽;002455.SZ:百川股份;002470.SZ:金正大;600844.SH:金煤科技;605006.SH:山东玻纤;002408.SZ:齐翔腾达;300905.SZ:宝丽迪;600714.SH:金瑞矿业;001359.SZ:平安电工;600227.SH:赤天化;600722.SH:金牛化工;300169.SZ:天晟新材;002407.SZ:多氟多;002476.SZ:宝莫股份;600610.SH:中毅达;002886.SZ:沃特股份,25,25,1.0
北京市,0,single_wave_one_day,1,0,0,0,1,0,2026-02-03,2026-02-03,1,1,1,3,3,1,8,1,600683.SH:京投发展,0,0,
医疗器械,1,recurrent_union,3,1,0,1,3,1,2026-03-13,2026-06-11,3,1,1,8,3,3,5,3,300981.SZ:中红医疗;002432.SZ:九安医疗;301580.SZ:爱迪特,2,2,1.0
医药,1,recurrent_union,25,1,1,1,84,56,2025-10-31,2026-08-28,84,2,18,498,24,12,1,18,603122.SH:合富中国;600645.SH:中源协和;000952.SZ:广济药业;000078.SZ:海王生物;002788.SZ:鹭燕医药;002462.SZ:嘉事堂;300871.SZ:回盛生物;002728.SZ:特一药业;688176.SH:亚虹医药;600488.SH:津药药业;600664.SH:哈药股份;002412.SZ:汉森制药;002317.SZ:众生药业;000518.SZ:四环生物;600851.SH:海欣股份;000566.SZ:海南海药;002900.SZ:哈三联;600613.SH:神奇制药,24,20,0.8333333333
华为昇腾,1,single_wave_multiday,1,0,0,0,2,1,2026-04-24,2026-04-27,2,2,2,7,5,3,4,1,000062.SZ:深圳华强,0,0,
华为概念,1,single_wave_one_day,1,0,0,0,1,1,2025-11-17,2025-11-17,1,1,1,6,6,1,4,1,300659.SZ:中孚信息,0,0,
发电机,1,recurrent_union,3,1,0,1,3,1,2026-02-26,2026-05-13,3,1,1,10,4,2,4,3,002283.SZ:天润工业;600590.SH:泰豪科技;002760.SZ:凤形股份,2,2,1.0
可控核聚变,1,recurrent_union,2,1,0,1,2,1,2025-12-26,2026-06-29,2,1.0,1,9,7,2,4,2,000777.SZ:中核科技;002639.SZ:雪人集团,1,1,1.0
商业航天,1,recurrent_union,19,1,1,1,78,52,2025-11-07,2026-08-19,78,1,22,660,43,11,1,15,300102.SZ:乾照光电;603131.SH:上海沪工;600151.SH:航天机电;600783.SH:鲁信创投;002361.SZ:神剑股份;301232.SZ:飞沃科技;002297.SZ:博云新材;002081.SZ:金螳螂;603601.SH:再升科技;003009.SZ:中天火箭;688010.SH:福光股份;688311.SH:盟升电子;600992.SH:贵绳股份;600343.SH:航天动力;300069.SZ:金利华电,18,16,0.8888888889
固态电池,1,single_wave_one_day,1,0,0,0,1,1,2025-11-05,2025-11-05,1,1,1,4,4,1,5,1,002805.SZ:丰元股份,0,0,
国有企业,1,recurrent_union,3,1,0,1,3,1,2026-01-08,2026-04-15,3,1,1,7,3,4,5,3,600135.SH:乐凯胶片;600743.SH:华远控股;000026.SZ:飞亚达,2,2,1.0
地产链,1,recurrent_union,30,1,1,1,53,20,2025-11-11,2026-08-31,53,1.0,5,200,10,7,1,24,000632.SZ:三木集团;600340.SH:华夏幸福;603216.SH:梦天家居;603709.SH:中源家居;002188.SZ:中天服务;002774.SZ:快意电梯;605318.SH:法狮龙;000031.SZ:大悦城;002830.SZ:名雕股份;605268.SH:王力安防;600683.SH:京投发展;000020.SZ:深华发Ａ;600510.SH:黑牡丹;600539.SH:狮头股份;600743.SH:华远控股;000402.SZ:金融街;600162.SH:香江控股;000608.SZ:阳光股份;300931.SZ:通用电梯;600724.SH:宁波富达;000668.SZ:荣丰控股;601886.SH:江河集团;603801.SH:志邦家居;000560.SZ:我爱我家,29,26,0.8965517241
基础建设,1,recurrent_union,12,1,0,1,15,3,2025-11-24,2026-08-25,15,1.0,3,51,5,3,2,11,603280.SH:南方路机;600939.SH:重庆建工;300599.SZ:雄塑科技;000927.SZ:中国铁物;600502.SH:安徽建工;002051.SZ:中工国际;000151.SZ:中成股份;603338.SH:浙江鼎力;003001.SZ:中岩大地;600326.SH:西藏天路;000779.SZ:甘咨询,11,10,0.9090909091
大飞机,0,single_wave_one_day,1,0,0,0,1,0,2025-12-24,2025-12-24,1,1,1,3,3,1,8,1,002134.SZ:天津普林,0,0,
天然气,1,recurrent_union,7,1,1,1,8,4,2025-11-12,2026-04-13,8,1,2,49,24,4,2,5,000407.SZ:胜利股份;600759.SH:洲际油气;603318.SH:水发燃气;300332.SZ:天壕能源;001299.SZ:美能能源,6,4,0.6666666667
存储,1,recurrent_union,2,1,0,1,2,1,2025-12-01,2026-03-18,2,1.0,1,7,5,3,3,2,603933.SH:睿能科技;300042.SZ:朗科科技,1,1,1.0
实控人变更,1,recurrent_union,19,1,1,1,50,12,2025-11-04,2026-08-27,50,2,8,138,6,14,2,15,000593.SZ:德龙汇能;300959.SZ:线上线下;003041.SZ:真爱美家;603155.SH:新亚强;002348.SZ:高乐股份;002235.SZ:安妮股份;001331.SZ:胜通能源;002969.SZ:嘉美包装;603078.SH:江化微;603980.SH:吉华集团;300736.SZ:百邦科技;603779.SH:威龙股份;603580.SH:艾艾精工;300615.SZ:欣天科技;002084.SZ:海鸥住工,18,16,0.8888888889
家电,0,recurrent_union,3,1,0,1,3,0,2025-11-14,2026-06-30,3,1,1,8,4,2,6,3,002242.SZ:九阳股份;300894.SZ:火星人;001237.SZ:惠康科技,2,2,1.0
工业互联网,0,single_wave_one_day,1,0,0,0,1,0,2026-01-14,2026-01-14,1,1,1,3,3,1,6,1,688080.SH:映翰通,0,0,
年报增长,1,recurrent_union,5,1,0,1,11,3,2026-01-19,2026-04-20,11,2,4,38,4,4,4,5,002636.SZ:金安国纪;601388.SH:怡球资源;002560.SZ:通达股份;603889.SH:新澳股份;603057.SH:紫燕食品,4,4,1.0
并购重组,1,recurrent_union,27,1,1,1,71,23,2025-11-04,2026-08-25,71,2,7,223,7,12,1,21,000620.SZ:盈新发展;000407.SZ:胜利股份;688622.SH:禾信仪器;603353.SH:和顺石油;600337.SH:美克家居;600676.SH:交运股份;603616.SH:韩建河山;002980.SZ:华盛昌;002445.SZ:中南文化;603687.SH:大胜达;600539.SH:狮头股份;600743.SH:华远控股;300067.SZ:安诺其;600683.SH:京投发展;300069.SZ:金利华电;300197.SZ:节能铁汉;605198.SH:安德利;603137.SH:恒尚节能;003001.SZ:中岩大地;603221.SH:爱丽家居;603958.SH:哈森股份,26,20,0.7692307692
房地产,0,single_wave_one_day,1,0,0,0,1,0,2026-06-02,2026-06-02,1,1,1,2,2,6,9,1,600162.SH:香江控股,0,0,
摩尔线程概念,1,single_wave_one_day,1,0,0,0,1,1,2025-12-04,2025-12-04,1,1,1,5,5,1,3,1,300250.SZ:初灵信息,0,0,
操作系统,0,single_wave_one_day,1,0,0,0,1,0,2026-08-18,2026-08-18,1,1,1,4,4,1,7,1,300598.SZ:诚迈科技,0,0,
数字货币,0,single_wave_one_day,1,0,0,0,1,0,2026-08-06,2026-08-06,1,1,1,3,3,1,9,1,603123.SH:翠微股份,0,0,
文创产品,1,single_wave_multiday,1,0,0,0,2,1,2025-12-18,2025-12-19,2,2,2,11,8,2,1,1,000863.SZ:三湘印象,0,0,
文化传媒,1,recurrent_union,10,1,1,1,12,7,2025-10-31,2026-08-13,12,1.0,2,46,15,7,2,9,002181.SZ:粤传媒;601929.SH:吉视传媒;001330.SZ:博纳影业;603103.SH:横店影视;600386.SH:北巴传媒;300264.SZ:佳创视讯;600229.SH:城市传媒;002739.SZ:万达电影;000802.SZ:北京文化,9,8,0.8888888889
新型工业化,1,recurrent_union,6,1,1,1,7,2,2025-11-12,2026-08-12,7,1.0,2,22,5,5,5,5,002691.SZ:冀凯股份;001225.SZ:和泰机电;603095.SH:越剑智能;001256.SZ:炜冈科技;002248.SZ:华东数控,5,4,0.8
新材料概念,1,single_wave_one_day,1,0,0,0,1,1,2026-05-26,2026-05-26,1,1,1,5,5,2,3,1,600183.SH:生益科技,0,0,
旅游,0,recurrent_union,6,1,1,1,7,0,2025-11-05,2026-08-26,7,1.0,2,16,3,4,8,6,002431.SZ:棕榈股份;600258.SH:首旅酒店;600593.SH:大连圣亚;002033.SZ:丽江股份;000428.SZ:华天酒店;002963.SZ:豪尔赛,5,5,1.0
无人驾驶,1,recurrent_union,5,1,1,1,5,1,2025-12-17,2026-08-05,5,1,1,16,6,5,2,5,001317.SZ:三羊马;002703.SZ:浙江世宝;603458.SH:勘设股份;002766.SZ:索菱股份;300552.SZ:万集科技,4,4,1.0
智慧矿山,0,single_wave_one_day,1,0,0,0,1,0,2026-05-25,2026-05-25,1,1,1,4,4,1,10,1,300275.SZ:梅安森,0,0,
智能家居,0,recurrent_union,2,1,0,1,2,0,2025-12-12,2026-04-15,2,1.0,1,8,4,5,6,2,603709.SH:中源家居;000785.SZ:居然智家,1,1,1.0
智能电网,1,recurrent_union,26,1,1,1,73,36,2025-11-04,2026-08-17,73,2.0,10,378,27,8,1,17,002451.SZ:摩恩电气;603829.SH:洛凯股份;601700.SH:风范股份;001255.SZ:博菲电气;000533.SZ:顺钠股份;002112.SZ:三变科技;002498.SZ:汉缆股份;603530.SH:神马电力;000720.SZ:新能泰山;601778.SH:晶科科技;603063.SH:禾望电气;002782.SZ:可立克;002606.SZ:大连电瓷;002927.SZ:泰永长征;601179.SH:中国西电;002346.SZ:柘中股份;002879.SZ:长缆科技,25,19,0.76
智能驾驶,1,recurrent_union,4,1,0,1,5,4,2025-12-16,2026-02-13,5,1.0,2,32,11,4,1,4,001317.SZ:三羊马;002703.SZ:浙江世宝;002766.SZ:索菱股份;601777.SH:千里科技,3,3,1.0
智谱AI,0,single_wave_one_day,1,0,0,0,1,0,2025-12-29,2025-12-29,1,1,1,2,2,2,6,1,605069.SH:正和生态,0,0,
有色金属,1,recurrent_union,19,1,1,1,39,16,2025-11-13,2026-08-26,39,1,6,240,20,5,1,14,000688.SZ:国城矿业;600868.SH:梅雁吉祥;000960.SZ:锡业股份;002428.SZ:云南锗业;002667.SZ:威领股份;002842.SZ:翔鹭钨业;002378.SZ:章源钨业;600397.SH:江钨装备;002716.SZ:湖南白银;600961.SH:株冶集团;000510.SZ:新金路;000962.SZ:东方钽业;000603.SZ:盛达资源;002295.SZ:精艺股份,18,17,0.9444444444
服装家纺,1,recurrent_union,8,1,0,1,9,1,2025-11-19,2026-08-31,9,1.0,2,24,4,4,4,8,603877.SH:太平鸟;601566.SH:九牧王;605003.SH:众望布艺;301149.SZ:隆华新材;001209.SZ:洪兴股份;603001.SH:奥康国际;002762.SZ:金发拉比;002875.SZ:安奈儿,7,7,1.0
机器人概念,1,recurrent_union,24,1,1,1,100,64,2025-11-11,2026-08-31,100,2.0,16,717,43,17,1,20,002196.SZ:方正电机;600376.SH:首开股份;300509.SZ:新美星;603933.SH:睿能科技;600936.SH:广西广电;002523.SZ:天桥起重;001331.SZ:胜通能源;002931.SZ:锋龙股份;002009.SZ:天奇股份;603626.SH:科森科技;003021.SZ:兆威机电;301196.SZ:唯科科技;301255.SZ:通力科技;300626.SZ:华瑞股份;603897.SH:长城科技;603082.SH:北自科技;603135.SH:中重科技;002354.SZ:天娱数科;603400.SH:华之杰;603758.SH:秦安股份,23,21,0.9130434783
核电,1,recurrent_union,9,1,1,1,16,8,2025-11-06,2026-08-26,16,1,5,78,11,5,1,8,002255.SZ:海陆重工;002639.SZ:雪人集团;002666.SZ:德联集团;601106.SH:中国一重;601611.SH:中国核建;000777.SZ:中核科技;003001.SZ:中岩大地;002366.SZ:融发核电,8,7,0.875
次新股,1,single_wave_one_day,1,0,0,0,1,1,2026-03-17,2026-03-17,1,1,1,4,4,3,2,1,603248.SH:锡华科技,0,0,
氢能源,0,recurrent_union,3,1,0,1,3,0,2025-11-17,2026-03-24,3,1,1,11,5,1,7,3,002356.SZ:赫美集团;300985.SZ:致远新能;688551.SH:科威尔,2,2,1.0
水产品,1,single_wave_multiday,1,0,0,0,2,1,2025-11-21,2025-11-24,2,2,2,4,2,7,5,1,000798.SZ:中水渔业,0,0,
汽车整车,0,single_wave_one_day,1,0,0,0,1,0,2025-11-13,2025-11-13,1,1,1,3,3,1,11,1,600686.SH:金龙汽车,0,0,
汽车零部件,1,recurrent_union,7,1,0,1,9,1,2025-11-28,2026-08-05,9,1,3,28,8,4,1,7,002976.SZ:瑞玛精密;002363.SZ:隆基机械;301529.SZ:福赛科技;603178.SH:圣龙股份;600303.SH:曙光股份;605068.SH:明新旭腾;000981.SZ:山子高科,6,6,1.0
洁净室,0,recurrent_union,2,1,0,1,2,0,2025-12-24,2026-01-14,2,1.0,1,6,3,3,7,2,000551.SZ:创元科技;301043.SZ:绿岛风,1,1,1.0
流感,1,recurrent_union,2,1,0,1,2,1,2025-11-25,2025-11-27,2,1.0,1,10,6,4,5,1,000952.SZ:广济药业,1,0,0.0
海南,1,recurrent_union,5,1,1,1,10,7,2025-11-03,2026-07-02,10,2,4,68,25,5,1,3,000572.SZ:海马汽车;002163.SZ:海南发展;000955.SZ:欣龙控股,4,2,0.5
海峡两岸,1,recurrent_union,6,1,0,1,28,19,2025-11-14,2026-03-31,28,4.5,9,171,18,13,1,4,603122.SH:合富中国;603933.SH:睿能科技;002682.SZ:龙洲股份;000592.SZ:平潭发展,5,3,0.6
海洋经济,1,single_wave_one_day,1,0,0,0,1,1,2026-03-16,2026-03-16,1,1,1,4,4,1,4,1,002086.SZ:东方海洋,0,0,
消费电子,1,recurrent_union,6,1,1,1,8,2,2026-03-10,2026-08-31,8,1.0,2,22,5,5,3,5,002903.SZ:宇环数控;002384.SZ:东山精密;002824.SZ:和胜股份;603958.SH:哈森股份;002855.SZ:捷荣技术,5,4,0.8
液冷,1,recurrent_union,8,1,0,1,9,5,2025-11-06,2026-07-09,9,1.0,2,36,7,2,3,6,600506.SH:统一股份;301123.SZ:奕东电子;002126.SZ:银轮股份;002580.SZ:圣阳股份;301317.SZ:鑫磊股份;000811.SZ:冰轮环境,7,6,0.8571428571
游戏,0,single_wave_one_day,1,0,0,0,1,0,2026-07-29,2026-07-29,1,1,1,3,3,1,14,1,603258.SH:电魂网络,0,0,
热泵,1,single_wave_one_day,1,0,0,0,1,1,2026-03-13,2026-03-13,1,1,1,4,4,1,5,1,603366.SH:日出东方,0,0,
煤炭,1,recurrent_union,14,1,1,1,19,7,2025-11-05,2026-08-24,19,1.0,4,79,13,5,2,9,600408.SH:安泰集团;600403.SH:大有能源;600971.SH:恒源煤电;600121.SH:郑州煤电;600395.SH:盘江股份;000571.SZ:新大洲A;601101.SH:昊华能源;601011.SH:宝泰隆;000723.SZ:美锦能源,13,10,0.7692307692
燃气轮机,1,recurrent_union,17,1,1,1,19,5,2025-11-06,2026-08-17,19,1,2,72,10,3,2,12,002478.SZ:常宝股份;601399.SH:国机重装;002471.SZ:中超控股;000534.SZ:万泽股份;600893.SH:航发动力;605060.SH:联德股份;603308.SH:应流股份;600482.SH:中国动力;603318.SH:水发燃气;301468.SZ:博盈特焊;600391.SH:航发科技;002353.SZ:杰瑞股份,16,15,0.9375
物理AI,1,recurrent_union,7,1,0,1,10,3,2026-05-18,2026-07-08,10,1,3,41,10,5,1,6,301313.SZ:凡拓数创;002421.SZ:达实智能;688671.SH:碧兴物联;603007.SH:花王股份;001229.SZ:魅视科技;600288.SH:大恒科技,6,5,0.8333333333
猪肉,1,recurrent_union,2,1,0,1,2,1,2026-05-14,2026-07-10,2,1.0,1,7,4,2,5,2,002124.SZ:天邦食品;000048.SZ:京基智农,1,1,1.0
环保,1,recurrent_union,2,1,0,1,2,2,2025-11-07,2026-02-26,2,1.0,1,6,3,3,5,2,603759.SH:海天股份;000826.SZ:启迪环境,1,1,1.0
玻璃,1,single_wave_one_day,1,0,0,0,1,1,2026-06-05,2026-06-05,1,1,1,5,5,2,3,1,600293.SH:三峡新材,0,0,
玻璃基板,0,single_wave_one_day,1,0,0,0,1,0,2026-06-05,2026-06-05,1,1,1,3,3,1,11,1,300162.SZ:雷曼光电,0,0,
生物质能,0,single_wave_one_day,1,0,0,0,1,0,2025-11-07,2025-11-07,1,1,1,3,3,1,7,1,688196.SH:卓越新能,0,0,
电力,1,recurrent_union,15,1,1,1,55,35,2026-02-26,2026-08-10,55,3,9,297,17,8,1,12,000899.SZ:赣能股份;002445.SZ:中南文化;600396.SH:华电辽能;605162.SH:新中港;001896.SZ:豫能控股;600726.SH:华电能源;601991.SH:大唐发电;000037.SZ:深南电A;002053.SZ:云南能投;001258.SZ:立新能源;000595.SZ:宝塔实业;000537.SZ:绿发电力,14,12,0.8571428571
电子树脂,0,single_wave_one_day,1,0,0,0,1,0,2026-07-02,2026-07-02,1,1,1,2,2,4,10,1,603928.SH:兴业股份,0,0,
电梯概念,0,single_wave_one_day,1,0,0,0,1,0,2026-01-07,2026-01-07,1,1,1,3,3,3,9,1,002774.SZ:快意电梯,0,0,
电气设备,0,single_wave_one_day,1,0,0,0,1,0,2026-03-30,2026-03-30,1,1,1,3,3,1,8,1,603897.SH:长城科技,0,0,
电源,0,recurrent_union,3,1,0,1,3,0,2026-05-13,2026-06-16,3,1,1,9,3,2,8,3,002364.SZ:中恒电气;300593.SZ:新雷能;002851.SZ:麦格米特,2,2,1.0
电解液,0,single_wave_one_day,1,0,0,0,1,0,2026-07-24,2026-07-24,1,1,1,2,2,2,6,1,002083.SZ:孚日股份,0,0,
电阻电容,1,recurrent_union,3,1,0,1,4,2,2026-06-16,2026-07-14,4,1,2,19,9,5,3,2,603115.SH:海星股份;603989.SH:艾华集团,2,1,0.5
疫苗概念,1,single_wave_multiday,1,0,0,0,2,1,2026-08-20,2026-08-21,2,2,2,22,18,2,3,1,688137.SH:近岸蛋白,0,0,
病毒防治,1,recurrent_union,2,1,0,1,3,2,2026-01-26,2026-05-11,3,1.5,2,14,8,2,3,2,300639.SZ:凯普生物;002030.SZ:达安基因,1,1,1.0
短剧,0,single_wave_one_day,1,0,0,0,1,0,2025-11-03,2025-11-03,1,1,1,2,2,2,10,1,000892.SZ:欢瑞世纪,0,0,
石墨化,0,single_wave_one_day,1,0,0,0,1,0,2026-06-05,2026-06-05,1,1,1,2,2,2,8,1,600516.SH:方大炭素,0,0,
石油石化,1,recurrent_union,8,1,0,1,12,9,2026-01-28,2026-07-23,12,1.0,4,103,26,5,1,6,600759.SH:洲际油气;300157.SZ:新锦动力;300839.SZ:博汇股份;300164.SZ:通源石油;002490.SZ:山东墨龙;603619.SH:中曼石油,7,6,0.8571428571
硅片,0,single_wave_one_day,1,0,0,0,1,0,2026-06-26,2026-06-26,1,1,1,3,3,1,7,1,688432.SH:有研硅,0,0,
福建,1,recurrent_union,2,1,0,1,9,5,2025-10-30,2025-11-13,9,4.5,7,49,17,11,1,2,000592.SZ:平潭发展;000632.SZ:三木集团,1,1,1.0
稀土永磁,0,recurrent_union,6,1,0,1,6,0,2026-02-25,2026-08-14,6,1.0,1,20,5,2,7,5,600010.SH:包钢股份;600259.SH:中稀有色;002645.SZ:华宏科技;600392.SH:盛和资源;601609.SH:金田股份,5,4,0.8
端侧AI,1,recurrent_union,3,1,0,1,6,4,2025-11-27,2026-08-31,6,2,3,40,17,3,1,3,002632.SZ:道明光学;000676.SZ:智度股份;603893.SH:瑞芯微,2,2,1.0
算力,1,recurrent_union,26,1,0,1,109,71,2025-11-17,2026-08-31,109,2.0,33,751,27,7,1,23,605303.SH:园林股份;000070.SZ:特发信息;603090.SH:宏盛股份;002909.SZ:集泰股份;001400.SZ:江顺科技;301396.SZ:宏景科技;000815.SZ:美利云;300731.SZ:科创新源;600869.SH:远东股份;001896.SZ:豫能控股;601789.SH:宁波建工;600666.SH:奥瑞德;603158.SH:腾龙股份;002580.SZ:圣阳股份;001210.SZ:金房能源;605318.SH:法狮龙;000811.SZ:冰轮环境;600094.SH:大名城;600410.SH:华胜天成;301085.SZ:亚康股份;603629.SH:利通电子;300839.SZ:博汇股份;002418.SZ:康盛股份,25,23,0.92
绿色电力,1,recurrent_union,8,1,1,1,9,6,2026-01-14,2026-08-13,9,1.0,2,35,8,6,1,6,002310.SZ:东方园林;600396.SH:华电辽能;600578.SH:京能电力;002775.SZ:文科股份;001258.SZ:立新能源;605286.SH:同力日升,7,5,0.7142857143
网络安全,0,single_wave_one_day,1,0,0,0,1,0,2026-08-28,2026-08-28,1,1,1,2,2,2,9,1,600654.SH:中安科,0,0,
美容护理,0,single_wave_one_day,1,0,0,0,1,0,2025-11-19,2025-11-19,1,1,1,2,2,2,9,1,605136.SH:丽人丽妆,0,0,
股权转让,1,recurrent_union,13,1,1,1,20,1,2026-01-06,2026-08-17,20,1,4,51,4,8,3,10,001210.SZ:金房能源;002795.SZ:永和智控;600785.SH:新华百货;000890.SZ:法尔胜;603777.SH:来伊份;001259.SZ:利仁科技;300649.SZ:杭州园林;000048.SZ:京基智农;603499.SH:翔港科技;300684.SZ:中石科技,12,9,0.75
脑机接口,1,recurrent_union,4,1,0,1,8,6,2026-01-05,2026-07-28,8,1.5,4,81,33,5,2,4,002324.SZ:普利特;002195.SZ:岩山科技;000566.SZ:海南海药;002173.SZ:创新医疗,3,3,1.0
航运,1,recurrent_union,3,1,0,1,4,2,2026-02-24,2026-06-15,4,1,2,18,7,5,3,3,600026.SH:中远海能;601872.SH:招商轮船;000520.SZ:凤凰航运,2,2,1.0
芯片,1,recurrent_union,20,1,0,1,134,101,2025-11-03,2026-08-31,134,2.0,57,1215,42,6,1,16,000620.SZ:盈新发展;688233.SH:神工股份;000859.SZ:国风新材;603933.SH:睿能科技;002725.SZ:跃岭股份;603163.SH:圣晖集成;000551.SZ:创元科技;603929.SH:亚翔集成;002119.SZ:康强电子;300480.SZ:光力科技;605178.SH:时空科技;603316.SH:诚邦股份;002428.SZ:云南锗业;301392.SZ:汇成真空;603773.SH:沃格光电;002081.SZ:金螳螂,19,16,0.8421052632
虚拟人,0,single_wave_one_day,1,0,0,0,1,0,2026-08-04,2026-08-04,1,1,1,3,3,3,8,1,002354.SZ:天娱数科,0,0,
证券,0,recurrent_union,3,1,0,1,4,0,2026-06-22,2026-08-31,4,1,2,12,4,4,12,3,601066.SH:中信建投;601162.SH:天风证券;000712.SZ:锦龙股份,2,2,1.0
跨境电商,0,recurrent_union,2,1,0,1,2,0,2025-12-01,2025-12-25,2,1.0,1,5,3,2,8,2,600981.SH:苏豪汇鸿;001300.SZ:三柏硕,1,1,1.0
轨道交通,1,recurrent_union,2,1,0,1,2,1,2026-01-06,2026-03-31,2,1.0,1,8,5,2,2,2,301016.SZ:雷尔伟;000008.SZ:神州高铁,1,1,1.0
通信,1,recurrent_union,25,1,1,1,132,96,2025-11-03,2026-08-31,132,3,28,1048,39,8,1,20,605258.SH:协和电子;603052.SH:可川科技;002636.SZ:金安国纪;300814.SZ:中富电路;003018.SZ:金富科技;603386.SH:骏亚科技;601869.SH:长飞光纤;002130.SZ:沃尔核材;001389.SZ:广合科技;003031.SZ:中瓷电子;603618.SH:杭电股份;000890.SZ:法尔胜;000720.SZ:新能泰山;002491.SZ:通鼎互联;002552.SZ:宝鼎科技;000823.SZ:超声电子;002141.SZ:贤丰控股;002815.SZ:崇达技术;603118.SH:共进股份;301526.SZ:国际复材,24,23,0.9583333333
造纸,1,recurrent_union,3,1,0,1,3,1,2025-12-25,2026-07-06,3,1,1,9,4,4,5,3,605007.SH:五洲特纸;605377.SH:华旺科技;600793.SH:宜宾纸业,2,2,1.0
酿酒,1,recurrent_union,5,1,1,1,7,3,2025-11-10,2026-05-25,7,1,3,35,20,3,1,4,002374.SZ:中锐股份;000995.SZ:皇台酒业;600382.SH:广东明珠;603919.SH:金徽酒,4,3,0.75
重庆市,0,single_wave_multiday,1,0,0,0,2,0,2025-11-06,2025-11-07,2,2,2,5,3,2,8,1,600939.SH:重庆建工,0,0,
量子科技,1,single_wave_one_day,1,0,0,0,1,1,2025-10-30,2025-10-30,1,1,1,2,2,4,5,1,603232.SH:格尔软件,0,0,
金刚石概念,0,recurrent_union,5,1,0,1,7,0,2025-11-11,2026-08-05,7,1,2,25,7,4,6,4,300179.SZ:四方达;603661.SH:恒林股份;600172.SH:黄河旋风;002655.SZ:共达电声,4,3,0.75
金属铝,1,recurrent_union,3,1,0,1,3,2,2025-11-06,2026-07-14,3,1,1,17,8,2,4,3,002578.SZ:闽发铝业;002501.SZ:利源股份;600595.SH:中孚实业,2,2,1.0
金融概念,1,recurrent_union,7,1,0,1,8,2,2025-12-05,2026-08-27,8,1,2,27,5,5,2,7,300377.SZ:赢时胜;603123.SH:翠微股份;002177.SZ:御银股份;300561.SZ:汇金科技;002197.SZ:证通电子;603106.SH:恒银科技;003040.SZ:楚天龙,6,6,1.0
钍基熔盐,1,single_wave_multiday,1,0,0,0,2,2,2025-11-03,2025-11-04,2,2,2,9,6,3,4,1,603169.SH:兰石重装,0,0,
钠电池,0,single_wave_one_day,1,0,0,0,1,0,2026-04-17,2026-04-17,1,1,1,2,2,3,9,1,600152.SH:维科技术,0,0,
钢铁,0,single_wave_one_day,1,0,0,0,1,0,2026-03-17,2026-03-17,1,1,1,2,2,2,8,1,600307.SH:酒钢宏兴,0,0,
锂电池,1,recurrent_union,27,1,1,1,58,37,2025-10-30,2026-08-24,58,2,10,368,24,8,1,21,001203.SZ:大中矿业;002083.SZ:孚日股份;603778.SH:国晟科技;000546.SZ:金圆股份;000695.SZ:滨海能源;000036.SZ:华联控股;000056.SZ:皇庭国际;300497.SZ:富祥药业;002192.SZ:融捷股份;300165.SZ:天瑞仪器;002580.SZ:圣阳股份;600338.SH:西藏珠峰;603937.SH:丽岛新材;001223.SZ:欧克科技;603032.SH:德新科技;002805.SZ:丰元股份;300518.SZ:新迅达;301587.SZ:中瑞股份;002388.SZ:新亚制程;002748.SZ:世龙实业;301152.SZ:天力锂能,26,24,0.9230769231
锂矿,0,single_wave_one_day,1,0,0,0,1,0,2026-06-24,2026-06-24,1,1,1,4,4,2,6,1,603399.SH:永杉锂业,0,0,
阿里巴巴概念,1,single_wave_one_day,1,0,0,0,1,1,2026-01-14,2026-01-14,1,1,1,7,7,3,3,1,601116.SH:三江购物,0,0,
阿里系AI,0,single_wave_one_day,1,0,0,0,1,0,2025-11-13,2025-11-13,1,1,1,4,4,1,7,1,300785.SZ:值得买,0,0,
零售,1,recurrent_union,15,1,1,1,29,12,2025-11-10,2026-08-25,29,1,8,110,9,6,1,10,600693.SH:东百集团;600828.SH:茂业商业;600865.SH:百大集团;001211.SZ:双枪科技;002251.SZ:步步高;000759.SZ:中百集团;600113.SH:浙江东日;603277.SH:银都股份;601116.SH:三江购物;600785.SH:新华百货,14,11,0.7857142857
非金属材料,1,recurrent_union,2,1,0,1,5,4,2026-06-18,2026-07-21,5,2.5,4,33,11,6,2,2,603407.SH:长裕集团;301580.SZ:爱迪特,1,1,1.0
面板,1,recurrent_union,3,1,0,1,3,2,2026-03-05,2026-06-30,3,1,1,34,23,2,1,3,002952.SZ:亚世光电;688055.SH:龙腾光电;000100.SZ:TCL科技,2,2,1.0
风电,1,recurrent_union,2,1,1,1,7,5,2026-03-12,2026-07-27,7,3.5,6,29,8,5,2,2,600396.SH:华电辽能;603988.SH:中电电机,1,1,1.0
食品饮料,1,recurrent_union,12,1,1,1,32,9,2025-11-10,2026-08-18,32,2.0,6,112,15,7,1,9,600429.SH:三元股份;002702.SZ:海欣食品;603696.SH:安记食品;002910.SZ:庄园牧场;000523.SZ:红棉股份;603020.SH:爱普股份;605300.SH:佳禾食品;002329.SZ:皇氏集团;605179.SH:一鸣食品,11,10,0.9090909091
黄金,1,recurrent_union,13,1,1,1,30,13,2026-01-13,2026-08-28,30,2,8,151,29,8,1,8,002574.SZ:明牌珠宝;601212.SH:白银有色;002155.SZ:湖南黄金;001360.SZ:南矿集团;002345.SZ:潮宏基;000506.SZ:招金黄金;000603.SZ:盛达资源;000017.SZ:深中华A,12,9,0.75
