trade_date,database,table,before_rows,response_rows,after_rows,inserted_rows,repeat_inserted_rows,recorded_at
2026-09-10,kpl,tbl_cn_limit_list,68,68,68,0,0,2026-10-04T16:26:08+00:00
2026-09-10,kpl,tbl_cn_kpl_list,63,23,63,0,0,2026-10-04T16:26:19+00:00
2026-09-10,kpl,tbl_cn_kpl_list,63,40,63,0,0,2026-10-04T16:26:30+00:00
2026-09-10,index,tbl_cn_index_daily,12,1,12,0,0,2026-10-04T16:26:34+00:00
2026-09-10,index,tbl_cn_index_daily,12,1,12,0,0,2026-10-04T16:26:35+00:00
2026-09-10,index,tbl_cn_index_daily,12,1,12,0,0,2026-10-04T16:26:38+00:00
2026-09-10,index,tbl_cn_index_daily,12,1,12,0,0,2026-10-04T16:26:40+00:00
2026-09-10,index,tbl_cn_index_daily,12,1,12,0,0,2026-10-04T16:26:42+00:00
2026-09-10,index,tbl_cn_index_daily,12,1,12,0,0,2026-10-04T16:26:44+00:00
2026-09-10,index,tbl_cn_index_daily,12,1,12,0,0,2026-10-04T16:26:47+00:00
2026-09-10,index,tbl_cn_index_daily,12,1,12,0,0,2026-10-04T16:26:53+00:00
2026-09-10,index,tbl_cn_index_daily,12,1,12,0,0,2026-10-04T16:26:56+00:00
2026-09-10,index,tbl_cn_index_daily,12,1,12,0,0,2026-10-04T16:26:58+00:00
2026-09-10,index,tbl_cn_index_daily,12,1,12,0,0,2026-10-04T16:26:59+00:00
2026-09-18,kpl,tbl_cn_limit_list,0,103,103,103,0,2026-10-04T16:29:42+00:00
2026-09-18,kpl,tbl_cn_kpl_list,0,26,26,26,0,2026-10-04T16:29:54+00:00
2026-09-18,kpl,tbl_cn_kpl_list,26,79,105,79,0,2026-10-04T16:30:15+00:00
2026-09-18,index,tbl_cn_index_daily,0,1,1,1,0,2026-10-04T16:30:19+00:00
2026-09-18,index,tbl_cn_index_daily,1,1,2,1,0,2026-10-04T16:30:22+00:00
2026-09-18,index,tbl_cn_index_daily,2,1,3,1,0,2026-10-04T16:30:24+00:00
2026-09-18,index,tbl_cn_index_daily,3,1,4,1,0,2026-10-04T16:30:28+00:00
2026-09-18,index,tbl_cn_index_daily,4,1,5,1,0,2026-10-04T16:30:31+00:00
2026-09-18,index,tbl_cn_index_daily,5,1,6,1,0,2026-10-04T16:30:42+00:00
2026-09-18,index,tbl_cn_index_daily,6,1,7,1,0,2026-10-04T16:30:51+00:00
2026-09-18,index,tbl_cn_index_daily,7,1,8,1,0,2026-10-04T16:30:54+00:00
2026-09-18,index,tbl_cn_index_daily,8,1,9,1,0,2026-10-04T16:30:55+00:00
2026-09-18,index,tbl_cn_index_daily,9,1,10,1,0,2026-10-04T16:30:58+00:00
2026-09-18,index,tbl_cn_index_daily,10,1,11,1,0,2026-10-04T16:31:00+00:00
2026-09-21,kpl,tbl_cn_limit_list,0,130,130,130,0,2026-10-04T16:31:22+00:00
2026-09-21,kpl,tbl_cn_kpl_list,0,26,26,26,0,2026-10-04T16:31:29+00:00
2026-09-21,kpl,tbl_cn_kpl_list,26,105,131,105,0,2026-10-04T16:31:45+00:00
2026-09-21,index,tbl_cn_index_daily,0,1,1,1,0,2026-10-04T16:31:46+00:00
2026-09-21,index,tbl_cn_index_daily,1,1,2,1,0,2026-10-04T16:31:47+00:00
2026-09-21,index,tbl_cn_index_daily,2,1,3,1,0,2026-10-04T16:31:52+00:00
2026-09-21,index,tbl_cn_index_daily,3,1,4,1,0,2026-10-04T16:31:57+00:00
2026-09-21,index,tbl_cn_index_daily,4,1,5,1,0,2026-10-04T16:31:59+00:00
2026-09-21,index,tbl_cn_index_daily,5,1,6,1,0,2026-10-04T16:32:01+00:00
2026-09-21,index,tbl_cn_index_daily,6,1,7,1,0,2026-10-04T16:32:17+00:00
2026-09-21,index,tbl_cn_index_daily,7,1,8,1,0,2026-10-04T16:32:20+00:00
2026-09-21,index,tbl_cn_index_daily,8,1,9,1,0,2026-10-04T16:32:29+00:00
2026-09-21,index,tbl_cn_index_daily,9,1,10,1,0,2026-10-04T16:32:31+00:00
2026-09-21,index,tbl_cn_index_daily,10,1,11,1,0,2026-10-04T16:32:34+00:00
2026-09-22,kpl,tbl_cn_limit_list,0,84,84,84,0,2026-10-04T16:32:51+00:00
2026-09-22,kpl,tbl_cn_kpl_list,0,21,21,21,0,2026-10-04T16:32:57+00:00
2026-09-22,kpl,tbl_cn_kpl_list,21,64,85,64,0,2026-10-04T16:33:07+00:00
2026-09-22,index,tbl_cn_index_daily,0,1,1,1,0,2026-10-04T16:33:08+00:00
2026-09-22,index,tbl_cn_index_daily,1,1,2,1,0,2026-10-04T16:33:10+00:00
2026-09-22,index,tbl_cn_index_daily,2,1,3,1,0,2026-10-04T16:33:12+00:00
2026-09-22,index,tbl_cn_index_daily,3,1,4,1,0,2026-10-04T16:33:14+00:00
2026-09-22,index,tbl_cn_index_daily,4,1,5,1,0,2026-10-04T16:33:16+00:00
2026-09-22,index,tbl_cn_index_daily,5,1,6,1,0,2026-10-04T16:33:18+00:00
2026-09-22,index,tbl_cn_index_daily,6,1,7,1,0,2026-10-04T16:33:21+00:00
2026-09-22,index,tbl_cn_index_daily,7,1,8,1,0,2026-10-04T16:33:23+00:00
2026-09-22,index,tbl_cn_index_daily,8,1,9,1,0,2026-10-04T16:33:25+00:00
2026-09-22,index,tbl_cn_index_daily,9,1,10,1,0,2026-10-04T16:33:27+00:00
2026-09-22,index,tbl_cn_index_daily,10,1,11,1,0,2026-10-04T16:33:29+00:00
2026-09-23,kpl,tbl_cn_limit_list,0,90,90,90,0,2026-10-04T16:33:54+00:00
2026-09-23,kpl,tbl_cn_kpl_list,0,28,28,28,0,2026-10-04T16:34:04+00:00
2026-09-23,kpl,tbl_cn_kpl_list,28,51,79,51,0,2026-10-04T16:34:12+00:00
2026-09-23,index,tbl_cn_index_daily,0,1,1,1,0,2026-10-04T16:34:13+00:00
2026-09-23,index,tbl_cn_index_daily,1,1,2,1,0,2026-10-04T16:34:14+00:00
2026-09-23,index,tbl_cn_index_daily,2,1,3,1,0,2026-10-04T16:34:15+00:00
2026-09-23,index,tbl_cn_index_daily,3,1,4,1,0,2026-10-04T16:34:16+00:00
2026-09-23,index,tbl_cn_index_daily,4,1,5,1,0,2026-10-04T16:34:18+00:00
2026-09-23,index,tbl_cn_index_daily,5,1,6,1,0,2026-10-04T16:34:18+00:00
2026-09-23,index,tbl_cn_index_daily,6,1,7,1,0,2026-10-04T16:34:20+00:00
2026-09-23,index,tbl_cn_index_daily,7,1,8,1,0,2026-10-04T16:34:20+00:00
2026-09-23,index,tbl_cn_index_daily,8,1,9,1,0,2026-10-04T16:34:22+00:00
2026-09-23,index,tbl_cn_index_daily,9,1,10,1,0,2026-10-04T16:34:25+00:00
2026-09-23,index,tbl_cn_index_daily,10,1,11,1,0,2026-10-04T16:34:26+00:00
2026-09-24,kpl,tbl_cn_limit_list,0,75,75,75,0,2026-10-04T16:34:31+00:00
2026-09-24,kpl,tbl_cn_kpl_list,0,11,11,11,0,2026-10-04T16:34:33+00:00
2026-09-24,kpl,tbl_cn_kpl_list,11,52,63,52,0,2026-10-04T16:34:36+00:00
2026-09-24,index,tbl_cn_index_daily,0,1,1,1,0,2026-10-04T16:34:54+00:00
2026-09-24,index,tbl_cn_index_daily,1,1,2,1,0,2026-10-04T16:34:55+00:00
2026-09-24,index,tbl_cn_index_daily,2,1,3,1,0,2026-10-04T16:34:55+00:00
2026-09-24,index,tbl_cn_index_daily,3,1,4,1,0,2026-10-04T16:34:57+00:00
2026-09-24,index,tbl_cn_index_daily,4,1,5,1,0,2026-10-04T16:34:58+00:00
2026-09-24,index,tbl_cn_index_daily,5,1,6,1,0,2026-10-04T16:35:00+00:00
2026-09-24,index,tbl_cn_index_daily,6,1,7,1,0,2026-10-04T16:35:03+00:00
2026-09-24,index,tbl_cn_index_daily,7,1,8,1,0,2026-10-04T16:35:04+00:00
2026-09-24,index,tbl_cn_index_daily,8,1,9,1,0,2026-10-04T16:35:04+00:00
2026-09-24,index,tbl_cn_index_daily,9,1,10,1,0,2026-10-04T16:35:09+00:00
2026-09-24,index,tbl_cn_index_daily,10,1,11,1,0,2026-10-04T16:35:10+00:00
2026-09-25,kpl,tbl_cn_limit_list,0,0,0,0,0,2026-10-04T16:35:11+00:00
2026-09-25,kpl,tbl_cn_kpl_list,0,0,0,0,0,2026-10-04T16:35:12+00:00
2026-09-25,kpl,tbl_cn_kpl_list,0,0,0,0,0,2026-10-04T16:35:14+00:00
2026-09-25,index,tbl_cn_index_daily,0,0,0,0,0,2026-10-04T16:35:15+00:00
2026-09-25,index,tbl_cn_index_daily,0,0,0,0,0,2026-10-04T16:35:17+00:00
2026-09-25,index,tbl_cn_index_daily,0,0,0,0,0,2026-10-04T16:35:18+00:00
2026-09-25,index,tbl_cn_index_daily,0,0,0,0,0,2026-10-04T16:35:19+00:00
2026-09-25,index,tbl_cn_index_daily,0,0,0,0,0,2026-10-04T16:35:20+00:00
2026-09-25,index,tbl_cn_index_daily,0,0,0,0,0,2026-10-04T16:35:23+00:00
2026-09-25,index,tbl_cn_index_daily,0,0,0,0,0,2026-10-04T16:35:27+00:00
2026-09-25,index,tbl_cn_index_daily,0,0,0,0,0,2026-10-04T16:35:28+00:00
2026-09-25,index,tbl_cn_index_daily,0,0,0,0,0,2026-10-04T16:35:31+00:00
2026-09-25,index,tbl_cn_index_daily,0,0,0,0,0,2026-10-04T16:35:32+00:00
2026-09-25,index,tbl_cn_index_daily,0,0,0,0,0,2026-10-04T16:35:36+00:00
2026-09-28,kpl,tbl_cn_limit_list,0,100,100,100,0,2026-10-04T16:35:40+00:00
2026-09-28,kpl,tbl_cn_kpl_list,0,11,11,11,0,2026-10-04T16:35:42+00:00
2026-09-28,kpl,tbl_cn_kpl_list,11,35,46,35,0,2026-10-04T16:35:45+00:00
2026-09-28,index,tbl_cn_index_daily,0,1,1,1,0,2026-10-04T16:35:47+00:00
2026-09-28,index,tbl_cn_index_daily,1,1,2,1,0,2026-10-04T16:35:52+00:00
2026-09-28,index,tbl_cn_index_daily,2,1,3,1,0,2026-10-04T16:35:53+00:00
2026-09-28,index,tbl_cn_index_daily,3,1,4,1,0,2026-10-04T16:35:54+00:00
2026-09-28,index,tbl_cn_index_daily,4,1,5,1,0,2026-10-04T16:35:56+00:00
2026-09-28,index,tbl_cn_index_daily,5,1,6,1,0,2026-10-04T16:35:58+00:00
2026-09-28,index,tbl_cn_index_daily,6,1,7,1,0,2026-10-04T16:36:00+00:00
2026-09-28,index,tbl_cn_index_daily,7,1,8,1,0,2026-10-04T16:36:04+00:00
2026-09-28,index,tbl_cn_index_daily,8,1,9,1,0,2026-10-04T16:36:05+00:00
2026-09-28,index,tbl_cn_index_daily,9,1,10,1,0,2026-10-04T16:36:06+00:00
2026-09-28,index,tbl_cn_index_daily,10,1,11,1,0,2026-10-04T16:36:08+00:00
2026-09-29,kpl,tbl_cn_limit_list,0,75,75,75,0,2026-10-04T16:36:12+00:00
2026-09-29,kpl,tbl_cn_kpl_list,0,8,8,8,0,2026-10-04T16:36:13+00:00
2026-09-29,kpl,tbl_cn_kpl_list,8,57,65,57,0,2026-10-04T16:36:18+00:00
2026-09-29,index,tbl_cn_index_daily,0,1,1,1,0,2026-10-04T16:36:19+00:00
2026-09-29,index,tbl_cn_index_daily,1,1,2,1,0,2026-10-04T16:36:20+00:00
2026-09-29,index,tbl_cn_index_daily,2,1,3,1,0,2026-10-04T16:36:22+00:00
2026-09-29,index,tbl_cn_index_daily,3,1,4,1,0,2026-10-04T16:36:25+00:00
2026-09-29,index,tbl_cn_index_daily,4,1,5,1,0,2026-10-04T16:36:27+00:00
2026-09-29,index,tbl_cn_index_daily,5,1,6,1,0,2026-10-04T16:36:28+00:00
2026-09-29,index,tbl_cn_index_daily,6,1,7,1,0,2026-10-04T16:36:29+00:00
2026-09-29,index,tbl_cn_index_daily,7,1,8,1,0,2026-10-04T16:36:30+00:00
2026-09-29,index,tbl_cn_index_daily,8,1,9,1,0,2026-10-04T16:36:34+00:00
2026-09-29,index,tbl_cn_index_daily,9,1,10,1,0,2026-10-04T16:36:36+00:00
2026-09-29,index,tbl_cn_index_daily,10,1,11,1,0,2026-10-04T16:36:37+00:00
2026-09-30,kpl,tbl_cn_limit_list,0,73,73,73,0,2026-10-04T16:36:42+00:00
2026-09-30,kpl,tbl_cn_kpl_list,0,12,12,12,0,2026-10-04T16:36:44+00:00
2026-09-30,kpl,tbl_cn_kpl_list,12,56,68,56,0,2026-10-04T16:36:47+00:00
2026-09-30,index,tbl_cn_index_daily,0,1,1,1,0,2026-10-04T16:36:48+00:00
2026-09-30,index,tbl_cn_index_daily,1,1,2,1,0,2026-10-04T16:36:49+00:00
2026-09-30,index,tbl_cn_index_daily,2,1,3,1,0,2026-10-04T16:36:51+00:00
2026-09-30,index,tbl_cn_index_daily,3,1,4,1,0,2026-10-04T16:36:52+00:00
2026-09-30,index,tbl_cn_index_daily,4,1,5,1,0,2026-10-04T16:36:55+00:00
2026-09-30,index,tbl_cn_index_daily,5,1,6,1,0,2026-10-04T16:36:56+00:00
2026-09-30,index,tbl_cn_index_daily,6,1,7,1,0,2026-10-04T16:37:01+00:00
2026-09-30,index,tbl_cn_index_daily,7,1,8,1,0,2026-10-04T16:37:03+00:00
2026-09-30,index,tbl_cn_index_daily,8,1,9,1,0,2026-10-04T16:37:04+00:00
2026-09-30,index,tbl_cn_index_daily,9,1,10,1,0,2026-10-04T16:37:11+00:00
2026-09-30,index,tbl_cn_index_daily,10,1,11,1,0,2026-10-04T16:37:16+00:00
2026-09-17,kpl,tbl_cn_kpl_list,0,21,21,21,0,2026-10-04T16:38:05+00:00
2026-09-17,kpl,tbl_cn_kpl_list,21,49,70,49,0,2026-10-04T16:38:10+00:00
,basic,tbl_cn_tradecal,6364,699,6377,13,0,2026-10-04T17:35:07+00:00
,basic,tbl_cn_tradecal,6377,699,6390,13,0,2026-10-04T17:35:08+00:00
,basic,tbl_cn_basic,5565,5572,5572,7,0,2026-10-04T17:35:11+00:00
,basic,tbl_cn_basic,5572,339,5911,339,0,2026-10-04T17:35:12+00:00
,basic,tbl_cn_basic,5911,0,5911,0,0,2026-10-04T17:35:13+00:00
2026-09-10,basic,tbl_cn_day,0,5549,5549,5549,0,2026-10-04T17:37:46+00:00
2026-09-10,basic,tbl_cn_stk_limit,5640,5640,5640,0,0,2026-10-04T17:37:47+00:00
2026-09-10,basic,tbl_cn_suspend,12,12,12,0,0,2026-10-04T17:37:49+00:00
2026-09-18,basic,tbl_cn_day,0,5553,5553,5553,0,2026-10-04T17:38:31+00:00
2026-09-18,basic,tbl_cn_stk_limit,5644,5644,5644,0,0,2026-10-04T17:38:32+00:00
2026-09-18,basic,tbl_cn_suspend,0,14,14,14,0,2026-10-04T17:38:36+00:00
2026-09-21,basic,tbl_cn_day,0,5553,5553,5553,0,2026-10-04T17:39:12+00:00
2026-09-21,basic,tbl_cn_stk_limit,0,5644,5644,5644,0,2026-10-04T17:39:13+00:00
2026-09-21,basic,tbl_cn_suspend,0,16,16,16,0,2026-10-04T17:39:13+00:00
2026-09-22,basic,tbl_cn_day,0,5554,5554,5554,0,2026-10-04T17:39:49+00:00
2026-09-22,basic,tbl_cn_stk_limit,0,5646,5646,5646,0,2026-10-04T17:39:50+00:00
2026-09-22,basic,tbl_cn_suspend,0,15,15,15,0,2026-10-04T17:39:56+00:00
2026-09-23,basic,tbl_cn_day,0,5556,5556,5556,0,2026-10-04T17:40:29+00:00
2026-09-23,basic,tbl_cn_stk_limit,0,5647,5647,5647,0,2026-10-04T17:40:30+00:00
2026-09-23,basic,tbl_cn_suspend,0,13,13,13,0,2026-10-04T17:40:31+00:00
2026-09-24,basic,tbl_cn_day,0,5557,5557,5557,0,2026-10-04T17:41:05+00:00
2026-09-24,basic,tbl_cn_stk_limit,0,5648,5648,5648,0,2026-10-04T17:41:06+00:00
2026-09-24,basic,tbl_cn_suspend,0,13,13,13,0,2026-10-04T17:41:06+00:00
2026-09-28,basic,tbl_cn_day,0,5557,5557,5557,0,2026-10-04T17:41:37+00:00
2026-09-28,basic,tbl_cn_stk_limit,0,5648,5648,5648,0,2026-10-04T17:41:38+00:00
2026-09-28,basic,tbl_cn_suspend,0,13,13,13,0,2026-10-04T17:41:39+00:00
2026-09-29,basic,tbl_cn_day,0,5559,5559,5559,0,2026-10-04T17:42:10+00:00
2026-09-29,basic,tbl_cn_stk_limit,0,5650,5650,5650,0,2026-10-04T17:42:11+00:00
2026-09-29,basic,tbl_cn_suspend,0,16,16,16,0,2026-10-04T17:42:12+00:00
2026-09-30,basic,tbl_cn_day,0,5561,5561,5561,0,2026-10-04T17:42:40+00:00
2026-09-30,basic,tbl_cn_stk_limit,0,5651,5651,5651,0,2026-10-04T17:42:42+00:00
2026-09-30,basic,tbl_cn_suspend,0,17,16,16,0,2026-10-04T17:42:42+00:00
