year,metric,total_n,valid_n,missing_n,clip_low_n,clip_low_rate,clip_high_n,clip_high_rate,endpoint_low_n,endpoint_low_rate,endpoint_high_n,endpoint_high_rate,saturated_low_n,saturated_high_n,constant_anchor
2025,M1raw,243,243,0,25,0.102880658436214,25,0.102880658436214,0,0.0,0,0.0,25,25,False
2025,P_open,243,243,0,25,0.102880658436214,25,0.102880658436214,0,0.0,0,0.0,25,25,False
2025,P_close,243,243,0,25,0.102880658436214,25,0.102880658436214,0,0.0,0,0.0,25,25,False
2025,C_open,243,243,0,25,0.102880658436214,25,0.102880658436214,0,0.0,0,0.0,25,25,False
2025,C_close,243,243,0,25,0.102880658436214,25,0.102880658436214,0,0.0,0,0.0,25,25,False
2025,BL,243,243,0,25,0.102880658436214,25,0.102880658436214,0,0.0,0,0.0,25,25,False
2025,SQ,243,243,0,25,0.102880658436214,25,0.102880658436214,0,0.0,0,0.0,25,25,False
2025,Ddens,243,243,0,24,0.09876543209876543,25,0.102880658436214,2,0.00823045267489712,0,0.0,26,25,False
2025,MIDfail,243,243,0,25,0.102880658436214,22,0.09053497942386832,0,0.0,4,0.01646090534979424,25,26,False
2025,lr20,243,243,0,25,0.102880658436214,25,0.102880658436214,0,0.0,0,0.0,25,25,False
2026,M1raw,181,181,0,38,0.20994475138121546,8,0.04419889502762431,0,0.0,0,0.0,38,8,False
2026,P_open,181,181,0,56,0.30939226519337015,10,0.055248618784530384,0,0.0,0,0.0,56,10,False
2026,P_close,181,181,0,24,0.13259668508287292,17,0.09392265193370165,0,0.0,0,0.0,24,17,False
2026,C_open,181,181,0,30,0.16574585635359115,22,0.12154696132596685,0,0.0,0,0.0,30,22,False
2026,C_close,181,181,0,19,0.10497237569060773,12,0.06629834254143646,0,0.0,0,0.0,19,12,False
2026,BL,181,181,0,30,0.16574585635359115,25,0.13812154696132597,0,0.0,0,0.0,30,25,False
2026,SQ,181,181,0,18,0.09944751381215469,24,0.13259668508287292,0,0.0,0,0.0,18,24,False
2026,Ddens,181,181,0,18,0.09944751381215469,41,0.2265193370165746,1,0.0055248618784530384,0,0.0,19,41,False
2026,MIDfail,181,181,0,27,0.14917127071823205,14,0.07734806629834254,0,0.0,1,0.0055248618784530384,27,15,False
2026,lr20,181,181,0,31,0.1712707182320442,13,0.0718232044198895,0,0.0,0,0.0,31,13,False
