trade_date,score5,grade5,phase,theme_heat_score,heat_score_gap,structure,top3_themes
2026-06-25,40.984882885906956,C,退潮,100.0,59.015117114093044,multiple_mainlines,元器件 / 通信 / 芯片
2026-01-13,40.126442716662034,C,退潮,91.7,51.57355728333797,clear_single_mainline,人工智能 / 商业航天 / 机器人概念
2026-08-07,44.34899236608388,C,退潮,95.8,51.45100763391612,multiple_mainlines,通信 / 医药 / 芯片
2026-02-10,29.644068176700518,D,冰点,76.7,47.05593182329949,clear_single_mainline,文化传媒 / AI应用 / 化工
2026-06-24,43.758611583411835,C,退潮,90.0,46.241388416588165,multiple_mainlines,通信 / 芯片 / 非金属材料
2026-08-10,47.23410509652867,C,退潮,91.7,44.46589490347133,clear_single_mainline,医药 / 并购重组 / 智能电网
2026-01-16,10.352360786232992,D,冰点,54.2,43.84763921376701,scattered_no_mainline,智能电网 / 芯片 / 机器人概念
2026-03-03,37.898070526665414,C,退潮,81.7,43.80192947333459,multiple_mainlines,石油石化 / 天然气 / 航运
2026-06-26,37.56861692786878,C,中性/混沌,80.0,42.43138307213122,clear_single_mainline,芯片 / 通信 / 机器人概念
2026-04-03,17.95015780796257,D,冰点,57.5,39.54984219203743,clear_single_mainline,通信 / 医药 / 算力
2026-01-19,43.22233188689386,C,退潮,82.5,39.27766811310614,multiple_mainlines,机器人概念 / 智能电网 / 股权转让
2026-01-05,44.19500769300668,C,退潮,82.5,38.30499230699332,clear_single_mainline,商业航天 / 脑机接口 / 人工智能
2026-01-07,55.67160901210015,B,退潮,91.7,36.028390987899854,clear_single_mainline,商业航天 / 机器人概念 / 芯片
2026-06-11,22.287516206893766,D,冰点,58.3,36.01248379310623,clear_single_mainline,芯片 / 通信 / 化工
2026-08-14,18.19146405877272,D,冰点,53.3,35.108535941227274,multiple_mainlines,医药 / 芯片 / 通信
2026-06-29,17.59165502654217,D,冰点,52.5,34.90834497345783,clear_single_mainline,芯片 / 医药 / 可控核聚变
2026-03-27,34.14566332043317,D,冰点,66.7,32.55433667956683,multiple_mainlines,医药 / 锂电池 / 化工
2026-08-05,59.50523525640186,B,分歧,91.7,32.19476474359814,scattered_no_mainline,通信 / AI应用 / 芯片
2026-07-15,50.34566887977734,B,启动候选,82.5,32.15433112022266,scattered_no_mainline,医药 / 中报增长 / 并购重组
2026-08-20,20.33178110531227,D,冰点,50.0,29.66821889468773,clear_single_mainline,医药 / 疫苗概念 / 中报增长
2026-06-09,39.228874084414876,C,中性/混沌,68.3,29.07112591558512,mainline_replacement,通信 / 芯片 / 算力
2026-04-29,45.83970228316687,C,中性/混沌,74.2,28.36029771683313,multiple_mainlines,一季报增长 / 锂电池 / 算力
2026-06-04,42.73891736239816,C,退潮,70.8,28.061082637601835,mainline_replacement,元器件 / 芯片 / 通信
2026-06-18,39.637634877657845,C,退潮,67.5,27.862365122342155,multiple_mainlines,非金属材料 / 通信 / 芯片
2026-07-14,18.343140081263684,D,冰点,45.8,27.456859918736313,scattered_no_mainline,中报增长 / 并购重组 / 机器人概念
2026-05-25,50.97195826062685,B,分歧,78.3,27.32804173937315,clear_single_mainline,芯片 / 通信 / 机器人概念
2026-06-10,22.170187091042564,D,冰点,49.2,27.02981290895744,clear_single_mainline,芯片 / 通信 / 算力
2026-01-26,16.2852503874013,D,冰点,43.3,27.014749612598695,mainline_replacement,黄金 / 机器人概念 / 有色金属
2026-05-28,63.04530699353253,B,启动候选,90.0,26.954693006467473,multiple_mainlines,元器件 / 通信 / 芯片
2026-06-30,54.88282221140923,B,启动候选,81.7,26.817177788590776,multiple_mainlines,芯片 / 算力 / 机器人概念
2026-04-07,63.84934830005333,B,启动候选,90.0,26.15065169994667,clear_single_mainline,通信 / 化工 / 医药
2026-01-09,74.0322949492983,A,分歧,100.0,25.967705050701696,multiple_mainlines,商业航天 / 人工智能 / 机器人概念
2026-04-28,49.585404983992085,C,修复,75.0,25.414595016007915,clear_single_mainline,芯片 / 一季报增长 / 算力
2026-02-11,38.88897463744491,C,退潮,64.2,25.311025362555092,clear_single_mainline,化工 / 算力 / 有色金属
2026-02-09,68.0588233349576,A,启动候选,93.3,25.241176665042403,multiple_mainlines,AI应用 / 化工 / 光伏
2026-06-02,20.827560218518517,D,冰点,45.8,24.97243978148148,clear_single_mainline,元器件 / 通信 / 芯片
2026-03-30,28.702739331466322,D,冰点,53.3,24.597260668533675,clear_single_mainline,医药 / 通信 / 商业航天
2026-06-17,47.44035339428058,C,分歧,71.7,24.259646605719425,multiple_mainlines,通信 / 芯片 / 电阻电容
2026-01-14,73.97306648867455,A,修复,97.5,23.526933511325453,clear_single_mainline,人工智能 / 商业航天 / 实控人变更
2026-09-01,70.03303528832264,A,修复,93.3,23.26696471167736,clear_single_mainline,农业 / AI应用 / 消费电子
2026-07-21,31.961099430280715,D,冰点,53.3,21.338900569719282,scattered_no_mainline,芯片 / 通信 / 算力
2026-05-29,25.375060363849236,D,冰点,46.7,21.324939636150766,scattered_no_mainline,电力 / 地产链 / 零售
2026-06-15,52.18564400467474,B,启动候选,73.3,21.114355995325255,multiple_mainlines,通信 / 芯片 / 元器件
2026-05-13,76.60986297847346,A,强势,96.7,20.090137021526544,multiple_mainlines,电力 / 芯片 / 算力
2026-05-07,56.42492501145927,B,分歧,75.0,18.575074988540727,multiple_mainlines,算力 / 通信 / 新型工业化
2026-08-06,73.46348751776144,A,修复,91.7,18.236512482238567,multiple_mainlines,通信 / 芯片 / 并购重组
2026-09-23,27.31813585064915,D,冰点,45.0,17.68186414935085,clear_single_mainline,通信 / 地产链 / 并购重组
2026-04-16,47.00743035022733,C,中性/混沌,64.2,17.192569649772672,clear_single_mainline,算力 / 一季报增长 / 锂电池
2026-07-24,19.51836485814731,D,冰点,36.7,17.18163514185269,scattered_no_mainline,并购重组 / 智能电网 / 芯片
2026-08-18,44.79383831831773,C,退潮,61.7,16.90616168168227,scattered_no_mainline,农业 / 并购重组 / 医药
2026-03-04,14.97894785115734,D,冰点,31.7,16.72105214884266,scattered_no_mainline,石油石化 / 智能电网 / 通信
2026-05-08,60.904701442414584,B,中性/混沌,77.5,16.595298557585416,multiple_mainlines,通信 / 机器人概念 / 算力
2026-07-09,42.27137809616409,C,修复,58.3,16.028621903835905,clear_single_mainline,芯片 / 中报增长 / 并购重组
2026-08-31,45.697327184963335,C,退潮,61.7,16.002672815036668,scattered_no_mainline,算力 / 农业 / AI应用
2026-08-17,71.84099824668803,A,启动候选,87.5,15.65900175331197,multiple_mainlines,通信 / 芯片 / 医药
2026-05-12,61.27367210840105,B,退潮,76.7,15.426327891598952,clear_single_mainline,芯片 / 电力 / 通信
2026-01-15,15.042744510513007,D,冰点,30.0,14.957255489486993,clear_single_mainline,人工智能 / 芯片 / 核电
2026-01-21,44.61766217514223,C,退潮,59.2,14.582337824857774,clear_single_mainline,机器人概念 / 芯片 / 黄金
2026-04-20,61.703072421940995,B,退潮,75.8,14.096927578059002,mainline_replacement,商业航天 / 芯片 / 算力
2026-01-23,56.76212939974223,B,退潮,70.8,14.037870600257769,scattered_no_mainline,光伏 / 商业航天 / 机器人概念
2026-04-22,49.50661057831123,C,修复,63.3,13.793389421688765,clear_single_mainline,芯片 / 通信 / 算力
2026-01-28,66.2360224629562,A,修复,80.0,13.7639775370438,multiple_mainlines,黄金 / 有色金属 / 石油石化
2026-06-16,68.4502288087777,A,修复,81.7,13.249771191222308,multiple_mainlines,通信 / 芯片 / 有色金属
2026-07-31,64.25401459378263,B,启动候选,76.7,12.445985406217375,clear_single_mainline,AI应用 / 并购重组 / 算力
2026-07-30,29.62426724600379,D,冰点,41.7,12.075732753996213,scattered_no_mainline,并购重组 / 汽车零部件 / AI应用
2026-05-20,48.00739086029199,C,退潮,60.0,11.992609139708009,clear_single_mainline,芯片 / 股权转让 / 实控人变更
2026-04-08,60.919238840192975,B,中性/混沌,72.5,11.580761159807025,multiple_mainlines,通信 / 算力 / AI应用
2026-08-04,87.6297476181166,S,修复,99.2,11.570252381883407,multiple_mainlines,AI应用 / 算力 / 通信
2026-06-22,85.1422718184519,S,启动候选,95.0,9.857728181548097,multiple_mainlines,有色金属 / 非金属材料 / 通信
2026-07-16,9.28777805375942,D,冰点,18.3,9.012221946240581,scattered_no_mainline,医药 / 实控人变更 / 端侧AI
2026-07-27,54.32597719162995,B,启动候选,63.3,8.974022808370044,scattered_no_mainline,电力 / 并购重组 / 智能电网
2026-09-09,23.60178549484987,D,冰点,32.5,8.89821450515013,clear_single_mainline,农业 / 零售 / 通信
2026-04-30,57.56481942877857,B,启动候选,65.8,8.235180571221427,clear_single_mainline,一季报增长 / 芯片 / 锂电池
2026-05-22,74.26500715453511,A,启动候选,82.5,8.234992845464888,multiple_mainlines,芯片 / 元器件 / 通信
2026-08-11,44.27630739743969,C,退潮,52.5,8.223692602560313,clear_single_mainline,医药 / 机器人概念 / 芯片
2026-07-20,11.449539894470409,D,冰点,19.2,7.750460105529591,clear_single_mainline,电力 / 中报增长 / 煤炭
2026-05-06,78.95778400051213,A,修复,86.7,7.742215999487868,multiple_mainlines,芯片 / 一季报增长 / 算力
2026-07-13,20.851868152358037,D,冰点,28.3,7.448131847641964,scattered_no_mainline,并购重组 / 医药 / 中报增长
2026-03-02,50.19308392488192,B,退潮,56.7,6.506916075118085,mainline_replacement,石油石化 / 通信 / 化工
2026-05-14,32.7902567222625,D,冰点,39.2,6.409743277737505,clear_single_mainline,芯片 / 通信 / 算力
2026-05-11,70.90571971709451,A,修复,76.7,5.79428028290549,clear_single_mainline,通信 / 算力 / 芯片
2026-01-30,6.806836646983371,D,冰点,12.5,5.693163353016629,scattered_no_mainline,人工智能 / 通信 / 黄金
2026-01-29,60.08758406805433,B,退潮,65.0,4.912415931945667,scattered_no_mainline,黄金 / 石油石化 / 人工智能
2026-08-12,86.3572326751657,S,修复,90.8,4.442767324834293,scattered_no_mainline,医药 / 通信 / 算力
2026-01-20,40.03881547125645,C,中性/混沌,44.2,4.161184528743554,scattered_no_mainline,机器人概念 / 化工 / 智能电网
2026-04-27,35.92679936534896,C,退潮,40.0,4.073200634651037,scattered_no_mainline,芯片 / 一季报增长 / 算力
2026-03-05,18.232418736616072,D,冰点,21.7,3.467581263383927,scattered_no_mainline,面板 / 智能电网 / 通信
2026-07-01,55.90477379113911,B,中性/混沌,59.2,3.295226208860896,clear_single_mainline,芯片 / 机器人概念 / 化工
2026-09-04,21.947941791081096,D,冰点,25.0,3.052058208918904,scattered_no_mainline,AI应用 / 农业 / 海峡两岸
2026-01-12,97.31429228912432,S,修复,100.0,2.6857077108756755,multiple_mainlines,人工智能 / 商业航天 / 实控人变更
2026-07-03,30.87973963553213,D,冰点,33.3,2.420260364467868,clear_single_mainline,机器人概念 / 黄金 / 并购重组
2026-04-17,82.64131710783033,S,修复,85.0,2.358682892169668,multiple_mainlines,算力 / 芯片 / 通信
2026-01-22,66.92301190014061,A,启动候选,69.2,2.2769880998593948,clear_single_mainline,机器人概念 / 商业航天 / 实控人变更
2026-07-08,30.39116302377664,D,冰点,32.5,2.1088369762233583,scattered_no_mainline,并购重组 / 算力 / 中报增长
2026-09-03,19.219985674615604,D,冰点,20.8,1.580014325384397,clear_single_mainline,液冷 / 零售 / 医药
2026-05-15,30.565729904012663,D,冰点,31.7,1.1342700959873362,scattered_no_mainline,芯片 / 机器人概念 / 电力
2026-02-27,69.70210781137067,A,启动候选,70.8,1.0978921886293307,mainline_replacement,有色金属 / 算力 / 化工
2026-06-05,14.859300964636699,D,冰点,15.8,0.940699035363302,mainline_replacement,机器人概念 / 通信 / 煤炭
2026-01-08,94.14933572413152,S,修复,95.0,0.8506642758684819,multiple_mainlines,商业航天 / 脑机接口 / 机器人概念
2026-09-24,36.99393840007373,C,中性/混沌,36.7,-0.29393840007372773,scattered_no_mainline,海峡两岸 / 文化传媒 / 并购重组
2026-07-10,37.520187591064236,C,中性/混沌,35.8,-1.7201875910642386,scattered_no_mainline,中报增长 / 商业航天 / 医药
2026-06-12,28.630901939784952,D,冰点,26.7,-1.9309019397849525,scattered_no_mainline,芯片 / 有色金属 / 低空经济
2026-07-29,34.60298864842718,D,冰点,32.5,-2.1029886484271785,scattered_no_mainline,并购重组 / 食品饮料 / 机器人概念
2026-01-27,54.70412889657387,B,启动候选,51.7,-3.0041288965738673,clear_single_mainline,黄金 / 光伏 / 芯片
2026-02-25,68.8866140295503,A,修复,65.8,-3.0866140295503044,multiple_mainlines,化工 / 有色金属 / AI应用
2026-09-29,53.567439532975754,B,启动候选,50.0,-3.5674395329757544,clear_single_mainline,并购重组 / 锂电池 / AI应用
2026-01-06,98.66347874243594,S,修复,95.0,-3.6634787424359416,scattered_no_mainline,商业航天 / 脑机接口 / 实控人变更
2026-02-13,9.996212507831254,D,冰点,5.8,-4.196212507831254,cold_no_mainline,AI应用 / 农业 / 算力
2026-04-09,38.10305583139451,C,中性/混沌,33.3,-4.803055831394509,clear_single_mainline,通信 / 芯片 / 算力
2026-07-06,10.631544343495769,D,冰点,5.8,-4.831544343495769,cold_no_mainline,中报增长 / 芯片 / 并购重组
2026-03-24,59.20501842911526,B,启动候选,54.2,-5.00501842911526,clear_single_mainline,电力 / 光伏 / 智能电网
2026-07-17,24.27407815884776,D,冰点,19.2,-5.074078158847762,scattered_no_mainline,实控人变更 / 电力 / 人工智能
2026-03-26,24.469789807443306,D,冰点,19.2,-5.269789807443306,scattered_no_mainline,电力 / 医药 / 锂电池
2026-09-16,64.47843060580914,B,启动候选,59.2,-5.278430605809135,clear_single_mainline,通信 / 芯片 / 海峡两岸
2026-04-13,49.77899068882879,C,退潮,44.2,-5.578990688828789,multiple_mainlines,通信 / 算力 / 并购重组
2026-04-24,15.012211609346494,D,冰点,9.2,-5.812211609346495,scattered_no_mainline,一季报增长 / 锂电池 / 芯片
2026-04-01,22.7008041904781,D,冰点,16.7,-6.0008041904780995,clear_single_mainline,医药 / 算力 / 医疗器械
2026-05-19,73.58001339333005,A,扩散,67.5,-6.080013393330049,multiple_mainlines,芯片 / 机器人概念 / 实控人变更
2026-04-15,45.51843620579845,C,退潮,39.2,-6.318436205798449,clear_single_mainline,算力 / 医药 / 并购重组
2026-03-31,17.209659363797353,D,冰点,10.8,-6.409659363797353,scattered_no_mainline,医药 / 商业航天 / 智能电网
2026-08-19,10.920492955914796,D,冰点,4.2,-6.7204929559147955,cold_no_mainline,农业 / 地产链 / 医药
2026-05-21,12.861479273079972,D,冰点,5.8,-7.061479273079972,cold_no_mainline,实控人变更 / 芯片 / 化工
2026-07-07,11.332948937180104,D,冰点,4.2,-7.132948937180104,cold_no_mainline,并购重组 / 造纸 / 机器人概念
2026-08-24,30.908839622472634,D,冰点,23.3,-7.608839622472633,scattered_no_mainline,医药 / 并购重组 / 煤炭
2026-07-02,32.69411817494711,D,冰点,25.0,-7.694118174947107,scattered_no_mainline,机器人概念 / 医药 / 芯片
2026-02-26,48.24406182764858,C,分歧,40.0,-8.24406182764858,mainline_replacement,通信 / 算力 / 化工
2026-03-25,86.95887125580242,S,修复,78.3,-8.658871255802424,clear_single_mainline,电力 / 通信 / 算力
2026-09-28,11.253934590190358,D,冰点,1.7,-9.553934590190359,cold_no_mainline,并购重组 / AI应用 / 机器人概念
2026-06-01,54.16233850270831,B,启动候选,44.2,-9.962338502708306,clear_single_mainline,AI应用 / 电力 / AI PC
2026-06-23,43.3005307678763,C,退潮,33.3,-10.000530767876306,mainline_replacement,医药 / 芯片 / 通信
2026-04-02,54.9578914044509,B,启动候选,44.2,-10.757891404450895,clear_single_mainline,医药 / 智能电网 / 电力
2026-03-12,53.48858115011968,B,中性/混沌,42.5,-10.988581150119678,clear_single_mainline,电力 / 化工 / 储能
2026-02-24,52.94167366485687,B,启动候选,41.7,-11.241673664856869,mainline_replacement,化工 / 石油石化 / 智能电网
2026-02-05,17.10762175704562,D,冰点,5.8,-11.30762175704562,cold_no_mainline,并购重组 / 文化传媒 / 人工智能
2026-09-10,12.1229446355736,D,冰点,0.8,-11.322944635573599,cold_no_mainline,化工 / 旅游 / 绿色电力
2026-07-23,84.13137861074757,S,修复,72.5,-11.631378610747575,mainline_replacement,智能电网 / 绿色电力 / 化工
2026-09-07,81.24286173114821,S,启动候选,67.5,-13.74286173114821,multiple_mainlines,农业 / 零售 / 通信
2026-03-09,40.14921943188747,C,退潮,25.8,-14.349219431887466,multiple_mainlines,智能电网 / 算力 / 电力
2026-06-03,35.31794027431552,C,修复,20.8,-14.517940274315517,scattered_no_mainline,机器人概念 / 通信 / 芯片
2026-02-12,44.83650565646082,C,中性/混沌,30.0,-14.836505656460822,clear_single_mainline,算力 / AI应用 / 有色金属
2026-03-06,46.39938442618416,C,退潮,30.8,-15.599384426184162,mainline_replacement,化工 / 智能电网 / 电力
2026-07-28,44.22642166186003,C,分歧,28.3,-15.92642166186003,scattered_no_mainline,芯片 / AI应用 / 脑机接口
2026-06-08,49.06131561656175,C,退潮,32.5,-16.56131561656175,scattered_no_mainline,物理AI / 机器人概念 / 煤炭
2026-09-11,24.116869000113475,D,冰点,7.5,-16.616869000113475,mainline_replacement,通信 / AI应用 / 地产链
2026-08-21,26.263363240585647,D,冰点,9.2,-17.063363240585648,scattered_no_mainline,通信 / 消费电子 / 芯片
2026-08-28,76.25338227495648,A,分歧,58.3,-17.953382274956482,clear_single_mainline,农业 / 黄金 / 中报增长
2026-03-18,31.755341771537033,D,冰点,12.5,-19.255341771537033,scattered_no_mainline,算力 / 化工 / 通信
2026-03-16,22.205416657323113,D,冰点,2.5,-19.705416657323113,cold_no_mainline,通信 / 芯片 / 化工
2026-05-18,69.83719808817236,A,启动候选,49.2,-20.637198088172354,clear_single_mainline,芯片 / 股权转让 / 电力
2026-04-14,69.96509298009843,A,修复,48.3,-21.665092980098436,clear_single_mainline,算力 / 并购重组 / 芯片
2026-08-03,62.50024796914,B,中性/混沌,40.8,-21.70024796914,scattered_no_mainline,AI应用 / 核电 / 机器人概念
2026-03-19,26.510618693340117,D,冰点,4.2,-22.310618693340118,cold_no_mainline,风电 / 算力 / 电力
2026-03-10,46.73146972615606,C,中性/混沌,24.2,-22.531469726156057,mainline_replacement,通信 / 算力 / 地产链
2026-05-27,29.58359137103487,D,冰点,6.7,-22.88359137103487,cold_no_mainline,电力 / 元器件 / 芯片
2026-07-22,56.124023853516235,B,启动候选,32.5,-23.624023853516235,clear_single_mainline,电力 / 算力 / 医药
2026-09-08,69.64381193353528,A,分歧,45.8,-23.843811933535278,clear_single_mainline,农业 / 文化传媒 / 通信
2026-09-14,48.87524456613782,C,退潮,25.0,-23.875244566137823,scattered_no_mainline,AI应用 / 通信 / 汽车类
2026-08-25,44.41079140909111,C,修复,20.0,-24.41079140909111,clear_single_mainline,医药 / 算力 / 农业
2026-08-27,82.35906626971097,S,修复,57.5,-24.859066269710965,multiple_mainlines,通信 / 医药 / 农业
2026-03-23,34.72906907805774,D,冰点,9.2,-25.52906907805774,cold_no_mainline,电力 / 并购重组 / 风电
2026-09-02,35.77166748205036,C,退潮,9.2,-26.571667482050362,scattered_no_mainline,AI应用 / 算力 / 化工
2026-09-15,33.35083051227521,D,冰点,6.7,-26.65083051227521,cold_no_mainline,风电 / AI应用 / 通信
2026-09-30,51.17746599488962,B,中性/混沌,23.3,-27.877465994889622,scattered_no_mainline,并购重组 / 锂电池 / 机器人概念
2026-05-26,31.787676980981935,D,冰点,3.3,-28.487676980981934,cold_no_mainline,有色金属 / 芯片 / 通信
2026-03-20,40.36440397050785,C,退潮,11.7,-28.664403970507852,scattered_no_mainline,风电 / 地产链 / 电力
2026-09-22,60.63388027866945,B,退潮,30.8,-29.83388027866945,scattered_no_mainline,AI应用 / PCB / 医药
2026-02-06,44.18859981879221,C,修复,13.3,-30.888599818792212,scattered_no_mainline,并购重组 / 化工 / 通信
2026-04-21,42.71407576618584,C,退潮,10.8,-31.914075766185842,clear_single_mainline,商业航天 / 一季报增长 / 汽车零部件
2026-02-04,49.86348885768821,C,退潮,17.5,-32.36348885768821,scattered_no_mainline,光伏 / 地产链 / 煤炭
2026-03-13,54.87843387782665,B,中性/混沌,20.8,-34.078433877826654,scattered_no_mainline,化工 / 电力 / 风电
2026-08-13,70.88589435496922,A,分歧,35.8,-35.08589435496923,clear_single_mainline,医药 / 机器人概念 / 食品饮料
2026-09-17,39.585977837169686,C,中性/混沌,3.3,-36.28597783716969,cold_no_mainline,通信 / 机器人概念 / 芯片
2026-02-02,42.375461677149204,C,修复,4.2,-38.1754616771492,cold_no_mainline,智能电网 / 人工智能 / 通信
2026-04-10,61.21416332322928,B,启动候选,19.2,-42.01416332322928,scattered_no_mainline,算力 / 芯片 / 锂电池
2026-08-26,50.52962375428292,B,启动候选,8.3,-42.229623754282926,clear_single_mainline,黄金 / 中报增长 / 通信
2026-09-21,88.32418676583147,S,修复,45.0,-43.32418676583147,mainline_replacement,医药 / 地产链 / 元器件
2026-02-03,64.92336247517085,B,启动候选,20.0,-44.92336247517085,scattered_no_mainline,商业航天 / 化工 / 黄金
2026-03-11,55.87663884473274,B,启动候选,10.8,-45.07663884473274,scattered_no_mainline,化工 / 农业 / 算力
2026-04-23,58.988146008712384,B,修复,13.3,-45.68814600871238,scattered_no_mainline,商业航天 / 一季报增长 / 绿色电力
2026-03-17,70.05640905345211,A,启动候选,10.0,-60.056409053452114,clear_single_mainline,化工 / 地产链 / 通信
2026-09-18,71.07684608399853,A,启动候选,7.5,-63.57684608399853,cold_no_mainline,芯片 / 地产链 / 机器人概念
