from,to,count,denominator,probability
S,S,0,12,0.0
S,A,4,12,0.3333333333333333
S,B,4,12,0.3333333333333333
S,C,2,12,0.16666666666666666
S,D,2,12,0.16666666666666666
A,S,2,23,0.08695652173913043
A,A,1,23,0.043478260869565216
A,B,6,23,0.2608695652173913
A,C,8,23,0.34782608695652173
A,D,6,23,0.2608695652173913
B,S,5,37,0.13513513513513514
B,A,7,37,0.1891891891891892
B,B,7,37,0.1891891891891892
B,C,7,37,0.1891891891891892
B,D,11,37,0.2972972972972973
C,S,4,49,0.08163265306122448
C,A,7,49,0.14285714285714285
C,B,6,49,0.12244897959183673
C,C,18,49,0.3673469387755102
C,D,14,49,0.2857142857142857
D,S,1,59,0.01694915254237288
D,A,4,59,0.06779661016949153
D,B,15,59,0.2542372881355932
D,C,13,59,0.22033898305084745
D,D,26,59,0.4406779661016949
