month,module,mean,valid_n
2026-01,M1,37.89088325232978,20
2026-01,M2,56.363286803733914,20
2026-01,M3,54.34138536214884,20
2026-01,M4,60.69251111582103,20
2026-01,M5,69.4666636569743,20
2026-02,M1,41.757090312317146,14
2026-02,M2,51.37709465813889,14
2026-02,M3,51.15245894025072,14
2026-02,M4,64.4201936196302,14
2026-02,M5,11.554889885411816,14
2026-03,M1,27.79399506217128,22
2026-03,M2,45.63716985764407,22
2026-03,M3,43.05605698831664,22
2026-03,M4,57.009427961961336,22
2026-03,M5,33.807745939550664,22
2026-04,M1,29.636567859399285,21
2026-04,M2,51.01994638347676,21
2026-04,M3,47.530548180079435,21
2026-04,M4,73.47271230925908,21
2026-04,M5,60.647138250355795,21
2026-05,M1,31.10370906781572,18
2026-05,M2,54.374344867785865,18
2026-05,M3,53.325862489308534,18
2026-05,M4,73.00134007579643,18
2026-05,M5,71.21196981460984,18
2026-06,M1,11.506937432344975,21
2026-06,M2,44.32444772032214,21
2026-06,M3,51.52357138841197,21
2026-06,M4,67.44164566731787,21
2026-06,M5,47.04333737274959,21
2026-07,M1,23.30575895983433,23
2026-07,M2,37.92895271959921,23
2026-07,M3,42.05607869289987,23
2026-07,M4,50.975578364742,23
2026-07,M5,20.28122293150048,23
2026-08,M1,42.08805821656605,21
2026-08,M2,53.12186861725639,21
2026-08,M3,65.44778457195396,21
2026-08,M4,64.45738485764836,21
2026-08,M5,31.826850233409793,21
2026-09,M1,44.78077281807803,21
2026-09,M2,48.8927591280327,21
2026-09,M3,46.27744017223956,21
2026-09,M4,51.80263845434688,21
2026-09,M5,24.719660551294417,21
