trade_date,pseudocount,score5,grade5,phase
2026-01-05,2,38.69740500326264,C,退潮
2026-01-06,2,98.66347874243594,S,修复
2026-01-07,2,55.71762823995808,B,退潮
2026-01-08,2,94.49749954523055,S,修复
2026-01-09,2,75.13286497529454,A,分歧
2026-01-12,2,97.54426275750502,S,修复
2026-01-13,2,38.75596975484307,C,退潮
2026-01-14,2,73.42296186536923,A,修复
2026-01-15,2,15.481684385534441,D,冰点
2026-01-16,2,10.352360786232992,D,冰点
2026-01-19,2,39.50201740273742,C,退潮
2026-01-20,2,39.36455679972076,C,中性/混沌
2026-01-21,2,42.22126620208518,C,退潮
2026-01-22,2,64.70327992836447,B,启动候选
2026-01-23,2,58.03826562816195,B,退潮
2026-01-26,2,15.597556058455423,D,冰点
2026-01-27,2,58.99675480321452,B,启动候选
2026-01-28,2,72.68419571069253,A,修复
2026-01-29,2,58.17130720510144,B,退潮
2026-01-30,2,6.730277512632193,D,冰点
2026-02-02,2,39.38839775075495,C,修复
2026-02-03,2,71.52642528025132,A,启动候选
2026-02-04,2,51.17720624115956,B,退潮
2026-02-05,2,15.838163832897635,D,冰点
2026-02-06,2,40.60778152571803,C,修复
2026-02-09,2,70.31341655780903,A,启动候选
2026-02-10,2,28.170024012610416,D,冰点
2026-02-11,2,44.46646471578108,C,退潮
2026-02-12,2,42.1090190642817,C,中性/混沌
2026-02-13,2,8.165741870306569,D,冰点
2026-02-24,2,58.20125368897999,B,启动候选
2026-02-25,2,76.0950896140785,A,修复
2026-02-26,2,46.53472256391333,C,分歧
2026-02-27,2,73.26362560857496,A,启动候选
2026-03-02,2,42.475433667594444,C,退潮
2026-03-03,2,30.7291413021617,D,冰点
2026-03-04,2,14.55630415604305,D,冰点
2026-03-05,2,18.232418736616072,D,冰点
2026-03-06,2,51.728082665890454,B,启动候选
2026-03-09,2,40.5074350914988,C,退潮
2026-03-10,2,45.77958873175105,C,中性/混沌
2026-03-11,2,56.44491230215094,B,启动候选
2026-03-12,2,53.37791350005747,B,中性/混沌
2026-03-13,2,56.7314857936039,B,中性/混沌
2026-03-16,2,17.68987672798763,D,冰点
2026-03-17,2,71.5117387989029,A,启动候选
2026-03-18,2,27.516999473757263,D,冰点
2026-03-19,2,22.36577989530421,D,冰点
2026-03-20,2,46.24014292741528,C,退潮
2026-03-23,2,34.7148220623334,D,冰点
2026-03-24,2,60.78300334421668,B,启动候选
2026-03-25,2,88.88856781969541,S,修复
2026-03-26,2,25.207844313985426,D,冰点
2026-03-27,2,32.65909778581928,D,冰点
2026-03-30,2,28.643122106759982,D,冰点
2026-03-31,2,16.809784234014476,D,冰点
2026-04-01,2,21.432276114238007,D,冰点
2026-04-02,2,67.50506882692518,A,启动候选
2026-04-03,2,15.854144525564509,D,冰点
2026-04-07,2,76.52465639866658,A,启动候选
2026-04-08,2,57.34841714423203,B,分歧
2026-04-09,2,36.42943929530219,C,分歧
2026-04-10,2,62.28150242999527,B,启动候选
2026-04-13,2,50.80458589715669,B,分歧
2026-04-14,2,75.54392218439907,A,修复
2026-04-15,2,41.306597822632604,C,退潮
2026-04-16,2,47.04952113462968,C,修复
2026-04-17,2,88.88929179187045,S,修复
2026-04-20,2,56.94422107170073,B,分歧
2026-04-21,2,43.84262926339259,C,退潮
2026-04-22,2,45.454071543913315,C,中性/混沌
2026-04-23,2,60.97398459719507,B,修复
2026-04-24,2,11.497355953420454,D,冰点
2026-04-27,2,35.33455745549754,C,退潮
2026-04-28,2,52.28791575674083,B,启动候选
2026-04-29,2,43.14600076020596,C,中性/混沌
2026-04-30,2,58.7635033597846,B,启动候选
2026-05-06,2,80.40344275692043,S,修复
2026-05-07,2,56.76750771579249,B,分歧
2026-05-08,2,58.011905216220555,B,中性/混沌
2026-05-11,2,72.4769135082761,A,修复
2026-05-12,2,61.168974427715824,B,退潮
2026-05-13,2,76.5615531957222,A,强势
2026-05-14,2,28.350842485552853,D,冰点
2026-05-15,2,29.920855202445676,D,冰点
2026-05-18,2,75.56597572170107,A,启动候选
2026-05-19,2,74.40976678827923,A,强势
2026-05-20,2,53.81225544178615,B,退潮
2026-05-21,2,12.861479273079972,D,冰点
2026-05-22,2,77.99600381436642,A,启动候选
2026-05-25,2,49.957674995622966,C,退潮
2026-05-26,2,31.611331877831375,D,冰点
2026-05-27,2,29.905824014519997,D,冰点
2026-05-28,2,67.58314785694958,A,启动候选
2026-05-29,2,23.548343826309637,D,冰点
2026-06-01,2,54.62108120071666,B,启动候选
2026-06-02,2,19.90588717524227,D,冰点
2026-06-03,2,35.87257421148622,C,修复
2026-06-04,2,42.71296657275127,C,退潮
2026-06-05,2,14.859300964636699,D,冰点
2026-06-08,2,55.638750704037676,B,启动候选
2026-06-09,2,40.47801342582946,C,中性/混沌
2026-06-10,2,21.004432750471555,D,冰点
2026-06-11,2,18.244706235227206,D,冰点
2026-06-12,2,28.142297427644756,D,冰点
2026-06-15,2,53.15941630134847,B,启动候选
2026-06-16,2,68.03520532777276,A,修复
2026-06-17,2,47.00527475819779,C,分歧
2026-06-18,2,40.706157682755745,C,退潮
2026-06-22,2,87.52941295732353,S,启动候选
2026-06-23,2,43.295215242150284,C,退潮
2026-06-24,2,44.35654296964235,C,退潮
2026-06-25,2,41.11750242038744,C,退潮
2026-06-26,2,43.076258850764404,C,中性/混沌
2026-06-29,2,17.133799725480202,D,冰点
2026-06-30,2,54.88282221140923,B,启动候选
2026-07-01,2,55.89856837417148,B,中性/混沌
2026-07-02,2,33.58402977949068,D,冰点
2026-07-03,2,28.675365051368768,D,冰点
2026-07-06,2,10.55498520914459,D,冰点
2026-07-07,2,10.03537039027453,D,冰点
2026-07-08,2,29.857175813124115,D,冰点
2026-07-09,2,41.080475959059555,C,修复
2026-07-10,2,40.20268405894246,C,中性/混沌
2026-07-13,2,21.334901488595946,D,冰点
2026-07-14,2,18.241441088876204,D,冰点
2026-07-15,2,57.80147148287804,B,启动候选
2026-07-16,2,7.140296964839996,D,冰点
2026-07-17,2,22.79953520052034,D,冰点
2026-07-20,2,5.070658715010798,D,冰点
2026-07-21,2,33.058533401875565,D,冰点
2026-07-22,2,65.7248819928633,A,启动候选
2026-07-23,2,84.80194787655293,S,修复
2026-07-24,2,15.616481542700544,D,冰点
2026-07-27,2,57.08308874579289,B,启动候选
2026-07-28,2,43.538083317572294,C,分歧
2026-07-29,2,30.4945565185559,D,冰点
2026-07-30,2,30.345957689021525,D,冰点
2026-07-31,2,67.16289882885242,A,启动候选
2026-08-03,2,70.00415965490228,A,扩散
2026-08-04,2,89.62613210618008,S,修复
2026-08-05,2,54.60439932899156,B,分歧
2026-08-06,2,77.54630834369523,A,修复
2026-08-07,2,42.42279789169859,C,退潮
2026-08-10,2,44.50968965620952,C,退潮
2026-08-11,2,43.573850562694524,C,退潮
2026-08-12,2,86.3572326751657,S,修复
2026-08-13,2,72.44739181318901,A,分歧
2026-08-14,2,16.924115752483537,D,冰点
2026-08-17,2,72.00448462941661,A,启动候选
2026-08-18,2,40.73885962709368,C,退潮
2026-08-19,2,10.302234220936603,D,冰点
2026-08-20,2,20.566175018557132,D,冰点
2026-08-21,2,26.45839191422575,D,冰点
2026-08-24,2,34.550909331903945,D,冰点
2026-08-25,2,46.52830364654588,C,修复
2026-08-26,2,49.36684782786279,C,中性/混沌
2026-08-27,2,83.60535377965523,S,启动候选
2026-08-28,2,78.97341150466818,A,强势
2026-08-31,2,45.04175744636036,C,退潮
2026-09-01,2,72.36924097340923,A,修复
2026-09-02,2,33.40626073044748,D,冰点
2026-09-03,2,19.07889049142525,D,冰点
2026-09-04,2,22.978800622665094,D,冰点
2026-09-07,2,87.81999024573872,S,启动候选
2026-09-08,2,71.2605584028089,A,分歧
2026-09-09,2,20.600986553014277,D,冰点
2026-09-10,2,10.057285143767189,D,冰点
2026-09-11,2,19.61311385124204,D,冰点
2026-09-14,2,50.21436089527093,B,启动候选
2026-09-15,2,35.172380901251664,C,退潮
2026-09-16,2,63.73668439243978,B,启动候选
2026-09-17,2,36.65152994081253,C,中性/混沌
2026-09-18,2,71.74552059340446,A,启动候选
2026-09-21,2,89.57047427577574,S,修复
2026-09-22,2,60.02425050557014,B,退潮
2026-09-23,2,22.80906879241539,D,冰点
2026-09-24,2,35.99200469084875,C,中性/混沌
2026-09-28,2,6.912477962674998,D,冰点
2026-09-29,2,55.91220805728354,B,启动候选
2026-09-30,2,53.810510423459,B,中性/混沌
2026-01-05,5,44.19500769300668,C,退潮
2026-01-06,5,98.66347874243594,S,修复
2026-01-07,5,55.67160901210015,B,退潮
2026-01-08,5,94.14933572413152,S,修复
2026-01-09,5,74.0322949492983,A,分歧
2026-01-12,5,97.31429228912432,S,修复
2026-01-13,5,40.126442716662034,C,退潮
2026-01-14,5,73.97306648867455,A,修复
2026-01-15,5,15.042744510513007,D,冰点
2026-01-16,5,10.352360786232992,D,冰点
2026-01-19,5,43.22233188689386,C,退潮
2026-01-20,5,40.03881547125645,C,中性/混沌
2026-01-21,5,44.61766217514223,C,退潮
2026-01-22,5,66.92301190014061,A,启动候选
2026-01-23,5,56.76212939974223,B,退潮
2026-01-26,5,16.2852503874013,D,冰点
2026-01-27,5,54.70412889657387,B,启动候选
2026-01-28,5,66.2360224629562,A,修复
2026-01-29,5,60.08758406805433,B,退潮
2026-01-30,5,6.806836646983371,D,冰点
2026-02-02,5,42.375461677149204,C,修复
2026-02-03,5,64.92336247517085,B,启动候选
2026-02-04,5,49.86348885768821,C,退潮
2026-02-05,5,17.10762175704562,D,冰点
2026-02-06,5,44.18859981879221,C,修复
2026-02-09,5,68.0588233349576,A,启动候选
2026-02-10,5,29.644068176700518,D,冰点
2026-02-11,5,38.88897463744491,C,退潮
2026-02-12,5,44.83650565646082,C,中性/混沌
2026-02-13,5,9.996212507831254,D,冰点
2026-02-24,5,52.94167366485687,B,启动候选
2026-02-25,5,68.8866140295503,A,修复
2026-02-26,5,48.24406182764858,C,分歧
2026-02-27,5,69.70210781137067,A,启动候选
2026-03-02,5,50.19308392488192,B,退潮
2026-03-03,5,37.898070526665414,C,退潮
2026-03-04,5,14.97894785115734,D,冰点
2026-03-05,5,18.232418736616072,D,冰点
2026-03-06,5,46.39938442618416,C,退潮
2026-03-09,5,40.14921943188747,C,退潮
2026-03-10,5,46.73146972615606,C,中性/混沌
2026-03-11,5,55.87663884473274,B,启动候选
2026-03-12,5,53.48858115011968,B,中性/混沌
2026-03-13,5,54.87843387782665,B,中性/混沌
2026-03-16,5,22.205416657323113,D,冰点
2026-03-17,5,70.05640905345211,A,启动候选
2026-03-18,5,31.755341771537033,D,冰点
2026-03-19,5,26.510618693340117,D,冰点
2026-03-20,5,40.36440397050785,C,退潮
2026-03-23,5,34.72906907805774,D,冰点
2026-03-24,5,59.20501842911526,B,启动候选
2026-03-25,5,86.95887125580242,S,修复
2026-03-26,5,24.469789807443306,D,冰点
2026-03-27,5,34.14566332043317,D,冰点
2026-03-30,5,28.702739331466322,D,冰点
2026-03-31,5,17.209659363797353,D,冰点
2026-04-01,5,22.7008041904781,D,冰点
2026-04-02,5,54.9578914044509,B,启动候选
2026-04-03,5,17.95015780796257,D,冰点
2026-04-07,5,63.84934830005333,B,启动候选
2026-04-08,5,60.919238840192975,B,中性/混沌
2026-04-09,5,38.10305583139451,C,中性/混沌
2026-04-10,5,61.21416332322928,B,启动候选
2026-04-13,5,49.77899068882879,C,退潮
2026-04-14,5,69.96509298009843,A,修复
2026-04-15,5,45.51843620579845,C,退潮
2026-04-16,5,47.00743035022733,C,中性/混沌
2026-04-17,5,82.64131710783033,S,修复
2026-04-20,5,61.703072421940995,B,退潮
2026-04-21,5,42.71407576618584,C,退潮
2026-04-22,5,49.50661057831123,C,修复
2026-04-23,5,58.988146008712384,B,修复
2026-04-24,5,15.012211609346494,D,冰点
2026-04-27,5,35.92679936534896,C,退潮
2026-04-28,5,49.585404983992085,C,修复
2026-04-29,5,45.83970228316687,C,中性/混沌
2026-04-30,5,57.56481942877857,B,启动候选
2026-05-06,5,78.95778400051213,A,修复
2026-05-07,5,56.42492501145927,B,分歧
2026-05-08,5,60.904701442414584,B,中性/混沌
2026-05-11,5,70.90571971709451,A,修复
2026-05-12,5,61.27367210840105,B,退潮
2026-05-13,5,76.60986297847346,A,强势
2026-05-14,5,32.7902567222625,D,冰点
2026-05-15,5,30.565729904012663,D,冰点
2026-05-18,5,69.83719808817236,A,启动候选
2026-05-19,5,73.58001339333005,A,扩散
2026-05-20,5,48.00739086029199,C,退潮
2026-05-21,5,12.861479273079972,D,冰点
2026-05-22,5,74.26500715453511,A,启动候选
2026-05-25,5,50.97195826062685,B,分歧
2026-05-26,5,31.787676980981935,D,冰点
2026-05-27,5,29.58359137103487,D,冰点
2026-05-28,5,63.04530699353253,B,启动候选
2026-05-29,5,25.375060363849236,D,冰点
2026-06-01,5,54.16233850270831,B,启动候选
2026-06-02,5,20.827560218518517,D,冰点
2026-06-03,5,35.31794027431552,C,修复
2026-06-04,5,42.73891736239816,C,退潮
2026-06-05,5,14.859300964636699,D,冰点
2026-06-08,5,49.06131561656175,C,退潮
2026-06-09,5,39.228874084414876,C,中性/混沌
2026-06-10,5,22.170187091042564,D,冰点
2026-06-11,5,22.287516206893766,D,冰点
2026-06-12,5,28.630901939784952,D,冰点
2026-06-15,5,52.18564400467474,B,启动候选
2026-06-16,5,68.4502288087777,A,修复
2026-06-17,5,47.44035339428058,C,分歧
2026-06-18,5,39.637634877657845,C,退潮
2026-06-22,5,85.1422718184519,S,启动候选
2026-06-23,5,43.3005307678763,C,退潮
2026-06-24,5,43.758611583411835,C,退潮
2026-06-25,5,40.984882885906956,C,退潮
2026-06-26,5,37.56861692786878,C,中性/混沌
2026-06-29,5,17.59165502654217,D,冰点
2026-06-30,5,54.88282221140923,B,启动候选
2026-07-01,5,55.90477379113911,B,中性/混沌
2026-07-02,5,32.69411817494711,D,冰点
2026-07-03,5,30.87973963553213,D,冰点
2026-07-06,5,10.631544343495769,D,冰点
2026-07-07,5,11.332948937180104,D,冰点
2026-07-08,5,30.39116302377664,D,冰点
2026-07-09,5,42.27137809616409,C,修复
2026-07-10,5,37.520187591064236,C,中性/混沌
2026-07-13,5,20.851868152358037,D,冰点
2026-07-14,5,18.343140081263684,D,冰点
2026-07-15,5,50.34566887977734,B,启动候选
2026-07-16,5,9.28777805375942,D,冰点
2026-07-17,5,24.27407815884776,D,冰点
2026-07-20,5,11.449539894470409,D,冰点
2026-07-21,5,31.961099430280715,D,冰点
2026-07-22,5,56.124023853516235,B,启动候选
2026-07-23,5,84.13137861074757,S,修复
2026-07-24,5,19.51836485814731,D,冰点
2026-07-27,5,54.32597719162995,B,启动候选
2026-07-28,5,44.22642166186003,C,分歧
2026-07-29,5,34.60298864842718,D,冰点
2026-07-30,5,29.62426724600379,D,冰点
2026-07-31,5,64.25401459378263,B,启动候选
2026-08-03,5,62.50024796914,B,中性/混沌
2026-08-04,5,87.6297476181166,S,修复
2026-08-05,5,59.50523525640186,B,分歧
2026-08-06,5,73.46348751776144,A,修复
2026-08-07,5,44.34899236608388,C,退潮
2026-08-10,5,47.23410509652867,C,退潮
2026-08-11,5,44.27630739743969,C,退潮
2026-08-12,5,86.3572326751657,S,修复
2026-08-13,5,70.88589435496922,A,分歧
2026-08-14,5,18.19146405877272,D,冰点
2026-08-17,5,71.84099824668803,A,启动候选
2026-08-18,5,44.79383831831773,C,退潮
2026-08-19,5,10.920492955914796,D,冰点
2026-08-20,5,20.33178110531227,D,冰点
2026-08-21,5,26.263363240585647,D,冰点
2026-08-24,5,30.908839622472634,D,冰点
2026-08-25,5,44.41079140909111,C,修复
2026-08-26,5,50.52962375428292,B,启动候选
2026-08-27,5,82.35906626971097,S,修复
2026-08-28,5,76.25338227495648,A,分歧
2026-08-31,5,45.697327184963335,C,退潮
2026-09-01,5,70.03303528832264,A,修复
2026-09-02,5,35.77166748205036,C,退潮
2026-09-03,5,19.219985674615604,D,冰点
2026-09-04,5,21.947941791081096,D,冰点
2026-09-07,5,81.24286173114821,S,启动候选
2026-09-08,5,69.64381193353528,A,分歧
2026-09-09,5,23.60178549484987,D,冰点
2026-09-10,5,12.1229446355736,D,冰点
2026-09-11,5,24.116869000113475,D,冰点
2026-09-14,5,48.87524456613782,C,退潮
2026-09-15,5,33.35083051227521,D,冰点
2026-09-16,5,64.47843060580914,B,启动候选
2026-09-17,5,39.585977837169686,C,中性/混沌
2026-09-18,5,71.07684608399853,A,启动候选
2026-09-21,5,88.32418676583147,S,修复
2026-09-22,5,60.63388027866945,B,退潮
2026-09-23,5,27.31813585064915,D,冰点
2026-09-24,5,36.99393840007373,C,中性/混沌
2026-09-28,5,11.253934590190358,D,冰点
2026-09-29,5,53.567439532975754,B,启动候选
2026-09-30,5,51.17746599488962,B,中性/混沌
2026-01-05,10,47.91085298827232,C,退潮
2026-01-06,10,97.61750380496042,S,修复
2026-01-07,10,56.07000374249549,B,退潮
2026-01-08,10,90.80037341379742,S,修复
2026-01-09,10,73.14997611911365,A,分歧
2026-01-12,10,96.44190652492871,S,修复
2026-01-13,10,41.42737217626139,C,退潮
2026-01-14,10,73.77564347381677,A,修复
2026-01-15,10,15.249343029920446,D,冰点
2026-01-16,10,12.84076551740334,D,冰点
2026-01-19,10,46.32059961368268,C,退潮
2026-01-20,10,40.26918414788057,C,分歧
2026-01-21,10,46.20606623954551,C,退潮
2026-01-22,10,65.1258169845634,A,启动候选
2026-01-23,10,57.32532501204405,B,退潮
2026-01-26,10,23.173765741695348,D,冰点
2026-01-27,10,52.30732199678539,B,启动候选
2026-01-28,10,62.24511744768968,B,修复
2026-01-29,10,60.94968625793379,B,中性/混沌
2026-01-30,10,8.725287483835992,D,冰点
2026-02-02,10,41.25135311747201,C,修复
2026-02-03,10,58.847630352255905,B,启动候选
2026-02-04,10,49.51300569299648,C,退潮
2026-02-05,10,22.36146778493679,D,冰点
2026-02-06,10,43.87407867290861,C,修复
2026-02-09,10,63.918120008394446,B,启动候选
2026-02-10,10,35.02675675581574,C,退潮
2026-02-11,10,36.504506532082004,C,退潮
2026-02-12,10,45.80557896791852,C,中性/混沌
2026-02-13,10,12.565189380646016,D,冰点
2026-02-24,10,50.32251350160725,B,启动候选
2026-02-25,10,64.61920261183893,B,修复
2026-02-26,10,50.19144215696978,B,中性/混沌
2026-02-27,10,65.05360507584601,A,修复
2026-03-02,10,54.36838252577425,B,退潮
2026-03-03,10,42.61198296578605,C,退潮
2026-03-04,10,15.594349704638221,D,冰点
2026-03-05,10,21.882692170251417,D,冰点
2026-03-06,10,42.129336073730585,C,退潮
2026-03-09,10,40.00549836050446,C,退潮
2026-03-10,10,50.197841386664805,B,中性/混沌
2026-03-11,10,54.866351899989766,B,中性/混沌
2026-03-12,10,52.27540005545241,B,中性/混沌
2026-03-13,10,52.603163380674715,B,中性/混沌
2026-03-16,10,27.835860851336594,D,冰点
2026-03-17,10,63.58731159266121,B,启动候选
2026-03-18,10,34.578414816225205,D,冰点
2026-03-19,10,29.754205846622845,D,冰点
2026-03-20,10,37.37019659579457,C,退潮
2026-03-23,10,35.193233163735236,C,中性/混沌
2026-03-24,10,57.43705928263903,B,启动候选
2026-03-25,10,80.23599658040526,S,修复
2026-03-26,10,24.561248841127398,D,冰点
2026-03-27,10,35.383959432504525,C,修复
2026-03-30,10,29.794683083939127,D,冰点
2026-03-31,10,22.218109795705043,D,冰点
2026-04-01,10,26.911386947981303,D,冰点
2026-04-02,10,46.72578058095127,C,修复
2026-04-03,10,23.55719275449055,D,冰点
2026-04-07,10,55.90650425419831,B,启动候选
2026-04-08,10,61.296281586662865,B,修复
2026-04-09,10,40.67834635380965,C,中性/混沌
2026-04-10,10,59.519470563667895,B,启动候选
2026-04-13,10,49.82126693688228,C,退潮
2026-04-14,10,65.27789044041977,A,修复
2026-04-15,10,47.28077097927108,C,退潮
2026-04-16,10,48.55016204355125,C,中性/混沌
2026-04-17,10,74.92536611185753,A,修复
2026-04-20,10,63.72566193822129,B,分歧
2026-04-21,10,44.277641354960444,C,退潮
2026-04-22,10,51.88703473236874,B,修复
2026-04-23,10,55.634788000976805,B,中性/混沌
2026-04-24,10,19.84269515487998,D,冰点
2026-04-27,10,36.61864177867192,C,退潮
2026-04-28,10,47.70088499696083,C,修复
2026-04-29,10,48.727258771613975,C,中性/混沌
2026-04-30,10,56.32573613135772,B,启动候选
2026-05-06,10,77.78022714056871,A,修复
2026-05-07,10,59.460563112066524,B,分歧
2026-05-08,10,61.634873411244065,B,中性/混沌
2026-05-11,10,70.17529587837801,A,修复
2026-05-12,10,61.22756664984103,B,分歧
2026-05-13,10,75.99319795712721,A,强势
2026-05-14,10,37.28360332629779,C,退潮
2026-05-15,10,33.754765710680374,D,冰点
2026-05-18,10,62.37262411434899,B,启动候选
2026-05-19,10,70.90968203130446,A,修复
2026-05-20,10,45.11475649581962,C,退潮
2026-05-21,10,15.31322196714398,D,冰点
2026-05-22,10,68.72493312683993,A,启动候选
2026-05-25,10,50.7230480712917,B,分歧
2026-05-26,10,33.41682838635497,D,冰点
2026-05-27,10,29.008864713082033,D,冰点
2026-05-28,10,57.85021796356819,B,启动候选
2026-05-29,10,27.0201287241852,D,冰点
2026-06-01,10,52.36130533098946,B,启动候选
2026-06-02,10,26.443927286588714,D,冰点
2026-06-03,10,37.26552429992998,C,修复
2026-06-04,10,42.7242382584984,C,退潮
2026-06-05,10,17.16318868958157,D,冰点
2026-06-08,10,46.10131398723921,C,退潮
2026-06-09,10,42.38470413967746,C,中性/混沌
2026-06-10,10,23.27770250930882,D,冰点
2026-06-11,10,26.546141723445285,D,冰点
2026-06-12,10,30.78411557889006,D,冰点
2026-06-15,10,51.56068179776633,B,启动候选
2026-06-16,10,67.21555565386141,A,修复
2026-06-17,10,52.41503419558473,B,分歧
2026-06-18,10,38.54941009173328,C,退潮
2026-06-22,10,83.48649878870928,S,启动候选
2026-06-23,10,47.14091308505153,C,分歧
2026-06-24,10,44.95153259795638,C,退潮
2026-06-25,10,44.75920847596229,C,退潮
2026-06-26,10,36.53989009292892,C,退潮
2026-06-29,10,25.59630299062628,D,冰点
2026-06-30,10,53.634712412896725,B,启动候选
2026-07-01,10,55.89887771712131,B,中性/混沌
2026-07-02,10,31.72778953233046,D,冰点
2026-07-03,10,33.9521949058357,D,冰点
2026-07-06,10,12.668423501011077,D,冰点
2026-07-07,10,16.41869443790773,D,冰点
2026-07-08,10,30.71160763570255,D,冰点
2026-07-09,10,41.88288039579996,C,修复
2026-07-10,10,40.22872145310184,C,中性/混沌
2026-07-13,10,20.471507435215624,D,冰点
2026-07-14,10,18.94649184168265,D,冰点
2026-07-15,10,45.335689202158136,C,修复
2026-07-16,10,13.233916966096205,D,冰点
2026-07-17,10,26.48108057064087,D,冰点
2026-07-20,10,16.89094561493834,D,冰点
2026-07-21,10,33.01348512901773,D,冰点
2026-07-22,10,50.65176499358695,B,启动候选
2026-07-23,10,77.80829913877896,A,修复
2026-07-24,10,23.673925129905207,D,冰点
2026-07-27,10,53.122252592889055,B,启动候选
2026-07-28,10,43.33377490394351,C,分歧
2026-07-29,10,36.959995633160084,C,退潮
2026-07-30,10,30.399938472464086,D,冰点
2026-07-31,10,61.568179026414306,B,启动候选
2026-08-03,10,58.69439011647046,B,中性/混沌
2026-08-04,10,82.72809319636364,S,修复
2026-08-05,10,63.751686373361785,B,分歧
2026-08-06,10,71.30698569254615,A,修复
2026-08-07,10,46.86381900621216,C,退潮
2026-08-10,10,50.98069899992432,B,中性/混沌
2026-08-11,10,45.03874838964565,C,退潮
2026-08-12,10,82.26081306725398,S,修复
2026-08-13,10,68.64646555258872,A,分歧
2026-08-14,10,22.72780842005397,D,冰点
2026-08-17,10,70.06210227701114,A,启动候选
2026-08-18,10,47.49545754835826,C,退潮
2026-08-19,10,11.419242296095947,D,冰点
2026-08-20,10,20.523764716594144,D,冰点
2026-08-21,10,27.163834981931107,D,冰点
2026-08-24,10,30.178883016783303,D,冰点
2026-08-25,10,43.864730987984466,C,修复
2026-08-26,10,49.77221860935889,C,修复
2026-08-27,10,78.11071179885695,A,启动候选
2026-08-28,10,73.60809461727831,A,强势
2026-08-31,10,46.2152022640957,C,退潮
2026-09-01,10,67.54707267972461,A,修复
2026-09-02,10,37.51178286093179,C,退潮
2026-09-03,10,22.76387773839645,D,冰点
2026-09-04,10,20.993442872947767,D,冰点
2026-09-07,10,73.82132534143874,A,启动候选
2026-09-08,10,67.08944513194068,A,分歧
2026-09-09,10,28.9141175336528,D,冰点
2026-09-10,10,18.07526328648844,D,冰点
2026-09-11,10,27.63701584600652,D,冰点
2026-09-14,10,47.33312888228736,C,退潮
2026-09-15,10,32.74624307683081,D,冰点
2026-09-16,10,64.19817698461378,B,启动候选
2026-09-17,10,40.701537769536,C,中性/混沌
2026-09-18,10,67.68901380233352,A,启动候选
2026-09-21,10,85.48459777148325,S,修复
2026-09-22,10,61.05647662722757,B,分歧
2026-09-23,10,30.54581421686374,D,冰点
2026-09-24,10,37.996319367870285,C,中性/混沌
2026-09-28,10,16.065767230622622,D,冰点
2026-09-29,10,51.784373117082524,B,启动候选
2026-09-30,10,47.973884332334656,C,退潮
