grade5,structure,n,theme_heat_mean,score_mean
A,clear_single_mainline,10,58.410000000000004,70.84766220794162
A,cold_no_mainline,1,7.5,71.07684608399853
A,mainline_replacement,1,70.8,69.70210781137067
A,multiple_mainlines,11,84.85454545454546,72.21646698880366
B,clear_single_mainline,16,57.825,56.91922947652711
B,mainline_replacement,3,58.06666666666666,54.945943337226595
B,multiple_mainlines,6,78.33333333333333,58.06043975061389
B,scattered_no_mainline,13,42.48461538461538,57.786071812921286
C,clear_single_mainline,17,57.40588235294118,44.05107037541238
C,cold_no_mainline,2,3.75,40.98071975715945
C,mainline_replacement,6,44.56666666666666,44.440539699113025
C,multiple_mainlines,10,73.34,43.30587899247835
C,scattered_no_mainline,14,31.314285714285713,42.04571346992416
D,clear_single_mainline,16,42.5,22.65679105861309
D,cold_no_mainline,14,4.764285714285714,19.59959873523746
D,mainline_replacement,3,22.2,18.420473450717157
D,multiple_mainlines,2,60.0,26.168563689602948
D,scattered_no_mainline,24,27.820833333333336,23.08576121927966
S,clear_single_mainline,1,78.3,86.95887125580242
S,mainline_replacement,2,58.75,86.22778268828952
S,multiple_mainlines,7,85.60000000000001,87.21127036550197
S,scattered_no_mainline,2,92.9,92.51035570880083
