ts_code,trade_date,effective_name,regime,legacy_regime,historical_st,age,eligible,eligibility_reason,nominal_regime_ambiguous,cP,cH,cL,cU,cD
000584.SZ,20250624,工智退,n10,other,0,1812.0,True,eligible,False,24,26,24,26,22
000584.SZ,20250626,工智退,n10,other,0,1814.0,True,eligible,False,24,23,22,26,22
000584.SZ,20250702,工智退,n10,other,0,1818.0,True,eligible,False,24,25,23,26,22
000622.SZ,20250708,恒立退,n10,other,0,1822.0,True,eligible,False,15,16,15,17,14
000622.SZ,20250709,恒立退,n10,other,0,1823.0,True,eligible,False,15,16,15,17,14
000622.SZ,20250710,恒立退,n10,other,0,1824.0,True,eligible,False,15,16,15,17,14
002808.SZ,20260706,恒久退,n10,other,0,2062.0,True,eligible,False,24,25,22,26,22
002808.SZ,20260707,恒久退,n10,other,0,2063.0,True,eligible,False,24,23,22,26,22
300029.SZ,20260623,天龙退,n20,other,0,2053.0,True,eligible,False,18,19,16,22,14
300029.SZ,20260624,天龙退,n20,other,0,2054.0,True,eligible,False,17,17,15,20,14
300029.SZ,20260708,天龙退,n20,other,0,2064.0,True,eligible,False,13,14,12,16,10
600193.SH,20260611,退市创兴,n10,other,0,2046.0,True,eligible,False,15,16,15,17,14
600193.SH,20260622,退市创兴,n10,other,0,2052.0,True,eligible,False,15,16,14,17,14
600193.SH,20260623,退市创兴,n10,other,0,2053.0,True,eligible,False,15,16,14,17,14
600193.SH,20260624,退市创兴,n10,other,0,2054.0,True,eligible,False,15,16,14,17,14
600193.SH,20260625,退市创兴,n10,other,0,2055.0,True,eligible,False,15,15,14,17,14
600193.SH,20260626,退市创兴,n10,other,0,2056.0,True,eligible,False,15,16,14,17,14
600225.SH,20250214,退市卓朗,n10,other,0,1725.0,True,eligible,False,24,24,23,26,22
600225.SH,20250221,退市卓朗,n10,other,0,1730.0,True,eligible,False,24,25,23,26,22
600225.SH,20250224,退市卓朗,n10,other,0,1731.0,True,eligible,False,24,24,23,26,22
600462.SH,20250627,退市九有,n10,other,0,1815.0,True,eligible,False,15,16,15,17,14
600462.SH,20250630,退市九有,n10,other,0,1816.0,True,eligible,False,15,16,15,17,14
600462.SH,20250701,退市九有,n10,other,0,1817.0,True,eligible,False,15,16,15,17,14
600462.SH,20250702,退市九有,n10,other,0,1818.0,True,eligible,False,15,16,14,17,14
600462.SH,20250703,退市九有,n10,other,0,1819.0,True,eligible,False,15,17,15,17,14
600804.SH,20250626,退市鹏博,n10,other,0,1814.0,True,eligible,False,15,16,14,17,14
600804.SH,20250627,退市鹏博,n10,other,0,1815.0,True,eligible,False,15,16,14,17,14
600804.SH,20250630,退市鹏博,n10,other,0,1816.0,True,eligible,False,15,16,14,17,14
