trade_date,ts_code,prev_height,return,close_cents,reference_close_cents,H2L,limit_down,promoted,outcome,recorded_outcome
2026-09-09,000759.SZ,2,0.10000000000000009,847.0,770.0,False,False,True,100,100.0
2026-09-09,000978.SZ,2,0.09987515605493136,881.0,801.0,False,False,True,100,100.0
2026-09-09,002172.SZ,2,-0.04125736738703334,488.0,509.0,False,False,False,35,35.0
2026-09-09,002403.SZ,4,-0.09084249084249085,1241.0,1365.0,False,False,False,15,15.0
2026-09-09,002470.SZ,2,0.09881422924901195,278.0,253.0,False,False,True,100,100.0
2026-09-09,002579.SZ,2,-0.014654161781946118,1681.0,1706.0,False,False,False,35,35.0
2026-09-09,002702.SZ,3,-0.050073637702503615,645.0,679.0,False,False,False,15,15.0
2026-09-09,002909.SZ,2,-0.012614678899082743,861.0,872.0,False,False,False,35,35.0
2026-09-09,002980.SZ,2,0.03394657840043114,13432.0,12991.0,False,False,False,75,75.0
2026-09-09,600108.SH,4,0.08143939393939381,571.0,528.0,False,False,False,75,75.0
2026-09-09,600354.SH,3,0.04770992366412208,1098.0,1048.0,False,False,False,75,75.0
2026-09-09,600865.SH,4,0.09970887918486171,1511.0,1374.0,False,False,True,100,100.0
2026-09-09,601595.SH,2,-0.008373732921992172,2250.0,2269.0,False,False,False,35,35.0
2026-09-09,601949.SH,3,-0.052482269503546064,668.0,705.0,False,False,False,15,15.0
2026-09-09,603042.SH,2,0.10017678255745444,1867.0,1697.0,False,False,True,100,100.0
2026-09-09,603626.SH,2,-0.07376671277086222,2009.0,2169.0,False,False,False,15,15.0
2026-09-09,603679.SH,2,-0.03556405353728487,2522.0,2615.0,False,False,False,35,35.0
2026-09-09,603823.SH,2,-0.08552631578947367,5838.0,6384.0,False,False,False,15,15.0
2026-09-09,603999.SH,2,-0.07818930041152272,672.0,729.0,False,False,False,15,15.0
2026-09-10,000523.SZ,2,0.022935779816513735,446.0,436.0,False,False,False,75,75.0
2026-09-10,000759.SZ,3,0.02597402597402576,869.0,847.0,False,False,False,75,75.0
2026-09-10,000912.SZ,2,-0.10000000000000009,468.0,520.0,False,True,False,0,0.0
2026-09-10,000930.SZ,2,0.014040561622464809,650.0,641.0,False,False,False,75,75.0
2026-09-10,000978.SZ,3,0.0998864926220202,969.0,881.0,False,False,True,100,100.0
2026-09-10,000980.SZ,2,-0.044554455445544594,193.0,202.0,False,False,False,35,35.0
2026-09-10,002068.SZ,2,0.02897102897102899,1030.0,1001.0,False,False,False,75,75.0
2026-09-10,002295.SZ,2,0.06390328151986191,1232.0,1158.0,False,False,False,75,75.0
2026-09-10,002349.SZ,2,-0.08099352051835851,851.0,926.0,False,False,False,15,15.0
2026-09-10,002470.SZ,3,-0.09712230215827344,251.0,278.0,False,False,False,15,15.0
2026-09-10,002790.SZ,2,0.10013003901170348,846.0,769.0,False,False,True,100,100.0
2026-09-10,600792.SH,2,0.09959349593495936,541.0,492.0,False,False,True,100,100.0
2026-09-10,600865.SH,5,-0.030443414956982107,1465.0,1511.0,False,False,False,35,35.0
2026-09-10,603042.SH,3,-0.10016068559185864,1680.0,1867.0,False,True,False,0,0.0
2026-09-10,605077.SH,2,-0.06894049346879527,1283.0,1378.0,False,False,False,15,15.0
2026-09-11,000565.SZ,2,-0.09860935524652337,713.0,791.0,False,False,False,15,15.0
2026-09-11,000978.SZ,4,0.018575851393188847,987.0,969.0,False,False,False,75,75.0
2026-09-11,000993.SZ,2,0.09984152139461178,1388.0,1262.0,False,False,True,100,100.0
2026-09-11,002377.SZ,2,-0.08645533141210382,317.0,347.0,False,False,False,15,15.0
2026-09-11,002790.SZ,3,0.10047281323877066,931.0,846.0,False,False,True,100,100.0
2026-09-11,600192.SH,2,-0.05990783410138245,816.0,868.0,False,False,False,15,15.0
2026-09-11,600359.SH,2,0.008298755186721962,972.0,964.0,False,False,False,75,75.0
2026-09-11,600792.SH,3,-0.04805914972273562,515.0,541.0,False,False,False,35,35.0
2026-09-11,603421.SH,2,0.10013717421124824,802.0,729.0,False,False,True,100,100.0
