year,scope,a,b,paired_n,pearson_r
2025,readings,mkt_hit,mkt_cont,243,-0.34648980564647475
2025,readings,mkt_hit,mkt_act,243,-0.4974099864897207
2025,readings,mkt_cont,mkt_act,243,0.20582849290536875
2025,components,mkt_all_drop_q,mkt_chain_drop_q,243,0.7640031210904263
2025,components,mkt_all_drop_q,mkt_ddens_q,243,0.6265651910982418
2025,components,mkt_all_drop_q,mkt_m1raw_q,243,-0.47988376819057993
2025,components,mkt_all_drop_q,mkt_ladder_q,243,-0.12873601590165792
2025,components,mkt_all_drop_q,mkt_max_height_q,243,-0.09232774148154815
2025,components,mkt_all_drop_q,mkt_log_ratio20_q,243,-0.1887620767659564
2025,components,mkt_all_drop_q,mkt_advance_pct_q,243,-0.43454670444211585
2025,components,mkt_all_drop_q,mkt_udens_q,243,-0.5410083174347519
2025,components,mkt_chain_drop_q,mkt_ddens_q,243,0.5707886842578354
2025,components,mkt_chain_drop_q,mkt_m1raw_q,243,-0.5277637717576169
2025,components,mkt_chain_drop_q,mkt_ladder_q,243,-0.13944635975818745
2025,components,mkt_chain_drop_q,mkt_max_height_q,243,-0.07333894065458865
2025,components,mkt_chain_drop_q,mkt_log_ratio20_q,243,-0.2170923392744542
2025,components,mkt_chain_drop_q,mkt_advance_pct_q,243,-0.24413698415784377
2025,components,mkt_chain_drop_q,mkt_udens_q,243,-0.3418956582471511
2025,components,mkt_ddens_q,mkt_m1raw_q,243,-0.3310942672341242
2025,components,mkt_ddens_q,mkt_ladder_q,243,-0.08523865435815547
2025,components,mkt_ddens_q,mkt_max_height_q,243,-0.13493919111624708
2025,components,mkt_ddens_q,mkt_log_ratio20_q,243,-0.2382787509966909
2025,components,mkt_ddens_q,mkt_advance_pct_q,243,-0.3836352645999227
2025,components,mkt_ddens_q,mkt_udens_q,243,-0.43868493171240175
2025,components,mkt_m1raw_q,mkt_ladder_q,243,0.48120104527060154
2025,components,mkt_m1raw_q,mkt_max_height_q,243,0.2905958579630586
2025,components,mkt_m1raw_q,mkt_log_ratio20_q,243,0.03174201180583654
2025,components,mkt_m1raw_q,mkt_advance_pct_q,243,0.18243823328610592
2025,components,mkt_m1raw_q,mkt_udens_q,243,0.35389769722215925
2025,components,mkt_ladder_q,mkt_max_height_q,243,0.6186590882506353
2025,components,mkt_ladder_q,mkt_log_ratio20_q,243,0.06524809887082474
2025,components,mkt_ladder_q,mkt_advance_pct_q,243,-0.029905163055998368
2025,components,mkt_ladder_q,mkt_udens_q,243,0.18087861183741646
2025,components,mkt_max_height_q,mkt_log_ratio20_q,243,0.16139373496910867
2025,components,mkt_max_height_q,mkt_advance_pct_q,243,-0.01826150404029762
2025,components,mkt_max_height_q,mkt_udens_q,243,0.16929670271253505
2025,components,mkt_log_ratio20_q,mkt_advance_pct_q,243,0.07949727513000635
2025,components,mkt_log_ratio20_q,mkt_udens_q,243,0.24401623136406628
2025,components,mkt_advance_pct_q,mkt_udens_q,243,0.7125806281878039
2026,readings,mkt_hit,mkt_cont,181,-0.4108144453371929
2026,readings,mkt_hit,mkt_act,181,-0.4983893177324324
2026,readings,mkt_cont,mkt_act,181,0.24387891045038573
2026,components,mkt_all_drop_q,mkt_chain_drop_q,181,0.7377025745242801
2026,components,mkt_all_drop_q,mkt_ddens_q,181,0.6441989470271967
2026,components,mkt_all_drop_q,mkt_m1raw_q,181,-0.4361319334920244
2026,components,mkt_all_drop_q,mkt_ladder_q,181,-0.29153629867548
2026,components,mkt_all_drop_q,mkt_max_height_q,181,-0.1835555200621792
2026,components,mkt_all_drop_q,mkt_log_ratio20_q,181,-0.24848867468086283
2026,components,mkt_all_drop_q,mkt_advance_pct_q,181,-0.4542717331585596
2026,components,mkt_all_drop_q,mkt_udens_q,181,-0.5157969149963877
2026,components,mkt_chain_drop_q,mkt_ddens_q,181,0.5242996839353723
2026,components,mkt_chain_drop_q,mkt_m1raw_q,181,-0.3686654626268042
2026,components,mkt_chain_drop_q,mkt_ladder_q,181,-0.3022397872781238
2026,components,mkt_chain_drop_q,mkt_max_height_q,181,-0.20900872953271418
2026,components,mkt_chain_drop_q,mkt_log_ratio20_q,181,-0.17569226993622705
2026,components,mkt_chain_drop_q,mkt_advance_pct_q,181,-0.2901271045928464
2026,components,mkt_chain_drop_q,mkt_udens_q,181,-0.3647829129267622
2026,components,mkt_ddens_q,mkt_m1raw_q,181,-0.36967217951058595
2026,components,mkt_ddens_q,mkt_ladder_q,181,-0.2916251911782511
2026,components,mkt_ddens_q,mkt_max_height_q,181,-0.1872275779885922
2026,components,mkt_ddens_q,mkt_log_ratio20_q,181,-0.06504956415152888
2026,components,mkt_ddens_q,mkt_advance_pct_q,181,-0.501513811463243
2026,components,mkt_ddens_q,mkt_udens_q,181,-0.3556080708756276
2026,components,mkt_m1raw_q,mkt_ladder_q,181,0.5753524372390497
2026,components,mkt_m1raw_q,mkt_max_height_q,181,0.44045975999478815
2026,components,mkt_m1raw_q,mkt_log_ratio20_q,181,-0.05997195053583478
2026,components,mkt_m1raw_q,mkt_advance_pct_q,181,0.29411309944385877
2026,components,mkt_m1raw_q,mkt_udens_q,181,0.23515493857710315
2026,components,mkt_ladder_q,mkt_max_height_q,181,0.7029616921618234
2026,components,mkt_ladder_q,mkt_log_ratio20_q,181,0.14328399734694405
2026,components,mkt_ladder_q,mkt_advance_pct_q,181,0.18185703351112945
2026,components,mkt_ladder_q,mkt_udens_q,181,0.22396173896103627
2026,components,mkt_max_height_q,mkt_log_ratio20_q,181,0.12115389605994131
2026,components,mkt_max_height_q,mkt_advance_pct_q,181,0.14148345973515608
2026,components,mkt_max_height_q,mkt_udens_q,181,0.1701041897607001
2026,components,mkt_log_ratio20_q,mkt_advance_pct_q,181,0.04222613298433374
2026,components,mkt_log_ratio20_q,mkt_udens_q,181,0.3309057710103803
2026,components,mkt_advance_pct_q,mkt_udens_q,181,0.6678796980762337
