trade_date,parameter,delta,baseline_weather,trial_weather,change_type
2025-01-24,hit,-3,sunny,thunder,weather
2025-02-14,hit,-3,sunny,thunder,weather
2025-07-14,hit,-3,cloudy,storm,weather
2025-11-17,hit,-3,sunny,thunder,weather
2025-12-16,hit,-3,overcast,storm,weather
2025-12-23,hit,-3,sunny,thunder,weather
2026-01-05,hit,-3,cloudy,thunder,weather
2026-02-05,hit,-3,overcast,storm,weather
2026-02-24,hit,-3,cloudy,storm,weather
2026-06-10,hit,-3,overcast,storm,weather
2026-06-26,hit,-3,cloudy,storm,weather
2026-07-15,hit,-3,cloudy,storm,weather
2026-09-09,hit,-3,overcast,storm,weather
2026-09-23,hit,-3,overcast,storm,weather
2025-03-25,hit,3,storm,overcast,weather
2025-04-02,hit,3,storm,overcast,weather
2025-05-16,hit,3,thunder,sunny,weather
2025-05-22,hit,3,storm,overcast,weather
2025-07-31,hit,3,thunder,sunny,weather
2025-11-19,hit,3,thunder,sunny,weather
2025-12-03,hit,3,thunder,sunny,weather
2026-02-11,hit,3,storm,overcast,weather
2026-03-31,hit,3,storm,overcast,weather
2026-06-02,hit,3,storm,overcast,weather
2026-07-21,hit,3,storm,cloudy,weather
2026-07-29,hit,3,storm,cloudy,weather
2026-08-21,hit,3,storm,overcast,weather
2026-09-02,hit,3,storm,overcast,weather
2025-01-10,cont_hit_high,-3,storm,thunder,weather
2025-01-13,cont_hit_high,-3,storm,thunder,weather
2025-04-18,cont_hit_high,-3,storm,thunder,weather
2025-01-17,cont_hit_high,3,thunder,storm,weather
2025-01-23,cont_hit_high,3,thunder,storm,weather
2026-09-24,cont_hit_high,3,thunder,storm,weather
2025-07-11,cont_hit_low,-3,cloudy,sunny,weather
2025-11-10,cont_hit_low,-3,cloudy,sunny,weather
2026-04-07,cont_hit_low,-3,cloudy,sunny,weather
2026-09-07,cont_hit_low,-3,cloudy,sunny,weather
2025-06-06,cont_hit_low,3,sunny,cloudy,weather
2025-06-09,cont_hit_low,3,sunny,cloudy,weather
2025-11-25,cont_hit_low,3,sunny,cloudy,weather
2025-12-19,cont_hit_low,3,sunny,cloudy,weather
2025-12-22,cont_hit_low,3,sunny,cloudy,weather
2026-01-14,cont_hit_low,3,sunny,cloudy,weather
2026-04-14,cont_hit_low,3,sunny,cloudy,weather
2026-05-13,cont_hit_low,3,sunny,cloudy,weather
2026-08-05,cont_hit_low,3,sunny,cloudy,weather
2026-08-13,cont_hit_low,3,sunny,cloudy,weather
2025-05-21,act,-3,overcast,cloudy,weather
2025-06-17,act,-3,overcast,cloudy,weather
2025-10-14,act,-3,overcast,cloudy,weather
2025-10-30,act,-3,overcast,cloudy,weather
2026-03-12,act,-3,overcast,cloudy,weather
2026-03-13,act,-3,overcast,cloudy,weather
2026-05-26,act,-3,overcast,cloudy,weather
2026-06-04,act,-3,overcast,cloudy,weather
2026-09-17,act,-3,overcast,cloudy,weather
2025-04-01,act,3,cloudy,overcast,weather
2025-08-01,act,3,cloudy,overcast,weather
2025-10-13,act,3,cloudy,overcast,weather
2026-01-27,act,3,cloudy,overcast,weather
2026-03-18,act,3,cloudy,overcast,weather
